Country,Age,EdLevel,DevType,OrgSize,RemoteWork,YearsCode,YearsCodePro,NumLanguages,AISearch,AICode,JobSat,ConvertedCompYearly
United Kingdom,25-34 years old,Associate's degree,Back-end developer,100-499,Hybrid,7,3,9,0,1,6,78500.0
Brazil,55-64 years old,Master's degree,Full-stack developer,20-99,Fully remote,25,21,5,1,0,6,58200.0
United States,35-44 years old,Master's degree,Data/business analyst,"10,000 or more",In-person,11,11,5,1,1,8,159200.0
India,35-44 years old,"Professional degree (JD, MD, etc.)",Back-end developer,100-499,Hybrid,15,15,3,1,1,4,41700.0
Russia,25-34 years old,Master's degree,Full-stack developer,Just me,In-person,8,7,3,1,1,9,32600.0
United States,25-34 years old,Bachelor's degree,Full-stack developer,2-9 employees,In-person,7,6,4,1,1,6,165100.0
India,18-24 years old,"Professional degree (JD, MD, etc.)",Full-stack developer,20-99,Hybrid,3,1,3,1,0,8,
India,45-54 years old,Master's degree,Full-stack developer,2-9 employees,Hybrid,18,16,3,1,0,7,31200.0
India,35-44 years old,Master's degree,Front-end developer,"10,000 or more",Hybrid,16,14,3,1,1,2,27600.0
United Kingdom,35-44 years old,High school/GED,DevOps/SRE/platform engineer,"10,000 or more",Fully remote,9,9,1,0,0,7,88900.0
Italy,18-24 years old,Bachelor's degree,Back-end developer,"10,000 or more",Fully remote,10,8,3,1,0,6,61400.0
India,55-64 years old,Master's degree,Front-end developer,"1,000-4,999",Hybrid,30,30,2,1,1,7,51000.0
Brazil,45-54 years old,Bachelor's degree,Data scientist/ML engineer,"1,000-4,999",Fully remote,22,18,5,1,1,8,81900.0
Poland,25-34 years old,Bachelor's degree,Back-end developer,"10,000 or more",Hybrid,6,3,2,1,1,5,40100.0
Canada,25-34 years old,Some college,Full-stack developer,"10,000 or more",Fully remote,9,5,4,1,1,1,66100.0
United States,25-34 years old,Bachelor's degree,Full-stack developer,"10,000 or more",Hybrid,4,4,5,1,1,5,97700.0
United Kingdom,25-34 years old,Bachelor's degree,DevOps/SRE/platform engineer,"10,000 or more",In-person,8,8,2,1,1,4,133400.0
Sweden,25-34 years old,Bachelor's degree,DevOps/SRE/platform engineer,"1,000-4,999",Hybrid,9,6,4,0,1,6,103900.0
India,25-34 years old,Bachelor's degree,Full-stack developer,Just me,Hybrid,4,3,6,1,1,4,24200.0
France,25-34 years old,Master's degree,Full-stack developer,100-499,Fully remote,12,11,1,1,1,3,118600.0
Sweden,35-44 years old,Bachelor's degree,Data scientist/ML engineer,"1,000-4,999",In-person,13,12,5,1,0,9,100500.0
Netherlands,18-24 years old,Associate's degree,Back-end developer,100-499,Hybrid,6,4,3,0,1,4,95500.0
Brazil,25-34 years old,Some college,Data scientist/ML engineer,"10,000 or more",Hybrid,4,3,2,1,0,6,37800.0
Sweden,25-34 years old,Bachelor's degree,Full-stack developer,"5,000-9,999",Hybrid,8,6,3,0,0,1,68800.0
United States,25-34 years old,Master's degree,Data/business analyst,500-999,Fully remote,8,6,4,1,1,8,173500.0
Netherlands,35-44 years old,Master's degree,Data scientist/ML engineer,Just me,Fully remote,7,6,1,1,1,7,
India,25-34 years old,Bachelor's degree,Full-stack developer,20-99,Hybrid,12,11,3,1,1,9,
India,25-34 years old,Bachelor's degree,Front-end developer,20-99,In-person,12,9,2,1,0,2,46400.0
United Kingdom,35-44 years old,Master's degree,Full-stack developer,20-99,Hybrid,14,11,1,1,1,4,124300.0
United States,18-24 years old,Some college,Back-end developer,500-999,In-person,2,0,1,1,1,5,144800.0
India,35-44 years old,Bachelor's degree,Front-end developer,2-9 employees,Hybrid,16,13,3,0,1,9,39800.0
United States,25-34 years old,Bachelor's degree,Back-end developer,Just me,Hybrid,7,5,4,1,0,6,129800.0
United States,18-24 years old,Some college,Front-end developer,100-499,Hybrid,3,3,1,1,1,4,131000.0
India,55-64 years old,High school/GED,Full-stack developer,"5,000-9,999",Hybrid,31,29,7,1,1,9,34500.0
Netherlands,55-64 years old,Bachelor's degree,Data scientist/ML engineer,2-9 employees,Hybrid,32,30,3,1,0,5,95500.0
United States,35-44 years old,High school/GED,Back-end developer,"10,000 or more",Hybrid,19,16,4,1,1,6,171200.0
United Kingdom,25-34 years old,Some college,Data scientist/ML engineer,100-499,Hybrid,7,7,5,1,1,8,106100.0
Poland,18-24 years old,Bachelor's degree,Full-stack developer,2-9 employees,Hybrid,4,0,5,1,0,6,42100.0
India,35-44 years old,High school/GED,Back-end developer,500-999,Hybrid,20,16,6,1,0,1,23700.0
Ukraine,25-34 years old,Bachelor's degree,Back-end developer,"10,000 or more",In-person,14,10,3,1,1,10,57100.0
Spain,18-24 years old,Some college,Back-end developer,100-499,Fully remote,11,11,11,1,1,5,76200.0
India,25-34 years old,Bachelor's degree,Back-end developer,"1,000-4,999",Fully remote,3,2,3,1,1,5,38700.0
Italy,18-24 years old,Master's degree,Back-end developer,"5,000-9,999",Fully remote,2,2,1,1,0,4,62300.0
France,45-54 years old,Bachelor's degree,Engineer (other),"5,000-9,999",Hybrid,17,14,2,1,0,4,
India,25-34 years old,Bachelor's degree,Full-stack developer,2-9 employees,Hybrid,9,7,3,1,0,7,25600.0
France,35-44 years old,Some college,Data scientist/ML engineer,"1,000-4,999",Hybrid,12,10,4,1,1,10,134000.0
France,25-34 years old,Bachelor's degree,Front-end developer,"10,000 or more",In-person,14,11,6,1,1,8,160000.0
Canada,25-34 years old,Some college,Back-end developer,"1,000-4,999",Hybrid,6,3,5,0,1,8,83800.0
Brazil,25-34 years old,High school/GED,Front-end developer,"10,000 or more",Fully remote,2,0,4,1,1,6,31800.0
India,25-34 years old,Master's degree,DevOps/SRE/platform engineer,100-499,In-person,5,4,4,1,1,9,
Italy,55-64 years old,"Professional degree (JD, MD, etc.)",Back-end developer,20-99,Hybrid,23,22,3,0,1,7,64400.0
Spain,35-44 years old,Bachelor's degree,DevOps/SRE/platform engineer,"1,000-4,999",Fully remote,15,14,7,1,1,7,162200.0
Poland,55-64 years old,High school/GED,Full-stack developer,100-499,Hybrid,25,22,5,0,1,10,93100.0
United States,45-54 years old,Master's degree,Front-end developer,"10,000 or more",Hybrid,22,20,2,1,1,7,147400.0
Canada,35-44 years old,High school/GED,Back-end developer,"10,000 or more",Fully remote,8,6,6,1,1,9,71300.0
Brazil,45-54 years old,Master's degree,Back-end developer,"5,000-9,999",Hybrid,21,19,2,1,1,7,46100.0
Spain,18-24 years old,Bachelor's degree,Front-end developer,"10,000 or more",Fully remote,6,6,4,1,1,4,46700.0
Ukraine,25-34 years old,Bachelor's degree,Back-end developer,20-99,Hybrid,6,6,1,1,1,10,42500.0
Ukraine,18-24 years old,Bachelor's degree,Back-end developer,"10,000 or more",Fully remote,4,0,2,1,1,8,27200.0
India,25-34 years old,"Other doctoral degree (Ph.D, Ed.D, etc.)",Back-end developer,20-99,In-person,5,5,1,0,1,4,39000.0
Russia,25-34 years old,Master's degree,Front-end developer,2-9 employees,In-person,6,5,5,1,1,8,52700.0
United States,25-34 years old,Bachelor's degree,Back-end developer,"1,000-4,999",Hybrid,7,6,7,1,1,6,180700.0
India,45-54 years old,Master's degree,Back-end developer,100-499,Hybrid,17,16,1,1,1,9,55000.0
United States,25-34 years old,Bachelor's degree,Full-stack developer,"10,000 or more",Fully remote,8,7,6,1,1,5,173000.0
Russia,25-34 years old,Master's degree,Data scientist/ML engineer,100-499,Hybrid,4,0,6,0,1,10,54900.0
Ukraine,25-34 years old,Master's degree,Data scientist/ML engineer,"10,000 or more",Fully remote,4,3,1,1,1,5,42800.0
India,25-34 years old,High school/GED,Full-stack developer,2-9 employees,In-person,7,4,3,1,1,10,22400.0
India,35-44 years old,Bachelor's degree,Full-stack developer,"10,000 or more",Fully remote,17,14,3,1,0,8,27900.0
Italy,18-24 years old,"Other doctoral degree (Ph.D, Ed.D, etc.)",Full-stack developer,"5,000-9,999",Hybrid,5,2,5,1,1,10,77800.0
United Kingdom,65 years or older,"Other doctoral degree (Ph.D, Ed.D, etc.)",DevOps/SRE/platform engineer,"1,000-4,999",In-person,31,31,7,1,1,8,176700.0
Germany,35-44 years old,High school/GED,Data scientist/ML engineer,20-99,Fully remote,11,9,4,1,1,8,84100.0
Germany,25-34 years old,Associate's degree,Full-stack developer,"5,000-9,999",Fully remote,10,6,1,1,1,3,81000.0
Brazil,18-24 years old,"Other doctoral degree (Ph.D, Ed.D, etc.)",DevOps/SRE/platform engineer,100-499,Fully remote,4,1,5,1,0,1,48900.0
Sweden,35-44 years old,Bachelor's degree,Full-stack developer,"1,000-4,999",In-person,13,10,1,1,1,3,93800.0
India,35-44 years old,Bachelor's degree,Full-stack developer,500-999,Hybrid,12,11,1,1,1,6,27900.0
United States,35-44 years old,Some college,Mobile developer,10-19,Hybrid,17,14,3,0,1,6,212500.0
United States,35-44 years old,Master's degree,DevOps/SRE/platform engineer,2-9 employees,Fully remote,11,10,4,1,1,4,173600.0
United States,18-24 years old,Bachelor's degree,Data scientist/ML engineer,20-99,Hybrid,2,1,5,1,0,2,160000.0
United Kingdom,25-34 years old,Some college,Back-end developer,"10,000 or more",Hybrid,14,12,2,0,0,8,81900.0
Ukraine,18-24 years old,Associate's degree,Back-end developer,100-499,Fully remote,0,0,4,0,1,4,25900.0
Brazil,45-54 years old,"Professional degree (JD, MD, etc.)",DevOps/SRE/platform engineer,"5,000-9,999",Fully remote,15,14,10,1,1,10,62300.0
Italy,35-44 years old,Master's degree,Front-end developer,500-999,Fully remote,15,14,5,1,1,3,62300.0
Russia,25-34 years old,Master's degree,Full-stack developer,"10,000 or more",Hybrid,5,3,6,1,1,6,28600.0
Germany,18-24 years old,Bachelor's degree,Back-end developer,20-99,Hybrid,2,1,2,0,1,7,83800.0
Germany,25-34 years old,"Professional degree (JD, MD, etc.)",DevOps/SRE/platform engineer,2-9 employees,In-person,7,3,7,1,0,5,122500.0
Canada,25-34 years old,Master's degree,Mobile developer,"5,000-9,999",Fully remote,4,4,2,1,1,7,118800.0
United States,35-44 years old,Master's degree,Front-end developer,"1,000-4,999",Hybrid,21,17,6,1,1,3,177500.0
Canada,35-44 years old,"Other doctoral degree (Ph.D, Ed.D, etc.)",Data scientist/ML engineer,100-499,Hybrid,17,14,3,1,0,1,133800.0
Germany,45-54 years old,Bachelor's degree,Full-stack developer,20-99,Fully remote,23,23,3,0,0,8,135700.0
France,25-34 years old,Bachelor's degree,Front-end developer,10-19,Fully remote,4,1,4,1,1,9,56900.0
United Kingdom,18-24 years old,"Professional degree (JD, MD, etc.)",Desktop/embedded developer,100-499,Fully remote,1,0,4,1,0,7,
India,35-44 years old,Master's degree,Full-stack developer,"1,000-4,999",Hybrid,5,3,6,1,1,5,32100.0
Canada,35-44 years old,Bachelor's degree,DevOps/SRE/platform engineer,500-999,Hybrid,14,10,6,1,1,6,148000.0
India,35-44 years old,High school/GED,Mobile developer,100-499,Fully remote,18,15,4,1,1,7,
United States,35-44 years old,Master's degree,Full-stack developer,100-499,Hybrid,15,14,4,1,1,2,176600.0
France,25-34 years old,Bachelor's degree,DevOps/SRE/platform engineer,2-9 employees,Fully remote,8,4,6,1,1,3,93900.0
India,25-34 years old,Some college,Desktop/embedded developer,"1,000-4,999",Fully remote,9,5,3,1,1,10,21200.0
Russia,25-34 years old,Master's degree,Front-end developer,"1,000-4,999",Hybrid,6,3,5,1,0,8,
United States,18-24 years old,Bachelor's degree,DevOps/SRE/platform engineer,Just me,Fully remote,3,2,3,1,1,8,124500.0
Canada,18-24 years old,Bachelor's degree,Full-stack developer,20-99,Hybrid,6,4,9,1,1,3,79800.0
United Kingdom,18-24 years old,Master's degree,Data scientist/ML engineer,2-9 employees,In-person,3,0,5,1,1,5,122300.0
United States,35-44 years old,Bachelor's degree,Back-end developer,"10,000 or more",In-person,17,13,2,0,0,6,149400.0
Germany,25-34 years old,High school/GED,Data scientist/ML engineer,500-999,Fully remote,12,8,3,1,1,4,124700.0
France,25-34 years old,Bachelor's degree,Back-end developer,100-499,In-person,4,4,8,0,1,9,68700.0
India,45-54 years old,Some college,Full-stack developer,100-499,Hybrid,23,22,5,1,1,7,45600.0
United States,25-34 years old,Associate's degree,Back-end developer,"10,000 or more",In-person,13,13,6,1,1,4,130800.0
Canada,25-34 years old,Less than high school,Full-stack developer,"1,000-4,999",Fully remote,7,5,4,1,0,8,76600.0
United States,35-44 years old,Some college,Full-stack developer,10-19,In-person,16,13,2,1,1,7,154800.0
France,25-34 years old,Bachelor's degree,Full-stack developer,100-499,Hybrid,7,3,6,1,1,4,85000.0
Australia,18-24 years old,Bachelor's degree,Data scientist/ML engineer,"5,000-9,999",Hybrid,3,2,4,1,0,9,107200.0
United States,25-34 years old,"Professional degree (JD, MD, etc.)",DevOps/SRE/platform engineer,100-499,Fully remote,10,6,4,1,0,4,142500.0
Germany,25-34 years old,Bachelor's degree,Mobile developer,20-99,Hybrid,6,6,2,1,0,8,65500.0
Germany,45-54 years old,Master's degree,DevOps/SRE/platform engineer,"10,000 or more",Fully remote,17,17,7,1,1,6,145000.0
Canada,35-44 years old,Bachelor's degree,DevOps/SRE/platform engineer,"10,000 or more",Hybrid,16,13,7,1,0,8,194300.0
India,35-44 years old,Master's degree,Full-stack developer,"10,000 or more",In-person,17,16,2,1,0,6,37900.0
India,45-54 years old,Bachelor's degree,Data scientist/ML engineer,10-19,Hybrid,22,21,4,0,1,5,64100.0
United States,35-44 years old,Bachelor's degree,Data scientist/ML engineer,20-99,Hybrid,18,15,6,0,0,10,243600.0
United States,25-34 years old,Associate's degree,Full-stack developer,100-499,Hybrid,4,4,4,1,1,8,147900.0
United Kingdom,45-54 years old,Bachelor's degree,Desktop/embedded developer,"10,000 or more",Fully remote,22,22,7,1,1,9,86400.0
United States,25-34 years old,Bachelor's degree,Back-end developer,"1,000-4,999",Hybrid,6,6,4,1,0,6,167300.0
United States,35-44 years old,Bachelor's degree,Mobile developer,"10,000 or more",In-person,13,9,2,1,1,6,
India,45-54 years old,Master's degree,Desktop/embedded developer,"10,000 or more",In-person,23,21,5,1,1,4,43900.0
United States,25-34 years old,Bachelor's degree,Data/business analyst,"5,000-9,999",Fully remote,2,2,3,1,0,6,127500.0
United States,18-24 years old,High school/GED,Full-stack developer,20-99,Fully remote,2,0,3,1,1,10,93300.0
India,25-34 years old,Bachelor's degree,Full-stack developer,20-99,In-person,8,6,3,1,1,7,36200.0
United States,25-34 years old,Master's degree,Engineer (other),20-99,In-person,7,6,9,1,1,8,187400.0
Netherlands,35-44 years old,Bachelor's degree,Full-stack developer,20-99,Hybrid,11,8,2,1,1,8,62900.0
United States,45-54 years old,Master's degree,Back-end developer,20-99,Fully remote,27,23,4,1,1,4,220200.0
Poland,18-24 years old,Bachelor's degree,Front-end developer,"5,000-9,999",In-person,5,3,5,0,0,2,
India,25-34 years old,Bachelor's degree,DevOps/SRE/platform engineer,2-9 employees,Hybrid,7,3,4,1,1,3,28200.0
France,25-34 years old,Master's degree,Full-stack developer,"1,000-4,999",In-person,1,0,2,1,1,8,85000.0
United States,25-34 years old,Master's degree,Full-stack developer,"10,000 or more",Fully remote,5,5,4,1,0,7,166100.0
Ukraine,18-24 years old,Some college,Front-end developer,2-9 employees,In-person,2,0,3,0,1,9,23000.0
Poland,25-34 years old,Bachelor's degree,Back-end developer,2-9 employees,In-person,8,5,1,1,1,6,86600.0
United States,55-64 years old,Master's degree,Back-end developer,20-99,Hybrid,28,27,6,1,0,3,224000.0
United States,25-34 years old,High school/GED,DevOps/SRE/platform engineer,20-99,Hybrid,4,0,3,1,0,10,102800.0
France,25-34 years old,Master's degree,Data scientist/ML engineer,500-999,Fully remote,4,4,4,0,0,6,109200.0
Ukraine,35-44 years old,Bachelor's degree,DevOps/SRE/platform engineer,"1,000-4,999",In-person,15,11,3,1,1,9,30500.0
Germany,25-34 years old,Bachelor's degree,Full-stack developer,"1,000-4,999",Hybrid,10,7,6,0,1,2,105200.0
Germany,55-64 years old,Master's degree,Desktop/embedded developer,20-99,In-person,28,26,7,1,1,6,
United States,55-64 years old,Bachelor's degree,Engineer (other),100-499,Hybrid,36,33,2,1,0,7,235300.0
India,25-34 years old,"Other doctoral degree (Ph.D, Ed.D, etc.)",Front-end developer,"1,000-4,999",In-person,4,0,4,1,1,7,22500.0
India,25-34 years old,Master's degree,Full-stack developer,2-9 employees,In-person,13,9,2,1,1,8,
India,25-34 years old,Master's degree,Security professional,20-99,Hybrid,7,4,1,1,1,9,35100.0
United States,25-34 years old,High school/GED,Front-end developer,"10,000 or more",Hybrid,11,8,7,1,0,8,
United States,18-24 years old,"Professional degree (JD, MD, etc.)",DevOps/SRE/platform engineer,20-99,Hybrid,5,2,3,1,1,6,
France,35-44 years old,Master's degree,Full-stack developer,"5,000-9,999",Hybrid,15,15,3,1,1,10,119400.0
France,25-34 years old,Associate's degree,Desktop/embedded developer,20-99,Hybrid,8,4,7,1,0,9,88500.0
India,18-24 years old,Bachelor's degree,Mobile developer,2-9 employees,In-person,1,0,3,1,1,8,29400.0
Russia,25-34 years old,Bachelor's degree,Front-end developer,100-499,Hybrid,9,9,8,1,1,7,33800.0
India,45-54 years old,"Other doctoral degree (Ph.D, Ed.D, etc.)",Full-stack developer,"10,000 or more",In-person,20,20,3,1,0,7,67400.0
India,25-34 years old,Master's degree,Full-stack developer,"5,000-9,999",In-person,6,6,7,1,1,8,
Brazil,25-34 years old,"Other doctoral degree (Ph.D, Ed.D, etc.)",Full-stack developer,20-99,In-person,10,9,8,1,0,7,39600.0
Poland,25-34 years old,Master's degree,Back-end developer,"10,000 or more",In-person,5,2,5,1,1,10,53700.0
Spain,65 years or older,Bachelor's degree,Desktop/embedded developer,100-499,Fully remote,41,37,3,0,1,8,73400.0
United States,25-34 years old,Associate's degree,Full-stack developer,2-9 employees,Hybrid,5,3,1,1,1,5,122100.0
United States,35-44 years old,Associate's degree,Full-stack developer,Just me,Hybrid,14,12,5,1,0,8,150100.0
France,35-44 years old,Some college,Back-end developer,100-499,Fully remote,16,12,3,1,1,7,
India,25-34 years old,Bachelor's degree,Back-end developer,100-499,Fully remote,1,0,1,1,0,4,
United States,35-44 years old,"Professional degree (JD, MD, etc.)",Front-end developer,2-9 employees,Hybrid,12,10,3,0,1,7,128100.0
Canada,25-34 years old,"Other doctoral degree (Ph.D, Ed.D, etc.)",Desktop/embedded developer,"10,000 or more",Hybrid,9,9,3,1,0,9,127700.0
India,35-44 years old,Bachelor's degree,DevOps/SRE/platform engineer,"1,000-4,999",Fully remote,17,15,6,0,0,1,38300.0
India,35-44 years old,Master's degree,Full-stack developer,"5,000-9,999",Fully remote,16,12,1,1,0,9,38300.0
India,25-34 years old,Bachelor's degree,Front-end developer,500-999,Fully remote,6,6,3,0,1,8,23300.0
United States,18-24 years old,Bachelor's degree,Back-end developer,"1,000-4,999",Hybrid,3,1,2,0,1,8,217100.0
United States,45-54 years old,Master's degree,Full-stack developer,100-499,Hybrid,28,24,2,1,0,9,175900.0
Germany,25-34 years old,Bachelor's degree,Front-end developer,"1,000-4,999",Hybrid,5,4,3,0,1,10,122000.0
India,25-34 years old,"Other doctoral degree (Ph.D, Ed.D, etc.)",DevOps/SRE/platform engineer,"10,000 or more",Hybrid,10,6,4,1,1,5,31300.0
Spain,18-24 years old,Master's degree,Full-stack developer,"1,000-4,999",Hybrid,6,5,1,1,1,9,64900.0
United States,35-44 years old,Master's degree,Full-stack developer,20-99,Fully remote,10,10,3,1,0,5,
Spain,35-44 years old,Bachelor's degree,Data scientist/ML engineer,20-99,Fully remote,21,17,2,1,1,4,101100.0
India,18-24 years old,Some college,Desktop/embedded developer,"10,000 or more",Hybrid,3,0,6,1,1,7,21300.0
India,25-34 years old,Bachelor's degree,Back-end developer,10-19,Hybrid,13,10,5,1,0,10,35200.0
India,25-34 years old,Master's degree,Desktop/embedded developer,"5,000-9,999",Hybrid,7,4,5,1,0,2,41500.0
India,35-44 years old,"Other doctoral degree (Ph.D, Ed.D, etc.)",Data/business analyst,100-499,In-person,14,11,5,1,1,7,25800.0
United Kingdom,25-34 years old,Bachelor's degree,Full-stack developer,100-499,Fully remote,3,0,6,1,1,8,
India,35-44 years old,Master's degree,Full-stack developer,"1,000-4,999",Hybrid,12,11,6,1,0,8,
France,25-34 years old,Bachelor's degree,Full-stack developer,10-19,In-person,6,2,4,0,1,7,83100.0
Germany,55-64 years old,Bachelor's degree,Data scientist/ML engineer,100-499,Hybrid,26,26,6,0,1,7,96800.0
France,18-24 years old,Master's degree,Back-end developer,2-9 employees,Fully remote,4,1,3,1,1,7,102100.0
Canada,25-34 years old,Master's degree,Engineer (other),"1,000-4,999",In-person,11,8,3,1,1,8,73800.0
India,18-24 years old,Associate's degree,Data scientist/ML engineer,2-9 employees,In-person,2,2,6,1,1,6,27400.0
Australia,45-54 years old,Bachelor's degree,Back-end developer,2-9 employees,Hybrid,21,21,4,1,1,5,122100.0
Netherlands,45-54 years old,Bachelor's degree,Full-stack developer,"10,000 or more",Fully remote,20,17,3,1,1,5,116700.0
Italy,25-34 years old,Some college,Front-end developer,100-499,In-person,3,2,6,1,1,8,46100.0
United States,35-44 years old,"Professional degree (JD, MD, etc.)",Full-stack developer,20-99,Hybrid,17,17,3,0,0,10,189200.0
Spain,35-44 years old,Bachelor's degree,Mobile developer,500-999,Hybrid,14,10,5,0,1,5,71300.0
Spain,25-34 years old,Some college,Back-end developer,100-499,In-person,14,10,5,1,1,5,83600.0
France,25-34 years old,Some college,Full-stack developer,100-499,Hybrid,5,4,2,0,1,8,128700.0
United Kingdom,25-34 years old,"Other doctoral degree (Ph.D, Ed.D, etc.)",Front-end developer,"10,000 or more",Hybrid,7,5,2,1,1,1,59000.0
Sweden,18-24 years old,Master's degree,Full-stack developer,"1,000-4,999",Fully remote,6,5,5,1,1,9,81800.0
Sweden,45-54 years old,Master's degree,Front-end developer,10-19,Fully remote,27,24,1,0,0,6,123300.0
France,45-54 years old,High school/GED,Full-stack developer,500-999,In-person,22,20,3,1,1,9,82200.0
India,35-44 years old,Master's degree,Front-end developer,2-9 employees,Hybrid,14,11,8,1,1,8,34200.0
Australia,25-34 years old,Bachelor's degree,Front-end developer,20-99,Fully remote,9,5,1,0,1,8,91200.0
United States,25-34 years old,Master's degree,Front-end developer,"10,000 or more",Hybrid,6,6,3,1,1,4,
India,35-44 years old,"Other doctoral degree (Ph.D, Ed.D, etc.)",Desktop/embedded developer,100-499,Hybrid,18,15,6,1,1,6,57100.0
Italy,45-54 years old,Some college,Full-stack developer,"10,000 or more",In-person,24,20,3,1,1,5,
Australia,45-54 years old,Bachelor's degree,Back-end developer,10-19,Fully remote,23,22,4,1,1,8,116500.0
Ukraine,35-44 years old,High school/GED,Back-end developer,20-99,Hybrid,20,17,3,1,0,1,
Canada,35-44 years old,Bachelor's degree,Back-end developer,20-99,Hybrid,17,13,6,1,0,7,90500.0
India,18-24 years old,Bachelor's degree,Engineer (other),20-99,Hybrid,2,2,3,0,1,9,20300.0
Italy,25-34 years old,"Professional degree (JD, MD, etc.)",Full-stack developer,"1,000-4,999",In-person,3,0,8,1,1,2,42700.0
India,45-54 years old,Bachelor's degree,Desktop/embedded developer,500-999,In-person,16,12,3,1,1,5,47200.0
Poland,35-44 years old,Master's degree,Back-end developer,500-999,Fully remote,16,13,5,1,1,4,89800.0
United Kingdom,18-24 years old,Master's degree,Back-end developer,500-999,Fully remote,1,1,3,1,1,10,80500.0
United States,18-24 years old,"Other doctoral degree (Ph.D, Ed.D, etc.)",Data scientist/ML engineer,"1,000-4,999",Hybrid,3,0,4,1,1,10,152500.0
United States,35-44 years old,Bachelor's degree,Full-stack developer,"10,000 or more",In-person,16,13,6,1,1,3,135000.0
India,18-24 years old,Bachelor's degree,Data scientist/ML engineer,100-499,Hybrid,5,1,4,0,1,4,24600.0
United Kingdom,25-34 years old,High school/GED,Full-stack developer,"5,000-9,999",Hybrid,10,8,2,1,1,1,91100.0
United States,25-34 years old,High school/GED,Back-end developer,100-499,Hybrid,8,5,9,1,1,7,133500.0
India,35-44 years old,Bachelor's degree,Data scientist/ML engineer,"1,000-4,999",Fully remote,12,10,9,1,0,8,32700.0
Canada,35-44 years old,High school/GED,Full-stack developer,"10,000 or more",In-person,16,15,3,0,1,8,143700.0
Brazil,25-34 years old,Bachelor's degree,Data scientist/ML engineer,2-9 employees,Hybrid,7,4,1,1,1,5,64000.0
United States,35-44 years old,Less than high school,Full-stack developer,100-499,Hybrid,16,14,1,1,0,4,101400.0
France,25-34 years old,Bachelor's degree,Data scientist/ML engineer,"10,000 or more",Hybrid,5,4,6,1,0,2,66500.0
United States,25-34 years old,Bachelor's degree,Back-end developer,100-499,Hybrid,7,3,4,0,1,8,150600.0
United States,35-44 years old,Some college,Desktop/embedded developer,"10,000 or more",Hybrid,15,12,5,1,0,5,229400.0
United States,35-44 years old,Bachelor's degree,Mobile developer,10-19,In-person,16,12,4,1,1,3,131100.0
France,45-54 years old,Bachelor's degree,Back-end developer,500-999,Hybrid,22,21,3,1,0,6,132800.0
United States,35-44 years old,Master's degree,Full-stack developer,"10,000 or more",Fully remote,15,11,4,0,1,4,158500.0
United States,35-44 years old,Bachelor's degree,DevOps/SRE/platform engineer,100-499,Hybrid,10,6,4,1,0,7,184600.0
United States,18-24 years old,Master's degree,Full-stack developer,100-499,In-person,0,0,9,1,1,4,85400.0
Ukraine,25-34 years old,Some college,Front-end developer,2-9 employees,Fully remote,8,7,3,1,0,10,25800.0
Russia,25-34 years old,High school/GED,Mobile developer,2-9 employees,In-person,8,4,3,1,1,6,33900.0
United States,25-34 years old,High school/GED,Desktop/embedded developer,100-499,Hybrid,6,4,2,1,1,7,119400.0
India,55-64 years old,Bachelor's degree,Full-stack developer,"10,000 or more",Hybrid,32,31,3,1,1,7,
Ukraine,25-34 years old,Master's degree,Full-stack developer,"10,000 or more",Hybrid,3,3,3,1,0,9,30300.0
United States,45-54 years old,Some college,Full-stack developer,"1,000-4,999",Hybrid,18,15,8,1,0,10,131700.0
United States,35-44 years old,Master's degree,Back-end developer,"10,000 or more",Fully remote,16,12,4,0,1,6,216700.0
United States,35-44 years old,Bachelor's degree,Full-stack developer,"1,000-4,999",In-person,13,11,5,1,1,6,151000.0
Italy,25-34 years old,"Other doctoral degree (Ph.D, Ed.D, etc.)",Data scientist/ML engineer,"1,000-4,999",Hybrid,2,2,6,0,1,4,80100.0
Poland,35-44 years old,Master's degree,Back-end developer,"5,000-9,999",In-person,12,11,5,0,1,4,94900.0
United States,25-34 years old,Master's degree,Mobile developer,100-499,Hybrid,10,6,2,1,1,8,149900.0
United States,25-34 years old,Bachelor's degree,DevOps/SRE/platform engineer,100-499,In-person,5,5,4,1,0,6,179100.0
Sweden,35-44 years old,"Other doctoral degree (Ph.D, Ed.D, etc.)",Mobile developer,10-19,Hybrid,13,13,4,1,1,9,144800.0
Germany,25-34 years old,"Other doctoral degree (Ph.D, Ed.D, etc.)",Full-stack developer,"10,000 or more",Hybrid,12,10,8,1,1,7,107100.0
Canada,18-24 years old,Bachelor's degree,Front-end developer,2-9 employees,In-person,3,0,6,1,1,5,71900.0
India,35-44 years old,Bachelor's degree,Back-end developer,20-99,Hybrid,16,13,2,1,1,8,44500.0
Poland,25-34 years old,Bachelor's degree,Full-stack developer,100-499,Hybrid,6,3,8,0,0,7,56500.0
United States,55-64 years old,Bachelor's degree,Front-end developer,"10,000 or more",Hybrid,26,25,4,1,0,9,221400.0
Netherlands,55-64 years old,Bachelor's degree,DevOps/SRE/platform engineer,"5,000-9,999",Hybrid,26,26,1,1,1,6,
United States,45-54 years old,Bachelor's degree,Full-stack developer,20-99,Hybrid,20,19,3,0,1,5,170500.0
United States,25-34 years old,"Professional degree (JD, MD, etc.)",Full-stack developer,"1,000-4,999",Hybrid,6,6,2,1,0,6,169800.0
Germany,18-24 years old,Bachelor's degree,Full-stack developer,"10,000 or more",Hybrid,11,9,7,1,0,9,89100.0
Australia,45-54 years old,Master's degree,Data scientist/ML engineer,100-499,Hybrid,20,18,3,1,0,9,103100.0
India,25-34 years old,Bachelor's degree,Mobile developer,100-499,Fully remote,5,4,9,1,1,9,37000.0
United States,55-64 years old,Master's degree,Full-stack developer,500-999,Fully remote,29,28,3,0,1,9,161100.0
United Kingdom,55-64 years old,Bachelor's degree,Back-end developer,20-99,In-person,31,29,4,1,1,6,127400.0
France,45-54 years old,Bachelor's degree,Mobile developer,"10,000 or more",In-person,25,21,7,1,1,7,108600.0
Poland,25-34 years old,Bachelor's degree,Back-end developer,"5,000-9,999",Fully remote,12,9,6,1,1,8,66100.0
India,25-34 years old,Bachelor's degree,Data scientist/ML engineer,"1,000-4,999",In-person,3,0,6,1,0,9,
United States,45-54 years old,Master's degree,Full-stack developer,500-999,Hybrid,15,13,1,0,1,6,129000.0
Canada,25-34 years old,Some college,Back-end developer,"10,000 or more",Fully remote,7,4,2,1,1,7,90000.0
India,25-34 years old,Bachelor's degree,Back-end developer,20-99,Hybrid,12,8,5,0,1,5,35200.0
Ukraine,25-34 years old,Associate's degree,Data scientist/ML engineer,20-99,In-person,4,0,1,1,1,8,34900.0
Germany,55-64 years old,Master's degree,Full-stack developer,20-99,Fully remote,19,19,5,0,1,8,117000.0
Germany,35-44 years old,Bachelor's degree,Full-stack developer,"1,000-4,999",Hybrid,15,14,4,1,1,7,86600.0
India,35-44 years old,Master's degree,Back-end developer,"5,000-9,999",Fully remote,16,13,4,1,1,7,49700.0
India,18-24 years old,Some college,Front-end developer,500-999,Hybrid,4,0,3,1,1,9,34400.0
United Kingdom,35-44 years old,Bachelor's degree,DevOps/SRE/platform engineer,"1,000-4,999",Hybrid,10,9,8,1,1,9,115800.0
India,65 years or older,Master's degree,DevOps/SRE/platform engineer,20-99,Fully remote,33,32,1,1,1,3,64200.0
Russia,25-34 years old,Some college,Full-stack developer,2-9 employees,In-person,5,5,8,1,1,8,23200.0
Germany,25-34 years old,Master's degree,DevOps/SRE/platform engineer,20-99,In-person,4,3,2,0,1,4,131600.0
India,45-54 years old,Associate's degree,Full-stack developer,500-999,In-person,22,21,3,1,1,4,33600.0
United States,35-44 years old,Bachelor's degree,Back-end developer,"5,000-9,999",Hybrid,5,3,2,1,0,6,129800.0
France,35-44 years old,Bachelor's degree,Data scientist/ML engineer,"5,000-9,999",Fully remote,9,9,2,1,1,7,137200.0
United States,35-44 years old,Bachelor's degree,Full-stack developer,10-19,Hybrid,9,9,3,1,1,3,136400.0
Germany,25-34 years old,Bachelor's degree,Full-stack developer,2-9 employees,In-person,7,4,4,1,1,7,103600.0
United Kingdom,25-34 years old,Master's degree,Back-end developer,"10,000 or more",Hybrid,4,3,1,1,1,4,85900.0
India,35-44 years old,Bachelor's degree,Data scientist/ML engineer,2-9 employees,In-person,17,14,1,1,0,7,29300.0
Poland,35-44 years old,Bachelor's degree,Front-end developer,100-499,Hybrid,10,6,3,1,1,9,
France,45-54 years old,High school/GED,Back-end developer,2-9 employees,Hybrid,21,20,6,1,1,3,97300.0
Sweden,45-54 years old,Master's degree,DevOps/SRE/platform engineer,500-999,Hybrid,26,22,7,1,1,6,150700.0
United Kingdom,25-34 years old,Master's degree,Data scientist/ML engineer,20-99,In-person,13,11,5,1,1,5,128900.0
United Kingdom,25-34 years old,Associate's degree,Data scientist/ML engineer,20-99,In-person,5,4,2,1,0,7,120600.0
India,35-44 years old,Associate's degree,Back-end developer,500-999,Fully remote,16,13,8,1,1,9,36000.0
India,35-44 years old,High school/GED,Full-stack developer,20-99,In-person,10,7,1,1,1,4,15900.0
United States,35-44 years old,"Other doctoral degree (Ph.D, Ed.D, etc.)",Full-stack developer,10-19,Fully remote,6,5,4,1,1,8,219100.0
Brazil,35-44 years old,Master's degree,Data scientist/ML engineer,"1,000-4,999",Fully remote,18,15,5,1,1,3,
India,45-54 years old,Bachelor's degree,Data scientist/ML engineer,"10,000 or more",In-person,21,20,4,1,1,7,38000.0
United Kingdom,25-34 years old,Bachelor's degree,Engineer (other),20-99,Fully remote,9,9,4,1,1,8,108800.0
India,25-34 years old,Bachelor's degree,Full-stack developer,10-19,In-person,4,1,4,0,0,8,21000.0
Canada,18-24 years old,Bachelor's degree,Full-stack developer,2-9 employees,Fully remote,4,3,1,1,1,8,57700.0
Germany,35-44 years old,Master's degree,Full-stack developer,100-499,Hybrid,19,18,1,1,0,6,166000.0
Germany,18-24 years old,Bachelor's degree,Full-stack developer,"10,000 or more",In-person,6,3,6,1,0,8,113700.0
Ukraine,25-34 years old,Master's degree,Front-end developer,20-99,Fully remote,6,6,1,1,1,7,47900.0
Brazil,25-34 years old,Bachelor's degree,Engineer (other),100-499,Fully remote,8,5,3,0,1,6,
India,25-34 years old,Some college,Front-end developer,10-19,Hybrid,1,0,3,1,0,6,21400.0
Germany,35-44 years old,Bachelor's degree,Front-end developer,100-499,Hybrid,16,16,2,1,1,4,96900.0
Germany,18-24 years old,Bachelor's degree,Desktop/embedded developer,Just me,Fully remote,4,0,6,1,1,8,59400.0
Netherlands,18-24 years old,"Other doctoral degree (Ph.D, Ed.D, etc.)",Full-stack developer,"10,000 or more",Hybrid,5,3,7,1,1,4,90700.0
Australia,45-54 years old,Bachelor's degree,DevOps/SRE/platform engineer,"1,000-4,999",In-person,18,15,7,1,1,8,127900.0
India,25-34 years old,Bachelor's degree,Front-end developer,20-99,Hybrid,2,1,3,1,1,8,20100.0
Australia,18-24 years old,Master's degree,Full-stack developer,"10,000 or more",Fully remote,6,6,5,1,1,5,157300.0
United States,25-34 years old,Bachelor's degree,Front-end developer,10-19,Fully remote,4,4,6,1,1,7,109400.0
Poland,35-44 years old,Bachelor's degree,Front-end developer,2-9 employees,Fully remote,20,16,3,1,0,8,88900.0
India,25-34 years old,"Other doctoral degree (Ph.D, Ed.D, etc.)",Full-stack developer,"10,000 or more",Hybrid,8,5,2,1,1,1,42100.0
India,35-44 years old,Bachelor's degree,Full-stack developer,20-99,Hybrid,6,6,4,1,1,5,
Spain,18-24 years old,Bachelor's degree,Back-end developer,"10,000 or more",In-person,8,4,4,1,0,6,49300.0
India,18-24 years old,Master's degree,Full-stack developer,"1,000-4,999",Fully remote,1,0,1,1,1,10,35900.0
Italy,25-34 years old,Less than high school,Full-stack developer,"10,000 or more",Hybrid,11,7,4,1,0,7,78300.0
United States,25-34 years old,Associate's degree,Front-end developer,"5,000-9,999",In-person,8,5,1,1,1,7,
Germany,35-44 years old,Bachelor's degree,Back-end developer,2-9 employees,Hybrid,11,7,4,1,1,8,111100.0
Brazil,35-44 years old,Some college,Desktop/embedded developer,"10,000 or more",In-person,12,12,6,0,1,7,39700.0
United States,55-64 years old,"Other doctoral degree (Ph.D, Ed.D, etc.)",Data/business analyst,10-19,Hybrid,35,35,5,1,1,6,127200.0
United States,25-34 years old,Bachelor's degree,Desktop/embedded developer,"1,000-4,999",Hybrid,8,6,4,0,1,10,
United States,25-34 years old,Bachelor's degree,Front-end developer,100-499,Fully remote,9,5,3,1,1,9,124600.0
Italy,35-44 years old,Some college,DevOps/SRE/platform engineer,"1,000-4,999",Hybrid,16,15,6,0,0,8,57200.0
Poland,25-34 years old,Bachelor's degree,Front-end developer,"5,000-9,999",In-person,9,6,3,0,1,7,63400.0
India,25-34 years old,Bachelor's degree,Full-stack developer,"5,000-9,999",In-person,8,6,2,0,0,6,26300.0
United States,18-24 years old,Bachelor's degree,Back-end developer,"10,000 or more",Hybrid,4,0,5,0,1,7,112600.0
United States,18-24 years old,Master's degree,Data scientist/ML engineer,"10,000 or more",In-person,3,2,8,1,0,6,185800.0
United Kingdom,55-64 years old,Bachelor's degree,Data scientist/ML engineer,100-499,Fully remote,33,31,5,1,1,7,101400.0
Sweden,45-54 years old,Master's degree,Engineer (other),"10,000 or more",Fully remote,17,17,6,1,1,5,141400.0
France,35-44 years old,Bachelor's degree,Front-end developer,"1,000-4,999",Hybrid,19,16,2,1,1,8,97700.0
India,25-34 years old,Bachelor's degree,Mobile developer,"10,000 or more",Hybrid,9,5,3,0,1,8,32700.0
Germany,25-34 years old,Bachelor's degree,Full-stack developer,"10,000 or more",Hybrid,3,2,5,0,1,5,112700.0
Italy,25-34 years old,Some college,Front-end developer,2-9 employees,Hybrid,8,8,2,0,1,5,49300.0
United Kingdom,25-34 years old,Bachelor's degree,Mobile developer,100-499,In-person,6,4,3,1,1,5,67100.0
Sweden,25-34 years old,High school/GED,Full-stack developer,"5,000-9,999",Hybrid,10,7,4,1,0,4,44600.0
United States,35-44 years old,Bachelor's degree,Full-stack developer,2-9 employees,Fully remote,13,11,2,1,1,9,134700.0
Brazil,35-44 years old,Master's degree,Back-end developer,100-499,Fully remote,14,12,4,1,1,5,55100.0
Canada,25-34 years old,High school/GED,Data scientist/ML engineer,"10,000 or more",Fully remote,7,6,4,1,0,8,
France,55-64 years old,"Other doctoral degree (Ph.D, Ed.D, etc.)",Full-stack developer,Just me,Fully remote,29,29,2,1,1,3,131500.0
United Kingdom,35-44 years old,Bachelor's degree,Front-end developer,"10,000 or more",In-person,10,6,4,1,1,8,60600.0
United States,25-34 years old,"Other doctoral degree (Ph.D, Ed.D, etc.)",Full-stack developer,"10,000 or more",In-person,3,2,4,0,1,4,
United States,35-44 years old,Some college,Back-end developer,20-99,Hybrid,18,15,4,0,1,4,183200.0
Ukraine,25-34 years old,"Other doctoral degree (Ph.D, Ed.D, etc.)",Data/business analyst,"5,000-9,999",Hybrid,7,5,5,1,1,9,42700.0
United States,25-34 years old,Some college,Full-stack developer,10-19,Hybrid,6,3,4,0,0,5,168500.0
Italy,25-34 years old,Bachelor's degree,Full-stack developer,"5,000-9,999",Fully remote,2,1,4,1,1,4,50200.0
France,35-44 years old,"Other doctoral degree (Ph.D, Ed.D, etc.)",Back-end developer,100-499,Hybrid,10,9,4,1,1,7,78200.0
Germany,18-24 years old,Bachelor's degree,Front-end developer,"10,000 or more",Hybrid,4,0,4,0,1,3,92400.0
Ukraine,18-24 years old,High school/GED,Full-stack developer,20-99,In-person,3,1,2,0,1,8,27300.0
Netherlands,18-24 years old,Master's degree,Front-end developer,"1,000-4,999",In-person,1,0,7,0,0,9,74900.0
Germany,18-24 years old,Bachelor's degree,Data/business analyst,"5,000-9,999",Hybrid,3,0,4,1,1,5,58700.0
United States,45-54 years old,Bachelor's degree,Back-end developer,20-99,Fully remote,24,20,4,0,1,8,157500.0
Spain,35-44 years old,High school/GED,Back-end developer,"5,000-9,999",Hybrid,16,13,4,1,1,2,63700.0
Poland,25-34 years old,Master's degree,Back-end developer,"10,000 or more",Hybrid,13,11,5,1,1,7,126400.0
Netherlands,18-24 years old,Some college,Back-end developer,500-999,Fully remote,4,0,4,0,1,10,
Poland,25-34 years old,"Other doctoral degree (Ph.D, Ed.D, etc.)",Full-stack developer,"5,000-9,999",In-person,12,8,5,0,1,7,77900.0
India,25-34 years old,Master's degree,Front-end developer,100-499,In-person,12,8,3,0,0,6,
Spain,25-34 years old,Master's degree,Security professional,500-999,Hybrid,3,3,3,0,1,1,45500.0
United States,25-34 years old,Bachelor's degree,Full-stack developer,Just me,Hybrid,10,6,1,1,1,5,163600.0
United States,25-34 years old,Master's degree,Front-end developer,100-499,Fully remote,7,4,3,0,1,6,113100.0
United States,35-44 years old,Bachelor's degree,Full-stack developer,500-999,In-person,16,13,6,1,1,6,130700.0
United States,35-44 years old,Master's degree,Front-end developer,"1,000-4,999",Hybrid,19,17,1,1,1,6,179400.0
United Kingdom,18-24 years old,Bachelor's degree,Back-end developer,10-19,Hybrid,4,3,5,1,0,1,
United States,25-34 years old,Master's degree,Front-end developer,20-99,Hybrid,8,7,4,1,0,7,181100.0
United States,35-44 years old,Bachelor's degree,Front-end developer,"5,000-9,999",In-person,11,11,5,0,1,5,125700.0
United States,25-34 years old,High school/GED,Full-stack developer,10-19,Hybrid,5,1,3,1,1,6,114700.0
France,45-54 years old,Bachelor's degree,Data scientist/ML engineer,100-499,Hybrid,19,19,5,1,1,9,134800.0
Germany,35-44 years old,Some college,Front-end developer,20-99,Hybrid,18,16,4,1,0,9,108200.0
Germany,25-34 years old,Bachelor's degree,Full-stack developer,100-499,Hybrid,2,0,4,1,1,6,76400.0
Poland,18-24 years old,Bachelor's degree,Mobile developer,"10,000 or more",Hybrid,1,0,4,0,0,2,53400.0
Germany,35-44 years old,Bachelor's degree,Full-stack developer,"10,000 or more",Fully remote,14,12,9,0,1,9,122100.0
India,18-24 years old,Bachelor's degree,Data scientist/ML engineer,20-99,In-person,4,0,6,1,1,6,34100.0
Sweden,35-44 years old,Bachelor's degree,Back-end developer,20-99,In-person,13,10,4,1,0,7,79800.0
United States,55-64 years old,High school/GED,Front-end developer,"10,000 or more",Hybrid,29,27,2,1,1,3,146500.0
India,35-44 years old,Master's degree,Full-stack developer,"10,000 or more",Hybrid,8,8,3,1,1,8,44400.0
Canada,25-34 years old,"Other doctoral degree (Ph.D, Ed.D, etc.)",Back-end developer,10-19,Hybrid,6,2,3,1,1,8,
Netherlands,35-44 years old,Bachelor's degree,Full-stack developer,"10,000 or more",Hybrid,16,14,2,1,1,6,144500.0
Australia,25-34 years old,Some college,Data scientist/ML engineer,20-99,In-person,3,1,2,0,1,9,113100.0
United States,25-34 years old,Bachelor's degree,Data scientist/ML engineer,100-499,In-person,4,0,4,1,1,2,
Brazil,55-64 years old,Master's degree,Front-end developer,Just me,In-person,28,26,3,1,1,5,64600.0
Brazil,25-34 years old,Master's degree,DevOps/SRE/platform engineer,"10,000 or more",Fully remote,10,7,7,1,1,4,55800.0
United States,55-64 years old,Bachelor's degree,Mobile developer,"5,000-9,999",Fully remote,28,27,6,1,0,8,152100.0
United States,45-54 years old,Some college,Front-end developer,20-99,In-person,23,19,3,1,1,4,
Poland,25-34 years old,Master's degree,Desktop/embedded developer,"1,000-4,999",In-person,5,5,8,0,1,8,58000.0
India,18-24 years old,Bachelor's degree,Full-stack developer,20-99,In-person,2,0,3,1,0,8,25800.0
United States,18-24 years old,Associate's degree,DevOps/SRE/platform engineer,2-9 employees,Hybrid,4,3,5,1,1,8,
United States,18-24 years old,High school/GED,DevOps/SRE/platform engineer,100-499,Fully remote,3,3,3,1,1,1,138700.0
United States,18-24 years old,Bachelor's degree,Full-stack developer,500-999,Hybrid,0,0,4,1,0,10,123700.0
India,35-44 years old,Bachelor's degree,Front-end developer,2-9 employees,In-person,18,15,3,0,1,8,39500.0
India,18-24 years old,Master's degree,Mobile developer,100-499,Hybrid,1,0,3,1,1,9,34600.0
India,25-34 years old,"Other doctoral degree (Ph.D, Ed.D, etc.)",Full-stack developer,100-499,In-person,12,8,6,1,0,8,29100.0
Ukraine,45-54 years old,Some college,Back-end developer,"1,000-4,999",Hybrid,21,20,6,0,1,7,56200.0
United States,18-24 years old,"Other doctoral degree (Ph.D, Ed.D, etc.)",Back-end developer,20-99,Hybrid,1,0,8,0,1,8,125500.0
Germany,35-44 years old,Master's degree,Back-end developer,Just me,Hybrid,12,12,2,1,0,6,
Sweden,25-34 years old,Bachelor's degree,Full-stack developer,20-99,In-person,8,5,5,1,0,7,83900.0
Spain,18-24 years old,Master's degree,Full-stack developer,100-499,Hybrid,8,5,4,1,1,8,72100.0
India,35-44 years old,Master's degree,Full-stack developer,"1,000-4,999",Fully remote,10,9,7,1,1,8,49200.0
India,35-44 years old,Bachelor's degree,DevOps/SRE/platform engineer,"10,000 or more",In-person,11,10,2,0,1,7,36900.0
Canada,45-54 years old,Master's degree,Back-end developer,20-99,In-person,25,23,2,1,1,2,159900.0
Ukraine,35-44 years old,Master's degree,Back-end developer,"1,000-4,999",Hybrid,10,10,2,1,0,5,55800.0
United States,35-44 years old,Master's degree,Back-end developer,2-9 employees,Hybrid,19,15,6,1,1,7,
India,25-34 years old,Master's degree,Full-stack developer,20-99,In-person,14,10,7,1,0,7,42000.0
Spain,25-34 years old,Bachelor's degree,Security professional,100-499,In-person,7,4,3,0,0,6,108200.0
India,35-44 years old,Master's degree,DevOps/SRE/platform engineer,"1,000-4,999",In-person,14,14,2,1,1,8,46500.0
Brazil,35-44 years old,Master's degree,Front-end developer,"10,000 or more",Hybrid,12,9,4,1,1,6,59200.0
Brazil,65 years or older,Bachelor's degree,Back-end developer,"1,000-4,999",In-person,41,37,5,0,1,9,106400.0
United States,25-34 years old,High school/GED,Front-end developer,Just me,Hybrid,7,6,2,1,1,7,98900.0
Germany,25-34 years old,Master's degree,Back-end developer,"1,000-4,999",Hybrid,6,6,4,1,0,7,155700.0
United Kingdom,35-44 years old,High school/GED,Full-stack developer,"10,000 or more",Hybrid,10,10,4,1,1,6,89200.0
Brazil,25-34 years old,Master's degree,Back-end developer,100-499,Hybrid,2,0,2,1,1,4,63300.0
Australia,55-64 years old,"Professional degree (JD, MD, etc.)",Engineer (other),"10,000 or more",Hybrid,31,30,2,1,1,1,151600.0
Poland,45-54 years old,Bachelor's degree,Full-stack developer,Just me,Fully remote,15,14,6,0,1,8,79500.0
United States,25-34 years old,Some college,Front-end developer,"5,000-9,999",Fully remote,7,4,4,0,1,2,85700.0
France,35-44 years old,Bachelor's degree,Full-stack developer,20-99,Hybrid,15,15,5,1,1,6,76400.0
Germany,35-44 years old,Bachelor's degree,Full-stack developer,"1,000-4,999",Fully remote,16,13,6,0,1,9,127400.0
United Kingdom,18-24 years old,"Other doctoral degree (Ph.D, Ed.D, etc.)",Front-end developer,"1,000-4,999",Hybrid,8,7,8,1,0,7,107000.0
India,45-54 years old,Bachelor's degree,Full-stack developer,20-99,Hybrid,25,23,3,1,0,9,34500.0
Brazil,25-34 years old,Some college,Mobile developer,"10,000 or more",In-person,3,3,5,1,1,2,42600.0
France,45-54 years old,Bachelor's degree,Back-end developer,2-9 employees,Hybrid,21,20,3,1,1,9,123500.0
Canada,25-34 years old,Master's degree,Full-stack developer,10-19,In-person,7,5,2,1,1,10,120000.0
Spain,45-54 years old,Bachelor's degree,Front-end developer,"10,000 or more",In-person,19,15,3,1,1,9,94300.0
United States,25-34 years old,Master's degree,Data scientist/ML engineer,2-9 employees,In-person,3,2,6,1,1,6,121200.0
India,18-24 years old,Bachelor's degree,Full-stack developer,100-499,Fully remote,4,0,9,1,0,3,33400.0
Germany,45-54 years old,Master's degree,Back-end developer,"1,000-4,999",In-person,17,14,6,1,1,9,142400.0
Sweden,18-24 years old,Bachelor's degree,Data scientist/ML engineer,"5,000-9,999",Hybrid,6,2,6,1,0,4,80600.0
United States,25-34 years old,Bachelor's degree,Full-stack developer,"10,000 or more",Fully remote,5,4,4,1,1,7,106200.0
India,55-64 years old,Master's degree,Mobile developer,"5,000-9,999",Hybrid,27,23,5,1,1,6,40700.0
Ukraine,55-64 years old,Bachelor's degree,Full-stack developer,"10,000 or more",Hybrid,29,29,5,1,1,10,42700.0
Russia,35-44 years old,Bachelor's degree,Full-stack developer,"10,000 or more",Fully remote,15,14,4,1,1,6,42800.0
Spain,35-44 years old,"Other doctoral degree (Ph.D, Ed.D, etc.)",Front-end developer,500-999,Hybrid,15,13,3,1,0,6,83200.0
India,25-34 years old,Master's degree,Full-stack developer,20-99,In-person,8,4,2,1,0,7,42600.0
Spain,25-34 years old,Associate's degree,Desktop/embedded developer,"5,000-9,999",Fully remote,7,7,8,1,1,7,68200.0
Germany,25-34 years old,Bachelor's degree,Back-end developer,10-19,In-person,10,7,5,1,1,7,80600.0
Canada,35-44 years old,Master's degree,Full-stack developer,2-9 employees,Fully remote,16,13,4,1,1,7,137100.0
United States,35-44 years old,Master's degree,Mobile developer,"5,000-9,999",In-person,14,10,3,1,1,3,156700.0
Brazil,35-44 years old,Bachelor's degree,Desktop/embedded developer,"10,000 or more",Hybrid,16,13,7,1,1,10,44300.0
India,35-44 years old,Master's degree,Front-end developer,100-499,Hybrid,18,16,5,1,1,5,35000.0
India,18-24 years old,Bachelor's degree,Back-end developer,10-19,Fully remote,1,0,2,1,1,7,30900.0
Canada,25-34 years old,Master's degree,Full-stack developer,100-499,Hybrid,11,11,1,0,1,2,
United States,18-24 years old,Some college,Desktop/embedded developer,100-499,Fully remote,4,0,5,1,1,5,96000.0
United States,25-34 years old,Master's degree,DevOps/SRE/platform engineer,100-499,Hybrid,8,5,5,1,1,8,
India,25-34 years old,High school/GED,Full-stack developer,"1,000-4,999",Hybrid,4,3,5,1,1,7,24000.0
Netherlands,45-54 years old,Master's degree,Back-end developer,10-19,Hybrid,23,21,4,1,1,8,131000.0
United States,25-34 years old,"Other doctoral degree (Ph.D, Ed.D, etc.)",Back-end developer,100-499,In-person,3,0,6,1,1,4,148800.0
Netherlands,18-24 years old,Some college,Back-end developer,"10,000 or more",Fully remote,3,0,1,1,1,10,
Brazil,25-34 years old,Bachelor's degree,Data scientist/ML engineer,"1,000-4,999",In-person,2,2,3,1,1,6,40600.0
France,35-44 years old,Bachelor's degree,Full-stack developer,2-9 employees,Hybrid,14,12,6,1,0,7,116100.0
Germany,35-44 years old,Master's degree,Full-stack developer,100-499,Fully remote,17,15,5,1,1,5,158900.0
Poland,18-24 years old,Bachelor's degree,Full-stack developer,2-9 employees,Fully remote,7,3,4,0,0,6,46500.0
United States,18-24 years old,Master's degree,Back-end developer,"10,000 or more",Hybrid,0,0,2,1,1,8,152600.0
India,35-44 years old,Master's degree,Full-stack developer,20-99,Hybrid,22,18,3,0,0,6,40200.0
France,18-24 years old,Master's degree,DevOps/SRE/platform engineer,"10,000 or more",Hybrid,2,2,4,0,1,8,87300.0
Italy,45-54 years old,Master's degree,Data scientist/ML engineer,"10,000 or more",Fully remote,20,18,1,1,1,5,89700.0
United States,35-44 years old,Bachelor's degree,Full-stack developer,500-999,Fully remote,12,12,1,1,1,8,129300.0
United Kingdom,18-24 years old,"Professional degree (JD, MD, etc.)",Data scientist/ML engineer,20-99,Hybrid,2,2,1,1,1,8,103800.0
Ukraine,18-24 years old,Bachelor's degree,Desktop/embedded developer,"10,000 or more",Hybrid,0,0,9,1,1,5,28700.0
Spain,65 years or older,Associate's degree,Full-stack developer,10-19,In-person,37,36,4,0,0,2,
United States,25-34 years old,Bachelor's degree,Full-stack developer,10-19,In-person,4,3,3,1,1,10,174500.0
United Kingdom,25-34 years old,Master's degree,Full-stack developer,20-99,Fully remote,6,4,3,0,0,5,
United States,35-44 years old,Master's degree,Full-stack developer,500-999,Fully remote,10,10,3,1,1,7,
Netherlands,55-64 years old,Some college,DevOps/SRE/platform engineer,20-99,Hybrid,26,24,4,0,1,5,180300.0
India,65 years or older,Master's degree,Back-end developer,"10,000 or more",Fully remote,36,35,3,1,1,8,53400.0
Poland,35-44 years old,Master's degree,Mobile developer,20-99,Hybrid,14,14,2,1,1,8,111400.0
Ukraine,25-34 years old,Bachelor's degree,Data scientist/ML engineer,"5,000-9,999",Hybrid,11,7,6,1,1,3,38300.0
Italy,18-24 years old,Master's degree,Full-stack developer,2-9 employees,Hybrid,5,4,5,1,1,2,66500.0
Russia,35-44 years old,Some college,DevOps/SRE/platform engineer,20-99,Hybrid,14,13,3,0,0,10,57500.0
United States,25-34 years old,Some college,Full-stack developer,20-99,Hybrid,4,3,3,0,1,8,75400.0
United States,25-34 years old,Master's degree,Full-stack developer,"10,000 or more",Hybrid,8,8,2,1,1,5,169900.0
Canada,45-54 years old,Bachelor's degree,Front-end developer,Just me,Hybrid,19,16,3,1,1,7,196300.0
United Kingdom,18-24 years old,Bachelor's degree,Back-end developer,"1,000-4,999",Hybrid,4,0,6,1,1,10,63800.0
United States,25-34 years old,Master's degree,Back-end developer,20-99,Fully remote,6,2,4,0,0,7,207900.0
India,18-24 years old,Master's degree,Desktop/embedded developer,"5,000-9,999",Fully remote,7,5,5,1,0,6,
Russia,25-34 years old,Master's degree,DevOps/SRE/platform engineer,20-99,Hybrid,8,8,4,1,0,2,93800.0
Russia,18-24 years old,Bachelor's degree,Back-end developer,10-19,Hybrid,4,3,5,1,1,7,32600.0
United States,18-24 years old,Bachelor's degree,Back-end developer,"1,000-4,999",In-person,8,5,6,1,1,9,123900.0
India,18-24 years old,Master's degree,Front-end developer,20-99,In-person,0,0,7,0,1,7,
United Kingdom,35-44 years old,High school/GED,Front-end developer,100-499,Hybrid,13,13,6,1,1,8,82300.0
Spain,35-44 years old,Associate's degree,Full-stack developer,10-19,In-person,15,12,2,1,0,9,64300.0
United Kingdom,35-44 years old,Bachelor's degree,Mobile developer,"1,000-4,999",Hybrid,16,15,5,1,0,6,90900.0
Sweden,55-64 years old,Bachelor's degree,Front-end developer,100-499,Hybrid,28,28,4,1,1,6,118600.0
Netherlands,25-34 years old,Bachelor's degree,Front-end developer,10-19,In-person,8,4,6,1,0,10,
Sweden,25-34 years old,Bachelor's degree,Mobile developer,"1,000-4,999",Hybrid,11,7,3,0,0,6,58800.0
Brazil,45-54 years old,High school/GED,Mobile developer,2-9 employees,Hybrid,26,23,3,0,0,8,58400.0
Spain,25-34 years old,High school/GED,Full-stack developer,500-999,In-person,4,3,6,0,1,7,40600.0
Australia,55-64 years old,Bachelor's degree,Full-stack developer,500-999,Hybrid,31,28,5,1,1,7,124500.0
India,18-24 years old,Bachelor's degree,Data scientist/ML engineer,"10,000 or more",Hybrid,0,0,5,1,1,8,
United States,55-64 years old,Bachelor's degree,Data/business analyst,10-19,Hybrid,25,21,2,1,0,8,181600.0
Spain,18-24 years old,Bachelor's degree,Desktop/embedded developer,"1,000-4,999",Hybrid,4,2,3,1,0,10,49800.0
United States,45-54 years old,Bachelor's degree,Back-end developer,100-499,Hybrid,25,22,4,1,1,9,229300.0
India,25-34 years old,Bachelor's degree,Desktop/embedded developer,100-499,In-person,8,6,5,0,1,6,25600.0
Australia,65 years or older,Bachelor's degree,Full-stack developer,100-499,In-person,31,29,3,1,1,6,167700.0
Australia,18-24 years old,Some college,Security professional,20-99,Fully remote,4,0,3,0,0,9,84000.0
United States,25-34 years old,Some college,Back-end developer,100-499,Hybrid,3,0,2,1,1,5,120500.0
Germany,55-64 years old,Bachelor's degree,Mobile developer,"1,000-4,999",Hybrid,34,32,4,1,0,6,154000.0
Germany,25-34 years old,"Other doctoral degree (Ph.D, Ed.D, etc.)",Back-end developer,100-499,Hybrid,2,2,3,0,1,8,97100.0
India,35-44 years old,Bachelor's degree,Mobile developer,2-9 employees,Fully remote,17,16,4,0,0,3,
Ukraine,35-44 years old,"Other doctoral degree (Ph.D, Ed.D, etc.)",Back-end developer,20-99,Hybrid,16,15,3,1,1,8,
France,25-34 years old,Bachelor's degree,Data scientist/ML engineer,20-99,Hybrid,6,2,1,1,1,10,90200.0
Italy,35-44 years old,Bachelor's degree,Data/business analyst,20-99,In-person,12,9,5,0,1,8,86300.0
United States,35-44 years old,Master's degree,Front-end developer,2-9 employees,Hybrid,16,13,6,0,0,3,186700.0
India,45-54 years old,Some college,Desktop/embedded developer,100-499,Hybrid,18,17,6,0,0,5,41400.0
Australia,18-24 years old,Some college,Full-stack developer,"1,000-4,999",In-person,2,2,2,1,1,3,77500.0
Germany,25-34 years old,"Other doctoral degree (Ph.D, Ed.D, etc.)",Back-end developer,2-9 employees,In-person,5,4,5,1,1,5,67600.0
India,55-64 years old,Bachelor's degree,DevOps/SRE/platform engineer,"5,000-9,999",Fully remote,24,23,6,1,1,10,41200.0
Italy,45-54 years old,High school/GED,Full-stack developer,"10,000 or more",Fully remote,16,13,4,0,1,6,62200.0
Spain,25-34 years old,High school/GED,Data scientist/ML engineer,Just me,Hybrid,8,6,6,1,1,4,55100.0
United Kingdom,35-44 years old,"Professional degree (JD, MD, etc.)",Desktop/embedded developer,20-99,Fully remote,10,10,4,1,1,8,
United Kingdom,25-34 years old,Master's degree,Full-stack developer,100-499,In-person,6,3,3,0,1,9,63900.0
United States,25-34 years old,Bachelor's degree,Full-stack developer,20-99,Fully remote,8,7,1,1,1,2,150000.0
Italy,25-34 years old,Some college,Back-end developer,"5,000-9,999",Hybrid,11,9,1,1,0,8,53700.0
Netherlands,25-34 years old,Master's degree,Full-stack developer,20-99,Hybrid,4,4,1,1,1,5,69200.0
United States,35-44 years old,Bachelor's degree,Mobile developer,20-99,Fully remote,15,11,4,1,0,6,164100.0
United States,18-24 years old,Bachelor's degree,Data scientist/ML engineer,Just me,In-person,3,3,2,1,0,5,151800.0
Australia,55-64 years old,Master's degree,Back-end developer,20-99,Hybrid,24,24,4,1,0,9,142900.0
United States,65 years or older,Bachelor's degree,Full-stack developer,20-99,Hybrid,37,36,3,1,1,9,150100.0
Ukraine,35-44 years old,Bachelor's degree,Desktop/embedded developer,20-99,Hybrid,15,14,1,1,1,7,32100.0
Italy,25-34 years old,Master's degree,Back-end developer,10-19,Fully remote,11,7,5,1,1,1,104500.0
Russia,25-34 years old,Master's degree,Full-stack developer,500-999,Fully remote,4,0,1,1,1,10,44600.0
Poland,35-44 years old,Bachelor's degree,Back-end developer,20-99,In-person,14,10,5,0,1,7,55100.0
Germany,35-44 years old,Bachelor's degree,DevOps/SRE/platform engineer,"10,000 or more",Hybrid,12,9,6,0,1,7,100000.0
United States,25-34 years old,Bachelor's degree,Full-stack developer,20-99,Hybrid,8,5,9,1,1,8,109800.0
Brazil,45-54 years old,Bachelor's degree,Back-end developer,20-99,In-person,22,21,4,1,1,7,57100.0
India,45-54 years old,Bachelor's degree,Data/business analyst,2-9 employees,Fully remote,25,24,2,1,0,3,49700.0
United Kingdom,55-64 years old,Bachelor's degree,Full-stack developer,"1,000-4,999",In-person,31,27,4,1,1,3,125200.0
India,35-44 years old,Some college,Mobile developer,100-499,In-person,14,11,4,1,0,5,38200.0
India,35-44 years old,Some college,Back-end developer,2-9 employees,In-person,17,15,6,1,1,3,27300.0
India,25-34 years old,Bachelor's degree,Full-stack developer,20-99,Hybrid,9,6,3,1,1,9,27600.0
Australia,55-64 years old,Bachelor's degree,Full-stack developer,"10,000 or more",In-person,33,32,4,1,0,2,
Germany,45-54 years old,Bachelor's degree,Full-stack developer,"5,000-9,999",Hybrid,24,21,7,1,0,10,75200.0
India,18-24 years old,Bachelor's degree,Full-stack developer,20-99,Hybrid,1,0,3,1,1,3,23700.0
Germany,18-24 years old,Master's degree,Full-stack developer,100-499,Hybrid,4,0,6,1,1,9,74700.0
United States,25-34 years old,Master's degree,Back-end developer,100-499,In-person,4,0,9,1,1,5,189300.0
Russia,35-44 years old,Bachelor's degree,Full-stack developer,2-9 employees,Hybrid,18,14,5,1,0,8,55700.0
United Kingdom,65 years or older,Some college,Desktop/embedded developer,"5,000-9,999",Hybrid,41,39,4,0,1,6,109400.0
United States,25-34 years old,Bachelor's degree,DevOps/SRE/platform engineer,"1,000-4,999",Hybrid,13,11,2,0,1,2,
India,35-44 years old,Bachelor's degree,DevOps/SRE/platform engineer,100-499,In-person,16,15,3,1,1,8,47600.0
Italy,25-34 years old,Some college,Front-end developer,"10,000 or more",In-person,8,8,6,1,0,9,52000.0
Canada,55-64 years old,"Other doctoral degree (Ph.D, Ed.D, etc.)",Data/business analyst,100-499,In-person,28,26,4,0,1,5,159600.0
India,45-54 years old,Bachelor's degree,Full-stack developer,2-9 employees,Hybrid,18,17,4,1,1,8,31900.0
Germany,45-54 years old,Bachelor's degree,Full-stack developer,20-99,In-person,26,23,3,1,1,7,97200.0
India,25-34 years old,Bachelor's degree,Full-stack developer,100-499,Hybrid,10,6,4,1,0,8,30900.0
United States,25-34 years old,Some college,Data scientist/ML engineer,2-9 employees,Hybrid,9,5,8,1,1,8,150400.0
Australia,25-34 years old,High school/GED,DevOps/SRE/platform engineer,500-999,Fully remote,10,6,1,0,1,10,129100.0
India,18-24 years old,Bachelor's degree,Front-end developer,10-19,Fully remote,3,2,4,1,0,6,22800.0
Australia,45-54 years old,Bachelor's degree,Back-end developer,20-99,Fully remote,28,24,3,1,1,3,140900.0
Germany,35-44 years old,Bachelor's degree,Desktop/embedded developer,"10,000 or more",Fully remote,18,16,3,1,1,8,116800.0
United States,65 years or older,"Other doctoral degree (Ph.D, Ed.D, etc.)",Full-stack developer,"10,000 or more",Hybrid,40,37,5,1,0,9,178200.0
Netherlands,65 years or older,Bachelor's degree,Back-end developer,500-999,Fully remote,42,38,2,1,0,1,
India,25-34 years old,High school/GED,Back-end developer,500-999,Hybrid,8,7,5,1,0,3,
Brazil,35-44 years old,Bachelor's degree,Full-stack developer,"5,000-9,999",Hybrid,14,11,4,1,1,9,46600.0
Australia,55-64 years old,Bachelor's degree,Full-stack developer,"1,000-4,999",Hybrid,34,30,6,1,0,7,
Sweden,45-54 years old,Bachelor's degree,Data scientist/ML engineer,10-19,Hybrid,16,16,6,1,1,7,137000.0
United States,25-34 years old,High school/GED,Front-end developer,100-499,Fully remote,12,8,2,0,0,9,125400.0
United States,25-34 years old,Bachelor's degree,Back-end developer,100-499,In-person,3,1,6,1,1,5,101700.0
United Kingdom,18-24 years old,Some college,Back-end developer,20-99,In-person,5,2,3,0,0,6,93900.0
India,55-64 years old,Bachelor's degree,Data/business analyst,10-19,Fully remote,27,25,4,1,1,8,
Germany,35-44 years old,Bachelor's degree,Back-end developer,"1,000-4,999",Hybrid,14,14,2,0,0,7,82700.0
United States,25-34 years old,High school/GED,Full-stack developer,20-99,Fully remote,5,5,4,0,1,4,92900.0
Germany,35-44 years old,Bachelor's degree,Back-end developer,20-99,Fully remote,9,7,2,1,1,9,75700.0
United States,35-44 years old,Bachelor's degree,Front-end developer,20-99,In-person,16,13,2,1,0,10,119200.0
Australia,25-34 years old,Bachelor's degree,Full-stack developer,10-19,In-person,3,3,5,1,0,4,90600.0
Poland,18-24 years old,Bachelor's degree,Back-end developer,"10,000 or more",Hybrid,4,4,3,1,1,5,32700.0
United States,35-44 years old,Bachelor's degree,Back-end developer,500-999,Fully remote,16,12,2,1,1,8,204300.0
Australia,25-34 years old,"Other doctoral degree (Ph.D, Ed.D, etc.)",Back-end developer,"10,000 or more",In-person,7,6,3,1,1,3,
India,35-44 years old,High school/GED,Back-end developer,100-499,In-person,9,9,5,0,0,7,
India,25-34 years old,"Other doctoral degree (Ph.D, Ed.D, etc.)",Desktop/embedded developer,100-499,In-person,6,3,5,1,1,5,24100.0
United States,45-54 years old,High school/GED,Data/business analyst,500-999,Hybrid,22,19,2,1,0,8,159400.0
Australia,25-34 years old,Bachelor's degree,Mobile developer,100-499,Hybrid,12,8,4,1,1,6,133800.0
India,35-44 years old,Bachelor's degree,Desktop/embedded developer,100-499,Fully remote,20,17,6,1,0,9,60100.0
United States,45-54 years old,Some college,Back-end developer,100-499,Hybrid,22,18,2,1,1,7,125900.0
Sweden,25-34 years old,Some college,DevOps/SRE/platform engineer,"10,000 or more",Fully remote,8,8,4,1,0,7,113800.0
India,18-24 years old,Bachelor's degree,DevOps/SRE/platform engineer,"10,000 or more",Hybrid,0,0,2,1,1,9,28600.0
Ukraine,18-24 years old,"Other doctoral degree (Ph.D, Ed.D, etc.)",DevOps/SRE/platform engineer,10-19,Hybrid,0,0,2,0,0,8,42900.0
India,35-44 years old,Bachelor's degree,Full-stack developer,2-9 employees,Hybrid,9,9,2,1,1,9,29800.0
Australia,35-44 years old,Bachelor's degree,Full-stack developer,"1,000-4,999",Hybrid,9,8,4,1,1,1,115200.0
France,35-44 years old,Master's degree,Engineer (other),2-9 employees,Hybrid,8,7,10,0,1,8,137000.0
Spain,25-34 years old,Master's degree,Data/business analyst,2-9 employees,Hybrid,6,6,3,1,1,7,55400.0
Italy,18-24 years old,Master's degree,Front-end developer,10-19,Hybrid,4,1,4,1,1,9,43200.0
Spain,18-24 years old,Bachelor's degree,Security professional,20-99,In-person,7,3,4,0,1,2,57500.0
India,25-34 years old,Some college,Data scientist/ML engineer,100-499,In-person,9,7,6,1,1,9,37400.0
Australia,35-44 years old,Bachelor's degree,Back-end developer,100-499,In-person,17,13,4,1,1,4,138600.0
Brazil,25-34 years old,Associate's degree,Back-end developer,"10,000 or more",In-person,9,7,5,1,1,7,
United States,25-34 years old,Some college,Front-end developer,100-499,Hybrid,7,5,5,0,1,8,110800.0
Ukraine,45-54 years old,High school/GED,Back-end developer,20-99,Hybrid,16,16,3,1,1,4,43400.0
Germany,25-34 years old,"Other doctoral degree (Ph.D, Ed.D, etc.)",Security professional,500-999,In-person,10,8,3,1,1,4,125300.0
United States,25-34 years old,"Professional degree (JD, MD, etc.)",Back-end developer,20-99,Hybrid,3,3,2,0,1,8,
Germany,35-44 years old,High school/GED,DevOps/SRE/platform engineer,"10,000 or more",Fully remote,10,9,5,1,1,4,131700.0
Canada,25-34 years old,Some college,DevOps/SRE/platform engineer,20-99,In-person,7,4,4,1,1,7,90300.0
United Kingdom,35-44 years old,Some college,Full-stack developer,"10,000 or more",In-person,11,9,10,0,1,5,90000.0
United Kingdom,45-54 years old,Bachelor's degree,Full-stack developer,100-499,Hybrid,22,19,5,1,0,2,
India,55-64 years old,Associate's degree,Front-end developer,"5,000-9,999",Hybrid,29,29,2,0,1,2,49200.0
Canada,25-34 years old,"Other doctoral degree (Ph.D, Ed.D, etc.)",Full-stack developer,"1,000-4,999",Hybrid,8,6,2,1,1,4,84100.0
Russia,45-54 years old,High school/GED,Front-end developer,"10,000 or more",Hybrid,21,17,1,1,1,7,34100.0
India,25-34 years old,Associate's degree,Full-stack developer,"1,000-4,999",Fully remote,5,4,1,0,1,5,28600.0
Canada,25-34 years old,High school/GED,Back-end developer,500-999,Fully remote,9,8,3,1,1,9,84500.0
India,25-34 years old,"Other doctoral degree (Ph.D, Ed.D, etc.)",Full-stack developer,"1,000-4,999",Fully remote,8,6,4,1,1,1,39800.0
United States,65 years or older,"Professional degree (JD, MD, etc.)",Full-stack developer,"5,000-9,999",Hybrid,41,40,4,1,1,8,154500.0
Canada,25-34 years old,Master's degree,Full-stack developer,"10,000 or more",Fully remote,13,9,6,1,0,3,78800.0
United States,25-34 years old,Bachelor's degree,Engineer (other),20-99,Fully remote,11,8,4,0,1,9,116700.0
Brazil,35-44 years old,Associate's degree,Back-end developer,20-99,Hybrid,12,8,4,1,1,2,56400.0
France,25-34 years old,Associate's degree,Mobile developer,2-9 employees,Hybrid,8,7,3,1,1,4,51400.0
India,18-24 years old,Bachelor's degree,Engineer (other),100-499,Fully remote,4,1,2,0,1,5,30300.0
India,18-24 years old,Master's degree,Mobile developer,"10,000 or more",Fully remote,4,0,4,1,1,3,37800.0
Ukraine,18-24 years old,Bachelor's degree,Back-end developer,2-9 employees,In-person,2,2,1,1,1,9,35000.0
United States,25-34 years old,Bachelor's degree,Data scientist/ML engineer,100-499,Hybrid,8,8,6,1,0,4,136500.0
United Kingdom,18-24 years old,Bachelor's degree,Full-stack developer,"1,000-4,999",Fully remote,6,3,5,1,1,3,69900.0
Ukraine,35-44 years old,Bachelor's degree,Full-stack developer,"10,000 or more",Hybrid,12,9,4,1,1,2,47500.0
Russia,25-34 years old,Bachelor's degree,DevOps/SRE/platform engineer,500-999,In-person,10,7,5,0,0,9,
Canada,25-34 years old,Bachelor's degree,Full-stack developer,10-19,In-person,3,3,2,1,0,8,94400.0
India,45-54 years old,High school/GED,Engineer (other),"10,000 or more",Hybrid,25,21,2,1,1,8,32300.0
United States,25-34 years old,Bachelor's degree,Desktop/embedded developer,2-9 employees,Hybrid,7,4,1,1,1,8,136100.0
United States,35-44 years old,"Professional degree (JD, MD, etc.)",Back-end developer,"5,000-9,999",In-person,11,11,2,1,0,10,194100.0
France,25-34 years old,Bachelor's degree,Full-stack developer,2-9 employees,Hybrid,10,7,4,0,1,8,103500.0
United States,25-34 years old,Bachelor's degree,Data scientist/ML engineer,10-19,Fully remote,5,2,4,1,1,6,133100.0
Russia,18-24 years old,High school/GED,Front-end developer,"10,000 or more",In-person,10,7,1,1,0,5,25700.0
Canada,25-34 years old,Bachelor's degree,Data scientist/ML engineer,"5,000-9,999",In-person,0,0,3,1,1,5,97200.0
United States,25-34 years old,Master's degree,Back-end developer,20-99,Fully remote,7,3,5,0,1,6,151400.0
United States,25-34 years old,Bachelor's degree,Full-stack developer,"1,000-4,999",Fully remote,6,6,6,1,1,4,
Canada,18-24 years old,Bachelor's degree,Back-end developer,100-499,In-person,3,3,1,1,1,6,
United States,18-24 years old,"Other doctoral degree (Ph.D, Ed.D, etc.)",Back-end developer,2-9 employees,Fully remote,4,1,4,1,1,3,129800.0
Netherlands,25-34 years old,Master's degree,Full-stack developer,"1,000-4,999",Hybrid,7,5,2,1,1,5,121500.0
Ukraine,25-34 years old,Bachelor's degree,Full-stack developer,"5,000-9,999",In-person,8,6,6,1,1,4,32700.0
Sweden,25-34 years old,Bachelor's degree,Back-end developer,"10,000 or more",Fully remote,6,4,1,1,0,9,106900.0
Brazil,25-34 years old,Associate's degree,Data scientist/ML engineer,100-499,Hybrid,9,9,2,1,1,7,50400.0
Spain,35-44 years old,Master's degree,Front-end developer,"1,000-4,999",Hybrid,18,15,5,1,0,9,90500.0
Canada,18-24 years old,Bachelor's degree,Full-stack developer,100-499,Hybrid,6,4,1,1,1,7,107100.0
Germany,35-44 years old,Bachelor's degree,Front-end developer,20-99,Fully remote,10,9,1,0,1,7,82600.0
Brazil,35-44 years old,High school/GED,Front-end developer,100-499,In-person,13,12,4,1,1,1,22900.0
United States,18-24 years old,Bachelor's degree,Front-end developer,"10,000 or more",Hybrid,2,1,6,1,1,1,143300.0
United States,45-54 years old,Master's degree,Front-end developer,10-19,Hybrid,21,17,5,1,1,5,
Poland,45-54 years old,"Other doctoral degree (Ph.D, Ed.D, etc.)",Back-end developer,20-99,In-person,24,21,4,1,1,2,72600.0
Sweden,18-24 years old,Some college,Full-stack developer,500-999,Fully remote,0,0,2,0,0,5,
United Kingdom,25-34 years old,Master's degree,Back-end developer,2-9 employees,In-person,7,7,7,1,1,7,
Germany,35-44 years old,Bachelor's degree,Back-end developer,"10,000 or more",Hybrid,12,9,2,0,1,8,150600.0
United Kingdom,35-44 years old,Master's degree,Front-end developer,2-9 employees,Fully remote,21,17,9,1,1,7,
Germany,25-34 years old,Master's degree,DevOps/SRE/platform engineer,"5,000-9,999",Hybrid,5,2,6,1,1,7,96500.0
Germany,25-34 years old,"Other doctoral degree (Ph.D, Ed.D, etc.)",Back-end developer,100-499,Hybrid,10,6,4,0,1,3,93600.0
Ukraine,25-34 years old,"Other doctoral degree (Ph.D, Ed.D, etc.)",Desktop/embedded developer,2-9 employees,Fully remote,9,7,1,1,0,3,43300.0
Germany,25-34 years old,Associate's degree,DevOps/SRE/platform engineer,"10,000 or more",Hybrid,5,3,2,1,1,2,67500.0
United States,35-44 years old,Master's degree,Full-stack developer,"1,000-4,999",In-person,19,15,5,1,1,9,127100.0
Poland,25-34 years old,Bachelor's degree,Mobile developer,Just me,Hybrid,4,1,5,1,1,6,40500.0
India,25-34 years old,Associate's degree,Full-stack developer,20-99,Hybrid,11,9,9,1,1,6,28100.0
Brazil,35-44 years old,Associate's degree,Mobile developer,20-99,Hybrid,15,12,2,1,0,7,28100.0
Canada,18-24 years old,High school/GED,Full-stack developer,20-99,Hybrid,2,0,6,1,1,10,104900.0
Brazil,25-34 years old,Master's degree,Back-end developer,100-499,In-person,7,4,1,1,1,7,
United States,35-44 years old,Bachelor's degree,Front-end developer,100-499,Hybrid,17,14,7,0,1,3,125300.0
United States,45-54 years old,Master's degree,Mobile developer,100-499,Hybrid,19,18,4,1,0,9,229800.0
India,25-34 years old,Bachelor's degree,Full-stack developer,20-99,In-person,7,3,10,1,1,5,
Brazil,25-34 years old,Master's degree,Data scientist/ML engineer,100-499,Fully remote,4,4,5,1,0,8,48400.0
United States,18-24 years old,Bachelor's degree,Data scientist/ML engineer,2-9 employees,Hybrid,4,0,3,0,1,8,147200.0
Germany,25-34 years old,Bachelor's degree,Full-stack developer,"1,000-4,999",Hybrid,13,10,6,1,1,6,82700.0
Italy,25-34 years old,Bachelor's degree,Back-end developer,500-999,Fully remote,6,3,3,0,1,7,60800.0
United States,25-34 years old,Bachelor's degree,Back-end developer,20-99,In-person,11,7,6,1,1,5,168500.0
Spain,25-34 years old,Master's degree,Back-end developer,10-19,Hybrid,9,6,4,1,1,8,68700.0
Australia,25-34 years old,Bachelor's degree,Data scientist/ML engineer,2-9 employees,Fully remote,4,2,2,0,1,10,166100.0
Russia,18-24 years old,High school/GED,Mobile developer,500-999,In-person,4,1,6,1,1,6,28400.0
Russia,25-34 years old,Master's degree,Data scientist/ML engineer,500-999,Fully remote,11,7,3,1,1,10,51200.0
United Kingdom,25-34 years old,Some college,Engineer (other),100-499,Fully remote,8,4,5,1,0,5,69400.0
France,25-34 years old,Bachelor's degree,Full-stack developer,"10,000 or more",Hybrid,13,9,5,1,1,3,87500.0
Canada,18-24 years old,Bachelor's degree,Full-stack developer,100-499,In-person,6,5,6,1,1,10,85200.0
India,45-54 years old,Less than high school,Mobile developer,"1,000-4,999",Fully remote,24,23,1,1,1,6,42500.0
India,35-44 years old,Master's degree,Mobile developer,2-9 employees,Hybrid,12,11,8,0,1,9,
India,35-44 years old,Master's degree,Full-stack developer,20-99,Hybrid,10,9,6,0,1,1,41800.0
United States,35-44 years old,Master's degree,Back-end developer,20-99,Fully remote,11,10,5,1,1,7,181200.0
Poland,25-34 years old,Some college,DevOps/SRE/platform engineer,500-999,Hybrid,7,6,2,1,1,1,50100.0
Sweden,18-24 years old,Bachelor's degree,Full-stack developer,20-99,Hybrid,4,3,2,1,0,7,76300.0
Spain,25-34 years old,Bachelor's degree,Full-stack developer,"1,000-4,999",Fully remote,4,0,4,1,1,8,96100.0
United States,35-44 years old,"Other doctoral degree (Ph.D, Ed.D, etc.)",Desktop/embedded developer,"1,000-4,999",Hybrid,12,12,5,1,1,7,160500.0
United States,35-44 years old,High school/GED,Engineer (other),2-9 employees,Fully remote,13,12,6,1,1,7,86900.0
Poland,25-34 years old,Bachelor's degree,Data scientist/ML engineer,"1,000-4,999",In-person,8,4,1,1,1,6,84800.0
India,18-24 years old,Master's degree,Data scientist/ML engineer,2-9 employees,Hybrid,5,5,2,1,1,8,27800.0
Australia,25-34 years old,Master's degree,Back-end developer,100-499,Hybrid,7,6,7,1,0,9,92500.0
Netherlands,25-34 years old,Master's degree,Desktop/embedded developer,"1,000-4,999",In-person,9,9,2,1,0,7,
Canada,35-44 years old,"Other doctoral degree (Ph.D, Ed.D, etc.)",Full-stack developer,"1,000-4,999",In-person,11,11,4,0,0,7,120900.0
India,35-44 years old,Bachelor's degree,Security professional,20-99,Hybrid,17,15,6,1,1,9,39500.0
United States,25-34 years old,Bachelor's degree,Back-end developer,20-99,Hybrid,13,10,2,1,1,3,166800.0
India,65 years or older,High school/GED,Front-end developer,100-499,Hybrid,41,39,4,1,1,7,28000.0
United Kingdom,35-44 years old,Some college,DevOps/SRE/platform engineer,10-19,Fully remote,9,9,3,1,0,7,66400.0
Italy,25-34 years old,Bachelor's degree,Full-stack developer,"10,000 or more",Hybrid,8,4,5,1,0,6,55400.0
United States,18-24 years old,Some college,Engineer (other),20-99,Fully remote,1,0,5,1,0,6,82700.0
United States,25-34 years old,Master's degree,Back-end developer,"10,000 or more",In-person,9,6,5,1,1,8,193700.0
Canada,25-34 years old,High school/GED,Back-end developer,"10,000 or more",Hybrid,8,7,7,1,1,9,78800.0
India,25-34 years old,Bachelor's degree,Full-stack developer,20-99,In-person,6,2,5,0,1,8,27300.0
Spain,25-34 years old,Master's degree,DevOps/SRE/platform engineer,20-99,Fully remote,8,5,5,0,0,5,111300.0
United States,25-34 years old,Bachelor's degree,DevOps/SRE/platform engineer,"5,000-9,999",Hybrid,2,0,7,1,1,4,144800.0
Sweden,25-34 years old,Master's degree,Full-stack developer,20-99,Hybrid,9,9,1,1,1,10,88300.0
Russia,45-54 years old,"Other doctoral degree (Ph.D, Ed.D, etc.)",Full-stack developer,100-499,Hybrid,22,18,5,1,1,5,51700.0
Russia,18-24 years old,Master's degree,Mobile developer,2-9 employees,Hybrid,2,2,6,1,1,7,39500.0
United States,25-34 years old,Bachelor's degree,Full-stack developer,100-499,Fully remote,4,4,5,1,1,1,158000.0
India,25-34 years old,"Professional degree (JD, MD, etc.)",Front-end developer,2-9 employees,Hybrid,9,8,3,1,1,9,35100.0
Netherlands,65 years or older,High school/GED,Front-end developer,20-99,Hybrid,30,26,2,0,0,8,80200.0
Australia,18-24 years old,Master's degree,DevOps/SRE/platform engineer,"1,000-4,999",Fully remote,1,1,4,1,0,8,147700.0
Brazil,25-34 years old,High school/GED,Front-end developer,"10,000 or more",Fully remote,7,5,4,1,1,6,26400.0
Germany,55-64 years old,Some college,Back-end developer,20-99,In-person,30,27,3,1,1,6,131400.0
India,45-54 years old,"Other doctoral degree (Ph.D, Ed.D, etc.)",Engineer (other),100-499,Hybrid,29,25,5,1,0,7,46600.0
Sweden,35-44 years old,Bachelor's degree,Full-stack developer,100-499,Hybrid,10,9,2,1,1,6,94300.0
United States,25-34 years old,Master's degree,Full-stack developer,10-19,Hybrid,11,7,4,1,1,4,128200.0
United States,25-34 years old,Bachelor's degree,Full-stack developer,500-999,Hybrid,7,6,6,0,0,5,78900.0
United States,35-44 years old,Master's degree,Engineer (other),"1,000-4,999",Hybrid,19,16,3,1,0,6,126800.0
Netherlands,45-54 years old,"Other doctoral degree (Ph.D, Ed.D, etc.)",Desktop/embedded developer,10-19,Fully remote,20,18,2,1,0,1,
United States,25-34 years old,Bachelor's degree,Full-stack developer,"5,000-9,999",Hybrid,3,3,3,1,0,6,144700.0
United Kingdom,35-44 years old,Bachelor's degree,Desktop/embedded developer,"1,000-4,999",Hybrid,19,15,3,1,1,9,140400.0
India,25-34 years old,Bachelor's degree,Back-end developer,20-99,Fully remote,7,6,6,1,0,7,33900.0
United States,35-44 years old,"Other doctoral degree (Ph.D, Ed.D, etc.)",Data/business analyst,"1,000-4,999",In-person,10,7,6,1,1,4,
Poland,25-34 years old,Bachelor's degree,Full-stack developer,100-499,Hybrid,3,3,6,0,1,8,
United States,25-34 years old,Bachelor's degree,Data scientist/ML engineer,"1,000-4,999",In-person,9,6,1,1,1,1,148600.0
India,25-34 years old,Bachelor's degree,Front-end developer,100-499,Fully remote,10,8,3,1,1,4,31200.0
United Kingdom,25-34 years old,Associate's degree,Full-stack developer,2-9 employees,Fully remote,3,3,8,1,1,7,110400.0
India,25-34 years old,High school/GED,DevOps/SRE/platform engineer,"5,000-9,999",In-person,0,0,7,0,1,8,
India,18-24 years old,Bachelor's degree,Full-stack developer,500-999,In-person,3,3,4,0,1,5,26800.0
Ukraine,35-44 years old,Master's degree,Desktop/embedded developer,"1,000-4,999",Hybrid,9,8,6,1,0,5,33800.0
Ukraine,25-34 years old,Bachelor's degree,Data scientist/ML engineer,10-19,Hybrid,0,0,4,1,1,1,21800.0
India,35-44 years old,Bachelor's degree,Front-end developer,"1,000-4,999",Hybrid,7,4,5,1,0,5,21000.0
India,25-34 years old,Master's degree,Full-stack developer,100-499,Hybrid,8,7,5,1,0,10,
India,25-34 years old,Bachelor's degree,Engineer (other),"5,000-9,999",Hybrid,5,5,4,1,1,6,29300.0
Spain,25-34 years old,"Professional degree (JD, MD, etc.)",Full-stack developer,500-999,Hybrid,7,4,2,1,1,6,60600.0
United Kingdom,18-24 years old,Bachelor's degree,Front-end developer,20-99,In-person,9,6,6,0,1,7,103200.0
United States,25-34 years old,Some college,Data scientist/ML engineer,20-99,In-person,11,7,6,1,0,10,176300.0
Spain,18-24 years old,Some college,Mobile developer,"5,000-9,999",In-person,9,6,6,1,1,6,66200.0
United Kingdom,18-24 years old,Master's degree,Front-end developer,500-999,Hybrid,2,0,2,1,1,3,98400.0
India,65 years or older,"Other doctoral degree (Ph.D, Ed.D, etc.)",Full-stack developer,"10,000 or more",In-person,35,35,2,1,1,8,59900.0
India,25-34 years old,Bachelor's degree,DevOps/SRE/platform engineer,100-499,Hybrid,0,0,1,1,1,9,27400.0
United States,35-44 years old,Some college,Full-stack developer,"1,000-4,999",Hybrid,11,11,4,0,0,8,
Sweden,25-34 years old,Bachelor's degree,Full-stack developer,"1,000-4,999",Fully remote,7,4,2,0,1,7,
Poland,35-44 years old,Master's degree,Mobile developer,"1,000-4,999",Hybrid,17,14,3,0,0,5,64900.0
United States,35-44 years old,Bachelor's degree,Front-end developer,"1,000-4,999",In-person,12,12,6,1,1,6,104100.0
United Kingdom,35-44 years old,"Other doctoral degree (Ph.D, Ed.D, etc.)",Full-stack developer,10-19,Fully remote,15,14,5,1,1,6,127900.0
United Kingdom,25-34 years old,Master's degree,Front-end developer,100-499,In-person,8,7,1,1,1,10,91000.0
United States,25-34 years old,Master's degree,Full-stack developer,100-499,Hybrid,13,11,1,1,1,2,221300.0
Germany,25-34 years old,Bachelor's degree,Full-stack developer,20-99,Fully remote,8,4,2,1,0,6,
France,45-54 years old,Bachelor's degree,Full-stack developer,100-499,Hybrid,19,17,2,1,1,6,123400.0
India,45-54 years old,Master's degree,Data scientist/ML engineer,100-499,Hybrid,21,21,4,1,1,10,81600.0
India,55-64 years old,Bachelor's degree,Data scientist/ML engineer,20-99,Hybrid,26,26,5,1,1,1,39100.0
United States,18-24 years old,Bachelor's degree,Front-end developer,20-99,In-person,6,6,1,1,0,5,116700.0
India,35-44 years old,Some college,Full-stack developer,"1,000-4,999",Hybrid,15,11,4,0,0,10,32700.0
Canada,55-64 years old,Bachelor's degree,Data scientist/ML engineer,2-9 employees,Hybrid,29,26,1,1,1,4,161900.0
United States,25-34 years old,Bachelor's degree,Back-end developer,20-99,In-person,8,4,3,1,1,8,88700.0
Canada,18-24 years old,Bachelor's degree,Back-end developer,"1,000-4,999",In-person,6,4,5,0,1,7,119000.0
India,35-44 years old,Some college,Mobile developer,20-99,Hybrid,15,12,6,1,1,9,21400.0
France,35-44 years old,Bachelor's degree,Back-end developer,500-999,Hybrid,13,10,4,0,0,9,112300.0
India,45-54 years old,Some college,Front-end developer,20-99,Fully remote,27,25,7,1,1,7,23100.0
United Kingdom,18-24 years old,Master's degree,Data/business analyst,"10,000 or more",Hybrid,3,0,5,1,0,7,64000.0
Canada,35-44 years old,Bachelor's degree,Back-end developer,20-99,Fully remote,13,12,2,1,1,4,146200.0
Brazil,25-34 years old,Master's degree,Front-end developer,20-99,Hybrid,9,7,4,1,1,2,39000.0
Poland,25-34 years old,Master's degree,Front-end developer,100-499,In-person,2,0,3,1,1,8,62000.0
United States,25-34 years old,Master's degree,Full-stack developer,10-19,Hybrid,7,6,4,0,0,7,156300.0
Sweden,35-44 years old,Master's degree,Data scientist/ML engineer,"5,000-9,999",Hybrid,13,9,4,0,1,8,123700.0
Spain,35-44 years old,Bachelor's degree,Data scientist/ML engineer,"1,000-4,999",Hybrid,18,14,5,1,0,1,80600.0
United Kingdom,25-34 years old,High school/GED,Full-stack developer,"5,000-9,999",Fully remote,6,2,5,0,0,10,55200.0
Russia,25-34 years old,Master's degree,Full-stack developer,100-499,Fully remote,10,7,5,1,0,3,66800.0
India,45-54 years old,Bachelor's degree,Security professional,"10,000 or more",In-person,24,23,3,0,1,9,44700.0
United States,25-34 years old,Bachelor's degree,Front-end developer,100-499,Fully remote,10,8,7,1,1,4,100300.0
Brazil,35-44 years old,Bachelor's degree,Full-stack developer,2-9 employees,Hybrid,15,13,7,1,0,5,56500.0
Ukraine,25-34 years old,"Professional degree (JD, MD, etc.)",Full-stack developer,20-99,In-person,6,4,3,0,1,9,
United States,25-34 years old,Bachelor's degree,Front-end developer,"1,000-4,999",Hybrid,6,3,3,1,0,7,119900.0
France,25-34 years old,Bachelor's degree,Full-stack developer,"10,000 or more",Hybrid,12,9,1,1,1,8,65700.0
Australia,25-34 years old,"Other doctoral degree (Ph.D, Ed.D, etc.)",Full-stack developer,2-9 employees,Fully remote,7,3,1,1,1,9,88900.0
Russia,35-44 years old,Master's degree,Data scientist/ML engineer,"10,000 or more",Hybrid,12,9,4,1,1,5,54300.0
India,25-34 years old,High school/GED,Data scientist/ML engineer,"5,000-9,999",In-person,11,7,3,0,1,4,32600.0
United States,25-34 years old,"Professional degree (JD, MD, etc.)",Back-end developer,20-99,In-person,7,3,4,1,1,7,
India,45-54 years old,Associate's degree,Full-stack developer,"1,000-4,999",In-person,19,17,2,0,1,6,37200.0
United Kingdom,25-34 years old,Master's degree,Back-end developer,10-19,Fully remote,4,1,4,1,1,8,61800.0
Ukraine,25-34 years old,Bachelor's degree,Full-stack developer,"5,000-9,999",Fully remote,8,4,3,0,1,1,44000.0
Canada,45-54 years old,Bachelor's degree,Back-end developer,"1,000-4,999",Fully remote,21,20,5,1,1,7,137000.0
Ukraine,35-44 years old,Master's degree,Full-stack developer,100-499,Hybrid,14,13,1,0,0,7,44500.0
Poland,18-24 years old,Associate's degree,Full-stack developer,"10,000 or more",In-person,7,4,9,1,1,9,40600.0
Canada,55-64 years old,Some college,Back-end developer,10-19,Fully remote,32,30,5,1,1,7,103800.0
United States,35-44 years old,Master's degree,Data/business analyst,"10,000 or more",Fully remote,13,11,6,1,0,10,191100.0
India,25-34 years old,Bachelor's degree,Full-stack developer,Just me,In-person,8,4,5,1,1,1,32600.0
United States,18-24 years old,"Other doctoral degree (Ph.D, Ed.D, etc.)",Back-end developer,"5,000-9,999",Fully remote,6,3,6,1,1,7,193900.0
India,35-44 years old,Bachelor's degree,Back-end developer,500-999,Hybrid,17,16,8,0,1,10,34100.0
United States,35-44 years old,Some college,Back-end developer,"1,000-4,999",Fully remote,16,12,2,0,1,10,
United States,25-34 years old,Master's degree,DevOps/SRE/platform engineer,100-499,In-person,8,4,7,1,0,5,
India,45-54 years old,Bachelor's degree,Back-end developer,"10,000 or more",Fully remote,17,17,1,1,1,9,39500.0
United Kingdom,35-44 years old,Some college,Data scientist/ML engineer,20-99,In-person,11,8,5,1,1,9,102000.0
United States,25-34 years old,Bachelor's degree,Full-stack developer,20-99,Hybrid,11,7,6,0,1,10,126400.0
Brazil,25-34 years old,"Other doctoral degree (Ph.D, Ed.D, etc.)",Mobile developer,20-99,Hybrid,8,7,2,0,1,7,37800.0
Canada,25-34 years old,Bachelor's degree,Full-stack developer,"5,000-9,999",Hybrid,7,7,9,1,1,7,109300.0
Brazil,35-44 years old,Bachelor's degree,Full-stack developer,100-499,Hybrid,13,12,7,1,1,8,35300.0
Brazil,18-24 years old,Bachelor's degree,Full-stack developer,100-499,Hybrid,8,6,6,1,0,10,67600.0
Brazil,35-44 years old,High school/GED,Full-stack developer,"10,000 or more",In-person,11,11,6,1,1,5,37900.0
Ukraine,35-44 years old,Some college,Back-end developer,"10,000 or more",Hybrid,15,15,6,1,1,8,36400.0
United States,45-54 years old,Master's degree,Back-end developer,10-19,In-person,24,20,1,1,1,8,222700.0
India,25-34 years old,"Other doctoral degree (Ph.D, Ed.D, etc.)",Data scientist/ML engineer,100-499,In-person,5,3,4,1,0,9,41100.0
United States,45-54 years old,Some college,Full-stack developer,10-19,Hybrid,26,22,4,1,0,8,148900.0
Canada,18-24 years old,Bachelor's degree,Back-end developer,"10,000 or more",In-person,6,3,5,0,1,7,100300.0
India,45-54 years old,"Other doctoral degree (Ph.D, Ed.D, etc.)",Back-end developer,"10,000 or more",Fully remote,22,21,7,1,1,6,43600.0
Germany,18-24 years old,Some college,Front-end developer,"10,000 or more",Fully remote,3,2,3,0,1,10,96400.0
United States,25-34 years old,Some college,Full-stack developer,"1,000-4,999",Hybrid,9,5,7,1,1,6,149700.0
France,35-44 years old,"Professional degree (JD, MD, etc.)",Full-stack developer,100-499,In-person,20,19,1,0,1,5,108500.0
Canada,25-34 years old,Master's degree,Back-end developer,100-499,In-person,10,9,8,1,1,8,109900.0
India,25-34 years old,Some college,DevOps/SRE/platform engineer,100-499,Fully remote,10,7,3,1,1,7,29200.0
Germany,35-44 years old,Bachelor's degree,Desktop/embedded developer,2-9 employees,In-person,14,12,6,1,0,4,102000.0
Russia,35-44 years old,High school/GED,Full-stack developer,"10,000 or more",Fully remote,15,15,3,0,1,6,
Netherlands,35-44 years old,Bachelor's degree,Full-stack developer,100-499,In-person,18,14,6,1,1,4,128100.0
United States,35-44 years old,Master's degree,Full-stack developer,"10,000 or more",Hybrid,16,12,2,1,1,4,180500.0
Spain,25-34 years old,Bachelor's degree,Back-end developer,"10,000 or more",Hybrid,7,4,7,0,1,3,69900.0
United States,25-34 years old,Master's degree,Front-end developer,"10,000 or more",Fully remote,8,5,2,1,1,8,142200.0
India,25-34 years old,Bachelor's degree,Full-stack developer,500-999,In-person,0,0,3,1,1,6,33500.0
United States,25-34 years old,Some college,Back-end developer,2-9 employees,In-person,8,6,5,1,1,2,123900.0
Ukraine,45-54 years old,High school/GED,Front-end developer,20-99,Fully remote,23,19,3,1,1,8,56100.0
United States,35-44 years old,Master's degree,Back-end developer,500-999,In-person,20,17,5,1,1,5,272200.0
United States,25-34 years old,Master's degree,Full-stack developer,Just me,In-person,9,5,3,0,0,4,142800.0
Russia,25-34 years old,Associate's degree,Back-end developer,2-9 employees,In-person,2,1,3,1,1,10,33400.0
Canada,55-64 years old,Bachelor's degree,Back-end developer,"1,000-4,999",Hybrid,32,28,2,0,1,3,69000.0
Netherlands,25-34 years old,Master's degree,DevOps/SRE/platform engineer,"10,000 or more",Fully remote,4,2,4,1,1,6,82400.0
United States,35-44 years old,Bachelor's degree,Data scientist/ML engineer,"10,000 or more",Fully remote,15,13,4,1,0,7,172000.0
India,25-34 years old,Bachelor's degree,Full-stack developer,10-19,In-person,10,6,1,1,1,10,28600.0
Italy,35-44 years old,Bachelor's degree,Full-stack developer,"10,000 or more",In-person,16,15,9,1,1,3,84200.0
Canada,18-24 years old,Associate's degree,Back-end developer,"1,000-4,999",Hybrid,2,0,3,1,1,10,98500.0
Spain,45-54 years old,Master's degree,Back-end developer,"1,000-4,999",In-person,23,20,4,1,1,9,69800.0
Sweden,55-64 years old,Bachelor's degree,Mobile developer,20-99,Hybrid,28,24,6,1,1,8,
France,35-44 years old,Master's degree,Back-end developer,"1,000-4,999",Hybrid,15,14,3,0,1,3,82700.0
India,35-44 years old,Master's degree,DevOps/SRE/platform engineer,"1,000-4,999",In-person,17,14,4,1,0,5,33400.0
India,45-54 years old,"Other doctoral degree (Ph.D, Ed.D, etc.)",Back-end developer,500-999,Hybrid,25,21,5,0,1,5,47800.0
United States,35-44 years old,Bachelor's degree,DevOps/SRE/platform engineer,20-99,Fully remote,13,12,3,0,1,7,225500.0
Germany,25-34 years old,Some college,Desktop/embedded developer,"5,000-9,999",Fully remote,9,6,5,1,1,3,
Russia,35-44 years old,Bachelor's degree,Desktop/embedded developer,"10,000 or more",Hybrid,19,17,2,1,1,9,
Germany,35-44 years old,High school/GED,Back-end developer,"10,000 or more",Hybrid,15,11,4,0,1,8,61600.0
Russia,25-34 years old,Master's degree,DevOps/SRE/platform engineer,20-99,Hybrid,9,5,5,1,1,9,42700.0
Australia,35-44 years old,Master's degree,Full-stack developer,100-499,Fully remote,11,9,4,1,1,5,126900.0
Italy,55-64 years old,Master's degree,Mobile developer,20-99,Fully remote,25,25,6,1,1,7,108600.0
Ukraine,45-54 years old,Bachelor's degree,Front-end developer,"1,000-4,999",Fully remote,23,20,4,1,1,9,
Brazil,25-34 years old,Some college,Back-end developer,"10,000 or more",Hybrid,10,8,10,1,0,2,35800.0
Spain,18-24 years old,Bachelor's degree,Engineer (other),20-99,In-person,5,1,6,1,1,7,78100.0
Poland,65 years or older,Master's degree,DevOps/SRE/platform engineer,"10,000 or more",Fully remote,37,34,6,1,1,8,88500.0
Brazil,45-54 years old,Bachelor's degree,Data scientist/ML engineer,"1,000-4,999",Fully remote,22,19,3,1,1,6,87400.0
Brazil,18-24 years old,High school/GED,Full-stack developer,20-99,Fully remote,0,0,5,0,1,6,37800.0
Brazil,45-54 years old,Bachelor's degree,Engineer (other),100-499,Hybrid,25,21,9,0,1,2,47000.0
India,45-54 years old,"Other doctoral degree (Ph.D, Ed.D, etc.)",Data scientist/ML engineer,2-9 employees,Hybrid,17,16,3,1,0,7,54900.0
Germany,25-34 years old,Master's degree,Front-end developer,500-999,In-person,9,9,3,1,1,7,130900.0
India,35-44 years old,"Professional degree (JD, MD, etc.)",Mobile developer,10-19,Fully remote,10,10,3,1,1,8,37000.0
United States,25-34 years old,Master's degree,Full-stack developer,"1,000-4,999",Fully remote,8,7,6,1,1,3,138800.0
Germany,18-24 years old,Bachelor's degree,Full-stack developer,"1,000-4,999",In-person,1,0,3,1,1,6,65000.0
Russia,25-34 years old,Some college,Front-end developer,100-499,Hybrid,7,7,7,1,1,5,40700.0
France,35-44 years old,Bachelor's degree,Full-stack developer,2-9 employees,In-person,17,14,4,1,1,4,117900.0
United States,18-24 years old,Bachelor's degree,Desktop/embedded developer,500-999,Hybrid,5,3,6,1,1,5,105900.0
Australia,25-34 years old,Master's degree,Full-stack developer,100-499,Hybrid,4,2,3,1,0,6,77900.0
Ukraine,25-34 years old,Bachelor's degree,Full-stack developer,"10,000 or more",Hybrid,6,6,5,0,1,8,31000.0
Australia,25-34 years old,Some college,Back-end developer,100-499,Hybrid,4,1,9,0,1,6,81200.0
Brazil,45-54 years old,Bachelor's degree,Back-end developer,2-9 employees,Hybrid,20,19,2,1,1,2,67700.0
United States,25-34 years old,Some college,Full-stack developer,"1,000-4,999",Fully remote,8,8,4,0,1,6,191800.0
India,25-34 years old,Bachelor's degree,Full-stack developer,"5,000-9,999",Hybrid,11,7,2,1,1,3,27600.0
United Kingdom,35-44 years old,Bachelor's degree,Back-end developer,10-19,Fully remote,15,12,5,1,1,5,150000.0
United States,25-34 years old,Bachelor's degree,Data scientist/ML engineer,100-499,Hybrid,6,2,1,0,1,3,115900.0
United States,25-34 years old,Bachelor's degree,DevOps/SRE/platform engineer,"1,000-4,999",Fully remote,11,7,4,1,1,10,190400.0
Ukraine,25-34 years old,Bachelor's degree,Full-stack developer,Just me,Fully remote,5,5,4,0,1,9,46400.0
Brazil,25-34 years old,Bachelor's degree,Front-end developer,Just me,In-person,3,0,4,0,0,7,
India,25-34 years old,Bachelor's degree,Full-stack developer,"1,000-4,999",Hybrid,11,7,1,1,1,5,25100.0
India,25-34 years old,Master's degree,Back-end developer,"1,000-4,999",In-person,8,5,1,1,1,4,36900.0
India,25-34 years old,Some college,Mobile developer,"10,000 or more",Hybrid,11,9,2,1,0,9,38300.0
United States,45-54 years old,High school/GED,Back-end developer,100-499,In-person,21,17,2,0,1,3,149900.0
Poland,25-34 years old,Bachelor's degree,Back-end developer,100-499,Hybrid,4,0,5,1,0,8,60700.0
United States,35-44 years old,Some college,Full-stack developer,500-999,Fully remote,16,13,3,0,0,5,173200.0
Netherlands,35-44 years old,Bachelor's degree,Data/business analyst,"5,000-9,999",Hybrid,15,13,5,1,1,7,71100.0
Spain,18-24 years old,"Other doctoral degree (Ph.D, Ed.D, etc.)",Back-end developer,"1,000-4,999",Hybrid,4,0,5,1,1,8,68100.0
Canada,35-44 years old,Master's degree,Front-end developer,20-99,In-person,9,9,9,0,0,2,133600.0
Poland,25-34 years old,Bachelor's degree,Back-end developer,20-99,In-person,16,13,6,1,0,4,54300.0
United States,55-64 years old,Bachelor's degree,Full-stack developer,"5,000-9,999",Hybrid,30,27,4,1,1,8,157100.0
United Kingdom,25-34 years old,Some college,DevOps/SRE/platform engineer,100-499,In-person,11,7,7,1,1,9,114800.0
France,25-34 years old,Bachelor's degree,Full-stack developer,2-9 employees,Fully remote,5,3,7,0,0,5,75800.0
France,18-24 years old,Bachelor's degree,Desktop/embedded developer,10-19,Hybrid,4,0,8,0,1,4,
United States,65 years or older,"Other doctoral degree (Ph.D, Ed.D, etc.)",Front-end developer,"10,000 or more",Hybrid,35,34,5,1,0,10,131000.0
India,25-34 years old,Bachelor's degree,Full-stack developer,"10,000 or more",In-person,8,4,7,1,0,9,33800.0
India,35-44 years old,Bachelor's degree,Full-stack developer,20-99,Hybrid,12,11,5,1,1,9,29700.0
United Kingdom,18-24 years old,"Other doctoral degree (Ph.D, Ed.D, etc.)",Front-end developer,100-499,Fully remote,1,1,6,0,1,3,58000.0
Poland,35-44 years old,Master's degree,Back-end developer,10-19,Fully remote,16,13,6,1,1,10,70500.0
United Kingdom,25-34 years old,"Other doctoral degree (Ph.D, Ed.D, etc.)",Full-stack developer,20-99,In-person,8,5,4,1,0,7,113300.0
Poland,45-54 years old,Bachelor's degree,Full-stack developer,100-499,Fully remote,18,16,5,1,1,8,83500.0
United States,25-34 years old,Bachelor's degree,Data scientist/ML engineer,20-99,In-person,10,6,3,1,1,7,159300.0
Spain,25-34 years old,Master's degree,DevOps/SRE/platform engineer,"1,000-4,999",Hybrid,0,0,7,1,1,6,64300.0
United Kingdom,18-24 years old,Bachelor's degree,DevOps/SRE/platform engineer,100-499,Hybrid,1,0,2,1,1,3,60600.0
United States,25-34 years old,Some college,Back-end developer,"10,000 or more",Fully remote,9,7,6,0,1,5,157500.0
France,35-44 years old,Master's degree,Front-end developer,"1,000-4,999",In-person,14,14,3,1,1,7,97200.0
United Kingdom,18-24 years old,Master's degree,Full-stack developer,10-19,In-person,1,1,4,1,1,6,80900.0
United States,35-44 years old,Master's degree,Full-stack developer,10-19,Hybrid,9,8,3,1,1,3,149200.0
Poland,25-34 years old,"Other doctoral degree (Ph.D, Ed.D, etc.)",DevOps/SRE/platform engineer,"10,000 or more",Fully remote,4,3,3,1,1,8,79700.0
Ukraine,25-34 years old,Master's degree,Data scientist/ML engineer,"5,000-9,999",Hybrid,7,4,10,1,0,7,49400.0
India,25-34 years old,High school/GED,Data scientist/ML engineer,100-499,Hybrid,4,0,9,1,1,2,32800.0
Germany,25-34 years old,Master's degree,Back-end developer,10-19,Fully remote,5,3,5,1,1,8,
United States,25-34 years old,Master's degree,DevOps/SRE/platform engineer,"10,000 or more",Fully remote,11,7,2,1,1,9,167200.0
Ukraine,25-34 years old,"Other doctoral degree (Ph.D, Ed.D, etc.)",Mobile developer,20-99,Fully remote,11,9,1,1,1,8,38400.0
India,25-34 years old,Bachelor's degree,Back-end developer,2-9 employees,Fully remote,4,4,4,0,0,10,
United States,45-54 years old,Some college,Full-stack developer,"10,000 or more",Fully remote,23,22,5,1,1,6,166000.0
Germany,55-64 years old,Master's degree,Back-end developer,"5,000-9,999",In-person,23,22,1,1,0,3,167500.0
United States,25-34 years old,Bachelor's degree,Full-stack developer,"1,000-4,999",In-person,7,7,5,1,1,8,142500.0
India,25-34 years old,Bachelor's degree,DevOps/SRE/platform engineer,2-9 employees,Hybrid,3,3,6,0,1,9,32100.0
United States,35-44 years old,Bachelor's degree,Back-end developer,100-499,Fully remote,15,13,3,1,1,6,188700.0
United States,25-34 years old,Bachelor's degree,Front-end developer,"1,000-4,999",Fully remote,4,4,7,1,1,5,142200.0
United States,18-24 years old,Master's degree,Front-end developer,"5,000-9,999",In-person,7,5,3,0,1,8,120300.0
Spain,25-34 years old,Bachelor's degree,Back-end developer,100-499,In-person,6,2,4,1,1,8,
Ukraine,35-44 years old,Master's degree,Full-stack developer,"10,000 or more",Fully remote,15,14,3,0,1,9,37800.0
Germany,35-44 years old,High school/GED,Security professional,20-99,Hybrid,12,11,2,1,1,8,82300.0
Canada,18-24 years old,Bachelor's degree,Full-stack developer,2-9 employees,Hybrid,2,1,3,1,1,6,112600.0
Brazil,25-34 years old,Bachelor's degree,Data scientist/ML engineer,20-99,Hybrid,8,4,4,1,1,6,55400.0
India,25-34 years old,Master's degree,Data scientist/ML engineer,"1,000-4,999",In-person,6,2,4,0,1,9,41300.0
India,35-44 years old,Bachelor's degree,Full-stack developer,"1,000-4,999",Fully remote,15,12,3,1,0,5,42700.0
France,18-24 years old,Master's degree,Mobile developer,"1,000-4,999",Fully remote,3,1,5,1,0,3,
India,18-24 years old,Master's degree,Back-end developer,2-9 employees,Fully remote,4,2,5,1,1,5,
Canada,35-44 years old,Master's degree,Front-end developer,"10,000 or more",In-person,15,12,1,1,1,7,118300.0
United Kingdom,25-34 years old,Bachelor's degree,Front-end developer,20-99,Fully remote,8,7,4,1,0,7,69100.0
United Kingdom,35-44 years old,Bachelor's degree,Back-end developer,20-99,Hybrid,17,15,4,1,1,3,76300.0
Australia,25-34 years old,Bachelor's degree,Full-stack developer,500-999,Hybrid,4,2,2,1,0,5,87400.0
Brazil,18-24 years old,Bachelor's degree,Data scientist/ML engineer,20-99,Hybrid,5,4,2,1,1,8,54200.0
Sweden,25-34 years old,High school/GED,Front-end developer,100-499,Fully remote,1,1,3,1,1,9,79400.0
Netherlands,35-44 years old,Master's degree,Full-stack developer,100-499,Hybrid,14,14,7,1,0,3,
United States,45-54 years old,Master's degree,Desktop/embedded developer,20-99,Hybrid,25,22,8,1,0,7,210800.0
Poland,45-54 years old,Bachelor's degree,Desktop/embedded developer,20-99,Fully remote,18,14,5,1,1,4,47300.0
France,25-34 years old,Bachelor's degree,Front-end developer,100-499,Hybrid,7,5,8,1,1,8,80800.0
France,35-44 years old,"Other doctoral degree (Ph.D, Ed.D, etc.)",Full-stack developer,20-99,Fully remote,13,11,3,1,1,4,88200.0
Germany,25-34 years old,Bachelor's degree,Back-end developer,100-499,Fully remote,6,3,1,1,1,3,
United States,25-34 years old,Master's degree,Full-stack developer,"1,000-4,999",Fully remote,12,9,2,1,1,6,179800.0
Ukraine,45-54 years old,High school/GED,Back-end developer,10-19,Hybrid,20,18,8,1,1,3,57300.0
Spain,18-24 years old,Bachelor's degree,Mobile developer,"1,000-4,999",In-person,1,0,4,0,1,9,57600.0
Germany,18-24 years old,Master's degree,Full-stack developer,"1,000-4,999",Fully remote,3,2,6,1,1,9,106000.0
United States,25-34 years old,Bachelor's degree,Full-stack developer,"5,000-9,999",In-person,11,7,3,1,0,7,
Australia,18-24 years old,Bachelor's degree,Data scientist/ML engineer,"10,000 or more",Hybrid,3,1,3,0,1,7,93500.0
Germany,25-34 years old,"Professional degree (JD, MD, etc.)",Full-stack developer,10-19,In-person,10,8,10,1,1,4,143800.0
India,35-44 years old,Master's degree,Full-stack developer,10-19,In-person,16,14,3,0,1,5,68600.0
France,25-34 years old,Master's degree,Front-end developer,500-999,Hybrid,2,0,5,1,1,3,69600.0
Poland,45-54 years old,Bachelor's degree,Data scientist/ML engineer,"5,000-9,999",Fully remote,21,18,5,1,1,5,67100.0
United States,35-44 years old,Master's degree,Data scientist/ML engineer,20-99,Hybrid,10,10,5,1,1,6,115000.0
Poland,25-34 years old,Master's degree,Data scientist/ML engineer,100-499,In-person,8,6,6,1,1,8,112500.0
Brazil,25-34 years old,"Other doctoral degree (Ph.D, Ed.D, etc.)",Back-end developer,"5,000-9,999",Hybrid,0,0,1,1,1,8,55600.0
Canada,25-34 years old,Master's degree,DevOps/SRE/platform engineer,"5,000-9,999",Fully remote,14,13,5,1,1,6,148700.0
India,35-44 years old,Master's degree,Full-stack developer,"1,000-4,999",Hybrid,18,14,1,1,1,5,48900.0
United States,25-34 years old,Some college,Back-end developer,2-9 employees,Hybrid,6,5,2,1,1,9,101000.0
United States,35-44 years old,Master's degree,Back-end developer,2-9 employees,In-person,18,16,1,1,1,6,263700.0
United States,25-34 years old,Master's degree,Full-stack developer,100-499,Hybrid,13,12,3,1,1,7,183900.0
United States,25-34 years old,Master's degree,Back-end developer,Just me,Hybrid,11,8,3,0,0,5,159200.0
India,25-34 years old,Bachelor's degree,Front-end developer,"10,000 or more",Fully remote,8,8,7,1,1,2,31900.0
India,25-34 years old,"Professional degree (JD, MD, etc.)",Front-end developer,Just me,Hybrid,7,5,6,1,1,4,
India,55-64 years old,Some college,Back-end developer,Just me,Hybrid,31,28,11,1,1,8,32500.0
India,35-44 years old,Bachelor's degree,Data scientist/ML engineer,10-19,Hybrid,11,11,6,0,1,5,30200.0
India,25-34 years old,Master's degree,Data scientist/ML engineer,"1,000-4,999",Hybrid,6,3,4,0,0,3,38500.0
Brazil,45-54 years old,Master's degree,Full-stack developer,100-499,Hybrid,19,18,7,1,1,8,61800.0
Germany,25-34 years old,Bachelor's degree,Back-end developer,"1,000-4,999",Hybrid,3,1,2,1,1,7,58600.0
United States,45-54 years old,Master's degree,Full-stack developer,"10,000 or more",Hybrid,21,20,5,1,0,1,
United States,35-44 years old,Bachelor's degree,Full-stack developer,100-499,Fully remote,11,7,3,1,1,10,181800.0
Brazil,25-34 years old,Less than high school,Data scientist/ML engineer,2-9 employees,In-person,8,6,2,1,0,6,44600.0
India,18-24 years old,Some college,Full-stack developer,"5,000-9,999",Hybrid,2,1,1,1,1,8,23000.0
Ukraine,25-34 years old,Master's degree,Full-stack developer,"5,000-9,999",Hybrid,7,5,2,1,1,10,46100.0
Brazil,25-34 years old,Associate's degree,Full-stack developer,2-9 employees,Fully remote,3,3,4,1,1,8,26400.0
India,35-44 years old,Some college,DevOps/SRE/platform engineer,20-99,Fully remote,23,21,1,1,0,6,51900.0
United Kingdom,25-34 years old,Master's degree,Full-stack developer,"5,000-9,999",Hybrid,11,9,6,1,0,7,57800.0
France,18-24 years old,Bachelor's degree,Desktop/embedded developer,100-499,Hybrid,0,0,7,1,1,3,67600.0
United States,45-54 years old,Master's degree,Full-stack developer,100-499,Hybrid,22,21,3,1,1,4,251400.0
India,65 years or older,Master's degree,Data scientist/ML engineer,"10,000 or more",In-person,35,33,2,1,1,6,55900.0
United Kingdom,25-34 years old,Master's degree,Mobile developer,2-9 employees,In-person,5,2,3,1,1,3,112400.0
Ukraine,25-34 years old,Bachelor's degree,Back-end developer,"1,000-4,999",Fully remote,3,1,4,1,1,3,32200.0
India,25-34 years old,Bachelor's degree,Data scientist/ML engineer,20-99,Fully remote,7,6,4,1,0,9,36100.0
India,18-24 years old,Master's degree,Desktop/embedded developer,2-9 employees,Fully remote,0,0,7,1,0,5,39100.0
United States,45-54 years old,Bachelor's degree,Data scientist/ML engineer,"1,000-4,999",Hybrid,24,23,4,1,1,6,265600.0
Canada,18-24 years old,High school/GED,Data scientist/ML engineer,10-19,Hybrid,8,4,1,1,1,4,83300.0
Poland,35-44 years old,Bachelor's degree,Full-stack developer,"1,000-4,999",Hybrid,18,16,5,1,1,6,72900.0
Germany,25-34 years old,High school/GED,Back-end developer,20-99,Hybrid,4,2,5,1,1,8,65700.0
Poland,25-34 years old,"Other doctoral degree (Ph.D, Ed.D, etc.)",Data/business analyst,2-9 employees,Fully remote,6,6,3,1,0,10,
India,35-44 years old,Master's degree,Back-end developer,2-9 employees,In-person,16,14,1,1,1,7,42100.0
Brazil,45-54 years old,Associate's degree,Engineer (other),"10,000 or more",In-person,22,19,2,1,1,5,53300.0
India,25-34 years old,Bachelor's degree,Front-end developer,100-499,Fully remote,6,3,2,1,1,7,26600.0
Netherlands,18-24 years old,"Other doctoral degree (Ph.D, Ed.D, etc.)",Back-end developer,20-99,Fully remote,7,6,5,1,1,3,55200.0
Australia,18-24 years old,Bachelor's degree,Front-end developer,100-499,Fully remote,2,2,7,1,0,8,72100.0
Netherlands,45-54 years old,Master's degree,DevOps/SRE/platform engineer,"1,000-4,999",Hybrid,26,22,3,1,1,6,109000.0
United States,45-54 years old,Bachelor's degree,Back-end developer,2-9 employees,In-person,19,18,1,0,1,10,199200.0
Brazil,35-44 years old,Master's degree,Full-stack developer,"10,000 or more",Hybrid,8,8,3,1,1,8,28900.0
United Kingdom,35-44 years old,Master's degree,Desktop/embedded developer,"10,000 or more",In-person,10,10,5,1,1,7,106800.0
Italy,35-44 years old,High school/GED,Data/business analyst,100-499,Hybrid,13,12,3,0,1,5,43300.0
India,25-34 years old,Bachelor's degree,Front-end developer,100-499,Hybrid,3,2,8,1,1,3,29000.0
Netherlands,45-54 years old,Bachelor's degree,Full-stack developer,"10,000 or more",Hybrid,22,20,5,1,0,4,123600.0
India,25-34 years old,"Professional degree (JD, MD, etc.)",Full-stack developer,100-499,Fully remote,4,0,2,0,1,7,31300.0
India,25-34 years old,Some college,Mobile developer,"10,000 or more",Hybrid,5,2,6,1,1,7,32600.0
United States,25-34 years old,Bachelor's degree,Full-stack developer,Just me,Hybrid,9,7,1,0,1,1,180800.0
United States,18-24 years old,Bachelor's degree,Front-end developer,100-499,In-person,3,3,1,1,1,8,164100.0
United States,25-34 years old,Master's degree,Full-stack developer,"10,000 or more",In-person,8,4,4,1,1,2,126600.0
United States,35-44 years old,Master's degree,Full-stack developer,20-99,Hybrid,13,9,4,0,1,3,
United States,18-24 years old,Bachelor's degree,Back-end developer,20-99,Fully remote,1,0,4,1,1,8,
Netherlands,35-44 years old,Some college,Full-stack developer,"1,000-4,999",Hybrid,15,11,6,1,1,8,80400.0
Germany,25-34 years old,High school/GED,Data scientist/ML engineer,"10,000 or more",Fully remote,11,7,5,1,1,5,69500.0
Netherlands,25-34 years old,Bachelor's degree,Back-end developer,20-99,Hybrid,8,8,2,1,1,8,
Canada,25-34 years old,Bachelor's degree,Back-end developer,"10,000 or more",Hybrid,6,4,3,0,1,1,101900.0
Australia,25-34 years old,Bachelor's degree,Back-end developer,"1,000-4,999",Hybrid,6,2,4,1,1,5,92800.0
Germany,35-44 years old,"Other doctoral degree (Ph.D, Ed.D, etc.)",Mobile developer,"10,000 or more",Hybrid,14,13,5,1,1,8,154200.0
United States,25-34 years old,Bachelor's degree,Desktop/embedded developer,"1,000-4,999",Hybrid,5,3,3,1,1,7,95200.0
Canada,35-44 years old,Master's degree,Full-stack developer,"1,000-4,999",Hybrid,11,10,3,0,1,9,84400.0
France,25-34 years old,Some college,Full-stack developer,"5,000-9,999",In-person,13,9,6,1,0,4,
Canada,35-44 years old,High school/GED,Front-end developer,10-19,Fully remote,16,14,5,1,1,9,60500.0
Netherlands,55-64 years old,Bachelor's degree,DevOps/SRE/platform engineer,"10,000 or more",In-person,32,28,6,1,1,7,123800.0
Brazil,35-44 years old,Master's degree,Back-end developer,10-19,In-person,8,8,5,0,0,3,62800.0
Germany,25-34 years old,Bachelor's degree,Full-stack developer,Just me,In-person,8,6,2,1,1,2,150000.0
Australia,18-24 years old,Master's degree,Data scientist/ML engineer,"1,000-4,999",Hybrid,6,5,7,0,1,1,
Brazil,25-34 years old,Bachelor's degree,Front-end developer,10-19,Hybrid,4,4,3,1,1,8,34600.0
United States,35-44 years old,Bachelor's degree,Front-end developer,"5,000-9,999",Hybrid,19,16,4,1,1,5,164400.0
United Kingdom,18-24 years old,"Professional degree (JD, MD, etc.)",Full-stack developer,"5,000-9,999",In-person,6,5,3,0,1,4,112300.0
Brazil,25-34 years old,Bachelor's degree,Full-stack developer,20-99,In-person,14,10,3,1,1,7,59400.0
United Kingdom,35-44 years old,Bachelor's degree,Full-stack developer,2-9 employees,In-person,14,13,6,1,0,6,86300.0
Ukraine,25-34 years old,Some college,Full-stack developer,100-499,In-person,10,7,3,0,1,6,40900.0
United States,35-44 years old,Master's degree,Engineer (other),"10,000 or more",Hybrid,17,16,3,1,0,4,160900.0
Brazil,18-24 years old,Master's degree,Full-stack developer,"10,000 or more",Hybrid,3,3,3,1,0,5,63100.0
Australia,18-24 years old,High school/GED,Front-end developer,2-9 employees,Hybrid,1,0,8,1,1,3,86600.0
Brazil,35-44 years old,Bachelor's degree,Back-end developer,"10,000 or more",In-person,13,11,5,0,0,6,41900.0
India,25-34 years old,Master's degree,Back-end developer,20-99,Fully remote,9,6,3,1,0,5,37900.0
India,35-44 years old,"Other doctoral degree (Ph.D, Ed.D, etc.)",DevOps/SRE/platform engineer,20-99,Fully remote,9,8,4,1,1,8,38200.0
Canada,25-34 years old,Bachelor's degree,Desktop/embedded developer,10-19,Fully remote,8,5,5,1,1,10,108200.0
India,25-34 years old,Master's degree,Security professional,100-499,In-person,8,8,4,0,1,10,36000.0
Russia,35-44 years old,Bachelor's degree,Full-stack developer,"1,000-4,999",In-person,7,5,2,1,1,6,
United States,35-44 years old,Some college,Full-stack developer,100-499,Hybrid,21,17,7,1,0,8,177100.0
France,35-44 years old,Less than high school,Full-stack developer,"10,000 or more",In-person,16,15,6,1,1,5,82900.0
United States,25-34 years old,Bachelor's degree,Full-stack developer,"1,000-4,999",Hybrid,4,4,4,0,1,4,101800.0
United Kingdom,35-44 years old,Bachelor's degree,Back-end developer,20-99,In-person,17,14,1,0,1,8,143400.0
Brazil,25-34 years old,"Other doctoral degree (Ph.D, Ed.D, etc.)",DevOps/SRE/platform engineer,500-999,In-person,8,5,9,1,1,7,64900.0
United States,18-24 years old,Associate's degree,Full-stack developer,2-9 employees,In-person,5,5,1,1,1,7,152400.0
Brazil,45-54 years old,Bachelor's degree,Mobile developer,500-999,Hybrid,24,23,4,1,1,6,53900.0
United States,18-24 years old,High school/GED,Back-end developer,100-499,Fully remote,4,0,2,1,1,5,
Canada,55-64 years old,Master's degree,Front-end developer,2-9 employees,In-person,31,30,3,1,1,10,170000.0
Germany,25-34 years old,"Professional degree (JD, MD, etc.)",Full-stack developer,20-99,In-person,6,4,2,0,1,9,
India,25-34 years old,Bachelor's degree,Full-stack developer,"10,000 or more",Hybrid,6,5,2,1,0,3,25500.0
United States,25-34 years old,Bachelor's degree,DevOps/SRE/platform engineer,500-999,Hybrid,5,3,7,1,1,8,154600.0
Poland,45-54 years old,Some college,Full-stack developer,"10,000 or more",Hybrid,28,25,6,1,1,6,
India,35-44 years old,Bachelor's degree,Data scientist/ML engineer,100-499,Fully remote,17,15,2,1,1,7,46600.0
United States,35-44 years old,Some college,Front-end developer,"10,000 or more",In-person,14,10,1,1,1,4,109000.0
Netherlands,35-44 years old,Bachelor's degree,DevOps/SRE/platform engineer,20-99,Hybrid,8,8,3,1,1,8,106400.0
United States,35-44 years old,Master's degree,Data scientist/ML engineer,"5,000-9,999",Fully remote,13,11,5,1,0,5,
Poland,45-54 years old,Bachelor's degree,Full-stack developer,20-99,Hybrid,22,21,3,1,0,8,94600.0
United Kingdom,25-34 years old,Bachelor's degree,Front-end developer,2-9 employees,In-person,8,6,2,1,1,4,102700.0
United States,25-34 years old,Bachelor's degree,Full-stack developer,"10,000 or more",Hybrid,12,9,1,1,1,4,
United States,25-34 years old,Master's degree,Back-end developer,"5,000-9,999",Fully remote,9,7,3,1,0,6,168100.0
Canada,65 years or older,Bachelor's degree,Full-stack developer,"10,000 or more",Fully remote,42,38,1,1,1,10,77300.0
United States,55-64 years old,Some college,Back-end developer,20-99,Hybrid,31,29,5,0,1,9,166300.0
United States,18-24 years old,Master's degree,Full-stack developer,"1,000-4,999",Hybrid,4,0,2,0,0,7,156100.0
Brazil,35-44 years old,Bachelor's degree,Data/business analyst,20-99,Hybrid,12,11,2,1,0,5,37900.0
United Kingdom,45-54 years old,Some college,Front-end developer,Just me,In-person,26,23,2,1,1,4,86800.0
India,25-34 years old,Some college,Mobile developer,"10,000 or more",In-person,5,5,2,1,0,8,21100.0
United Kingdom,35-44 years old,"Other doctoral degree (Ph.D, Ed.D, etc.)",Full-stack developer,100-499,Hybrid,15,14,3,1,1,4,132500.0
Canada,45-54 years old,Bachelor's degree,Front-end developer,"10,000 or more",Fully remote,20,19,3,1,1,6,103300.0
United Kingdom,18-24 years old,"Professional degree (JD, MD, etc.)",Back-end developer,100-499,In-person,0,0,7,0,1,7,85100.0
France,35-44 years old,Bachelor's degree,Back-end developer,"10,000 or more",Fully remote,14,12,4,1,1,3,113000.0
Ukraine,25-34 years old,Bachelor's degree,DevOps/SRE/platform engineer,500-999,In-person,8,6,5,1,1,8,39000.0
India,45-54 years old,Master's degree,Engineer (other),100-499,Hybrid,20,18,4,0,1,10,58700.0
India,55-64 years old,Less than high school,Full-stack developer,20-99,Fully remote,30,27,6,0,1,4,29900.0
United States,55-64 years old,Bachelor's degree,Data/business analyst,"10,000 or more",In-person,26,25,3,0,1,9,112000.0
United States,25-34 years old,Bachelor's degree,Desktop/embedded developer,"10,000 or more",Hybrid,12,8,6,1,0,7,166900.0
United States,45-54 years old,Master's degree,Data/business analyst,100-499,In-person,19,19,3,1,1,4,181500.0
India,45-54 years old,Bachelor's degree,Front-end developer,"1,000-4,999",Fully remote,25,24,4,1,1,7,45500.0
Canada,25-34 years old,Bachelor's degree,Data/business analyst,100-499,Hybrid,12,10,3,1,1,10,87700.0
United States,45-54 years old,Bachelor's degree,Mobile developer,"1,000-4,999",In-person,20,20,3,0,0,10,197400.0
Brazil,18-24 years old,Bachelor's degree,Full-stack developer,"10,000 or more",Fully remote,4,0,7,1,1,8,36200.0
India,35-44 years old,Some college,Back-end developer,20-99,Hybrid,7,6,4,1,1,7,
Sweden,25-34 years old,Bachelor's degree,Full-stack developer,"1,000-4,999",In-person,2,1,6,1,1,4,92900.0
United Kingdom,18-24 years old,Bachelor's degree,Front-end developer,100-499,Hybrid,3,0,5,1,0,7,79300.0
Netherlands,18-24 years old,Bachelor's degree,Data scientist/ML engineer,100-499,Hybrid,7,6,5,1,1,7,
Spain,35-44 years old,Bachelor's degree,Data scientist/ML engineer,"10,000 or more",In-person,13,12,2,0,0,3,50000.0
Russia,25-34 years old,Bachelor's degree,Data scientist/ML engineer,20-99,Hybrid,10,6,3,1,0,5,44700.0
United Kingdom,35-44 years old,Master's degree,Back-end developer,2-9 employees,Hybrid,9,5,6,1,1,5,88000.0
India,18-24 years old,"Other doctoral degree (Ph.D, Ed.D, etc.)",Full-stack developer,"5,000-9,999",Hybrid,0,0,3,0,1,9,37500.0
United Kingdom,25-34 years old,Master's degree,Full-stack developer,500-999,In-person,10,8,8,0,1,7,102000.0
India,25-34 years old,Bachelor's degree,Data scientist/ML engineer,100-499,In-person,10,6,6,1,0,5,33000.0
United States,35-44 years old,Master's degree,Full-stack developer,10-19,Fully remote,12,12,4,0,1,6,
India,25-34 years old,"Other doctoral degree (Ph.D, Ed.D, etc.)",Full-stack developer,2-9 employees,Hybrid,8,7,4,1,1,4,55100.0
United States,35-44 years old,Bachelor's degree,Back-end developer,20-99,In-person,17,17,5,1,1,2,257300.0
India,45-54 years old,Bachelor's degree,Full-stack developer,"1,000-4,999",Fully remote,19,19,5,1,1,7,
United States,35-44 years old,High school/GED,Full-stack developer,100-499,Fully remote,12,12,9,0,1,2,125800.0
Germany,25-34 years old,Master's degree,Full-stack developer,500-999,In-person,6,6,3,1,1,10,162400.0
United States,18-24 years old,Bachelor's degree,Data/business analyst,2-9 employees,Hybrid,13,9,5,1,1,8,184100.0
Germany,45-54 years old,High school/GED,Full-stack developer,10-19,Hybrid,16,14,9,0,1,8,114100.0
Netherlands,18-24 years old,Bachelor's degree,DevOps/SRE/platform engineer,Just me,Fully remote,4,4,6,1,1,8,95400.0
Germany,45-54 years old,Master's degree,Full-stack developer,"1,000-4,999",Fully remote,23,20,4,0,0,8,107600.0
Sweden,25-34 years old,Bachelor's degree,DevOps/SRE/platform engineer,20-99,Hybrid,8,7,5,1,1,2,79400.0
United States,55-64 years old,Master's degree,Front-end developer,"10,000 or more",Fully remote,27,26,2,1,1,7,
Spain,35-44 years old,Master's degree,DevOps/SRE/platform engineer,20-99,Fully remote,13,12,4,0,1,5,107400.0
India,65 years or older,Bachelor's degree,DevOps/SRE/platform engineer,20-99,In-person,38,37,7,1,1,5,
Ukraine,25-34 years old,Bachelor's degree,Front-end developer,100-499,Fully remote,15,14,2,0,1,6,49200.0
United States,35-44 years old,Bachelor's degree,Mobile developer,20-99,Hybrid,14,14,4,1,1,6,118800.0
Poland,25-34 years old,"Other doctoral degree (Ph.D, Ed.D, etc.)",Front-end developer,"5,000-9,999",Fully remote,4,2,4,1,1,8,50800.0
United States,25-34 years old,Master's degree,Data scientist/ML engineer,"10,000 or more",Fully remote,7,4,5,1,0,1,228200.0
Canada,35-44 years old,"Professional degree (JD, MD, etc.)",Back-end developer,Just me,Hybrid,15,11,4,1,1,6,214000.0
United States,45-54 years old,Associate's degree,Mobile developer,"1,000-4,999",In-person,18,15,2,1,1,10,161700.0
France,65 years or older,Bachelor's degree,DevOps/SRE/platform engineer,"1,000-4,999",Fully remote,38,34,6,1,0,5,
Canada,35-44 years old,High school/GED,Full-stack developer,"10,000 or more",In-person,18,14,1,1,1,7,95800.0
Ukraine,25-34 years old,Bachelor's degree,Front-end developer,100-499,Hybrid,4,1,3,1,1,7,28600.0
Canada,25-34 years old,Master's degree,Mobile developer,20-99,Hybrid,8,8,4,1,0,7,134600.0
India,35-44 years old,Bachelor's degree,Data scientist/ML engineer,100-499,In-person,14,13,4,1,1,3,36300.0
United States,25-34 years old,Some college,Data/business analyst,100-499,Fully remote,3,3,3,1,1,9,95700.0
France,18-24 years old,High school/GED,Full-stack developer,"5,000-9,999",In-person,2,1,5,1,1,7,54100.0
United States,25-34 years old,Bachelor's degree,Back-end developer,"10,000 or more",Fully remote,12,10,6,0,1,7,205700.0
Australia,25-34 years old,Some college,Back-end developer,2-9 employees,Fully remote,11,7,7,1,1,10,111300.0
India,25-34 years old,Bachelor's degree,Full-stack developer,"10,000 or more",Hybrid,8,5,5,1,1,3,33200.0
United Kingdom,25-34 years old,Master's degree,Back-end developer,"10,000 or more",Hybrid,6,4,6,0,1,7,143500.0
Canada,18-24 years old,Bachelor's degree,Front-end developer,"10,000 or more",Hybrid,3,2,2,1,1,8,96300.0
India,18-24 years old,Bachelor's degree,Full-stack developer,"5,000-9,999",Hybrid,0,0,5,1,1,8,42900.0
France,65 years or older,Bachelor's degree,Full-stack developer,"1,000-4,999",Hybrid,32,29,2,1,1,1,145500.0
India,25-34 years old,Master's degree,Full-stack developer,Just me,Fully remote,15,11,6,1,1,8,31100.0
United States,25-34 years old,Some college,Data scientist/ML engineer,"10,000 or more",Hybrid,7,5,5,1,1,10,177900.0
Sweden,35-44 years old,"Professional degree (JD, MD, etc.)",Back-end developer,20-99,Fully remote,17,13,7,0,0,8,
India,25-34 years old,Master's degree,Full-stack developer,2-9 employees,Hybrid,6,5,7,1,1,6,25500.0
Brazil,55-64 years old,Bachelor's degree,Back-end developer,100-499,Hybrid,30,26,4,1,1,9,68200.0
United Kingdom,35-44 years old,Some college,Full-stack developer,"1,000-4,999",In-person,11,11,1,1,1,9,62100.0
France,18-24 years old,Some college,Mobile developer,100-499,Hybrid,2,0,2,1,0,8,68900.0
United States,25-34 years old,Master's degree,Full-stack developer,"5,000-9,999",Fully remote,14,12,6,0,0,8,229800.0
United Kingdom,45-54 years old,Bachelor's degree,DevOps/SRE/platform engineer,100-499,Hybrid,16,16,2,1,1,6,97700.0
India,55-64 years old,Bachelor's degree,Back-end developer,20-99,Fully remote,29,25,1,1,1,5,
Germany,25-34 years old,Bachelor's degree,DevOps/SRE/platform engineer,20-99,Fully remote,4,4,4,1,0,7,74400.0
Sweden,35-44 years old,Master's degree,Full-stack developer,100-499,In-person,19,16,5,0,1,1,130500.0
United States,25-34 years old,Master's degree,Full-stack developer,2-9 employees,In-person,5,5,1,1,1,9,164900.0
Poland,65 years or older,Bachelor's degree,DevOps/SRE/platform engineer,100-499,Hybrid,35,31,3,1,1,9,83100.0
India,25-34 years old,Bachelor's degree,Full-stack developer,2-9 employees,Hybrid,9,9,3,1,1,4,28700.0
India,55-64 years old,Master's degree,Data scientist/ML engineer,"10,000 or more",In-person,31,30,1,1,1,7,60800.0
India,35-44 years old,Master's degree,Back-end developer,500-999,In-person,14,14,2,1,1,4,50600.0
India,35-44 years old,Bachelor's degree,Data scientist/ML engineer,"1,000-4,999",Fully remote,14,14,12,1,0,7,
India,25-34 years old,High school/GED,Mobile developer,20-99,Hybrid,16,12,6,1,1,8,53900.0
India,25-34 years old,Master's degree,Engineer (other),20-99,Hybrid,15,12,4,1,0,6,29700.0
France,25-34 years old,Some college,Back-end developer,"1,000-4,999",Hybrid,6,3,7,1,0,9,62800.0
United States,25-34 years old,High school/GED,Back-end developer,"1,000-4,999",In-person,14,10,5,1,0,9,127200.0
India,25-34 years old,Master's degree,Engineer (other),10-19,Hybrid,10,6,5,0,1,7,33400.0
India,35-44 years old,Bachelor's degree,DevOps/SRE/platform engineer,20-99,In-person,17,13,5,1,1,7,39700.0
Poland,25-34 years old,Master's degree,Full-stack developer,"10,000 or more",Fully remote,1,0,5,1,0,1,58300.0
United States,18-24 years old,Bachelor's degree,Front-end developer,20-99,In-person,3,1,6,0,1,6,98600.0
Ukraine,55-64 years old,"Professional degree (JD, MD, etc.)",Full-stack developer,Just me,Fully remote,26,26,4,1,1,8,48800.0
United States,45-54 years old,Bachelor's degree,Security professional,2-9 employees,Hybrid,26,22,7,1,1,10,114700.0
India,45-54 years old,Master's degree,Full-stack developer,"5,000-9,999",Hybrid,27,23,6,1,0,10,46900.0
United States,65 years or older,Bachelor's degree,Front-end developer,"5,000-9,999",Fully remote,33,29,6,0,0,3,148400.0
India,25-34 years old,Less than high school,Desktop/embedded developer,100-499,In-person,8,5,1,1,1,6,21300.0
Poland,25-34 years old,Bachelor's degree,Mobile developer,10-19,In-person,12,8,4,1,1,2,71200.0
Germany,35-44 years old,Master's degree,DevOps/SRE/platform engineer,100-499,Hybrid,11,11,1,1,1,9,114700.0
United States,35-44 years old,Some college,Full-stack developer,20-99,Fully remote,18,14,3,1,0,8,
United States,25-34 years old,Bachelor's degree,Front-end developer,100-499,In-person,6,6,5,0,1,10,178300.0
United States,35-44 years old,Associate's degree,Data/business analyst,20-99,In-person,14,13,5,1,1,7,157200.0
Ukraine,25-34 years old,High school/GED,Data scientist/ML engineer,2-9 employees,Hybrid,6,4,1,1,1,3,44700.0
Spain,25-34 years old,Bachelor's degree,Desktop/embedded developer,"5,000-9,999",Hybrid,4,1,4,1,1,7,84200.0
Germany,25-34 years old,"Other doctoral degree (Ph.D, Ed.D, etc.)",Data scientist/ML engineer,500-999,Hybrid,2,2,6,1,1,9,110100.0
Germany,35-44 years old,Bachelor's degree,Back-end developer,"10,000 or more",Hybrid,15,14,5,1,1,2,120800.0
Russia,35-44 years old,Bachelor's degree,Data scientist/ML engineer,100-499,Hybrid,14,12,6,1,1,9,57400.0
Canada,18-24 years old,"Other doctoral degree (Ph.D, Ed.D, etc.)",Full-stack developer,"10,000 or more",In-person,3,1,6,1,1,7,
Russia,45-54 years old,Master's degree,Back-end developer,"10,000 or more",Fully remote,21,19,8,1,1,4,68500.0
Germany,25-34 years old,Master's degree,DevOps/SRE/platform engineer,20-99,Hybrid,4,4,4,1,0,8,135700.0
United States,18-24 years old,Some college,Full-stack developer,100-499,Fully remote,6,5,3,1,1,2,88900.0
Brazil,45-54 years old,Bachelor's degree,Back-end developer,"5,000-9,999",Hybrid,23,19,2,0,1,4,49300.0
United Kingdom,55-64 years old,Bachelor's degree,Full-stack developer,"5,000-9,999",In-person,25,24,2,1,1,2,84600.0
France,45-54 years old,Bachelor's degree,Full-stack developer,"10,000 or more",Hybrid,23,22,5,1,0,7,120300.0
United States,35-44 years old,Master's degree,DevOps/SRE/platform engineer,"1,000-4,999",Fully remote,12,11,3,1,1,5,170100.0
France,35-44 years old,Bachelor's degree,Desktop/embedded developer,100-499,Hybrid,12,12,2,0,0,5,123100.0
India,25-34 years old,High school/GED,Full-stack developer,100-499,Hybrid,10,10,1,1,0,8,34700.0
India,18-24 years old,"Professional degree (JD, MD, etc.)",Back-end developer,100-499,Hybrid,1,1,3,0,1,3,48500.0
France,25-34 years old,Bachelor's degree,Back-end developer,"10,000 or more",In-person,7,6,4,1,1,8,79300.0
Canada,25-34 years old,"Professional degree (JD, MD, etc.)",Full-stack developer,"10,000 or more",Hybrid,1,1,2,1,1,8,160300.0
France,25-34 years old,Bachelor's degree,Data scientist/ML engineer,2-9 employees,Hybrid,6,4,6,0,1,9,55300.0
Sweden,35-44 years old,High school/GED,Back-end developer,500-999,Hybrid,14,14,2,0,1,8,104900.0
Brazil,25-34 years old,Bachelor's degree,Data scientist/ML engineer,100-499,Hybrid,3,0,2,1,1,8,
France,18-24 years old,Bachelor's degree,Full-stack developer,100-499,Fully remote,2,2,5,1,0,8,95700.0
Canada,25-34 years old,Associate's degree,Back-end developer,"10,000 or more",In-person,5,5,4,1,0,2,85600.0
India,35-44 years old,Bachelor's degree,Full-stack developer,500-999,Hybrid,12,12,8,1,1,6,43700.0
Australia,18-24 years old,Bachelor's degree,Full-stack developer,20-99,Fully remote,5,5,2,1,1,7,83200.0
India,45-54 years old,Bachelor's degree,DevOps/SRE/platform engineer,100-499,In-person,24,21,4,1,1,8,41600.0
Brazil,25-34 years old,Bachelor's degree,Full-stack developer,20-99,Fully remote,13,9,7,1,0,5,47700.0
India,25-34 years old,Bachelor's degree,Full-stack developer,100-499,Hybrid,2,2,5,1,1,8,33200.0
United States,35-44 years old,Bachelor's degree,Data/business analyst,2-9 employees,Hybrid,14,12,1,1,1,6,107900.0
United States,45-54 years old,Bachelor's degree,Front-end developer,2-9 employees,Hybrid,23,20,3,1,1,8,188300.0
Canada,25-34 years old,Some college,Full-stack developer,"1,000-4,999",Fully remote,6,2,8,1,1,4,61200.0
India,35-44 years old,High school/GED,Engineer (other),"1,000-4,999",Fully remote,15,15,6,1,1,5,25000.0
India,35-44 years old,Bachelor's degree,Full-stack developer,"1,000-4,999",Hybrid,23,19,2,1,0,10,53700.0
Canada,25-34 years old,Bachelor's degree,Data scientist/ML engineer,"5,000-9,999",Hybrid,7,5,3,1,0,8,137500.0
United States,45-54 years old,Bachelor's degree,Full-stack developer,"10,000 or more",Hybrid,25,22,6,1,1,9,249500.0
India,35-44 years old,"Other doctoral degree (Ph.D, Ed.D, etc.)",Front-end developer,"10,000 or more",Hybrid,15,12,7,1,1,4,30200.0
India,35-44 years old,Bachelor's degree,Front-end developer,100-499,In-person,14,10,3,1,1,10,
Brazil,45-54 years old,Bachelor's degree,Full-stack developer,20-99,Fully remote,15,15,2,1,1,8,
United Kingdom,45-54 years old,"Other doctoral degree (Ph.D, Ed.D, etc.)",Front-end developer,20-99,Fully remote,19,18,5,1,0,7,123900.0
Spain,35-44 years old,"Professional degree (JD, MD, etc.)",Front-end developer,500-999,Fully remote,11,8,4,1,1,1,105900.0
India,45-54 years old,Master's degree,Data scientist/ML engineer,"10,000 or more",Hybrid,26,25,1,1,1,2,52200.0
India,35-44 years old,Some college,DevOps/SRE/platform engineer,"1,000-4,999",Fully remote,15,12,3,0,1,8,24400.0
United States,35-44 years old,Master's degree,Back-end developer,100-499,Fully remote,11,11,4,1,1,8,187800.0
Ukraine,35-44 years old,Master's degree,Back-end developer,500-999,Hybrid,15,15,3,1,1,5,48100.0
Germany,35-44 years old,Master's degree,Front-end developer,100-499,Fully remote,12,9,3,1,1,6,138300.0
Germany,25-34 years old,Bachelor's degree,Data scientist/ML engineer,"10,000 or more",In-person,7,3,1,1,1,8,109100.0
Ukraine,45-54 years old,High school/GED,Back-end developer,"5,000-9,999",In-person,20,20,3,1,0,1,44100.0
India,45-54 years old,"Other doctoral degree (Ph.D, Ed.D, etc.)",Back-end developer,"5,000-9,999",In-person,23,23,4,1,1,8,49200.0
India,18-24 years old,Bachelor's degree,Front-end developer,100-499,In-person,5,3,8,1,1,6,21800.0
France,45-54 years old,Bachelor's degree,Engineer (other),20-99,Hybrid,21,21,6,1,1,3,101200.0
Netherlands,18-24 years old,Bachelor's degree,Front-end developer,Just me,Fully remote,4,2,4,1,1,4,88700.0
Brazil,25-34 years old,Bachelor's degree,Full-stack developer,2-9 employees,Hybrid,6,6,2,1,1,6,44300.0
Netherlands,35-44 years old,Bachelor's degree,Front-end developer,2-9 employees,Hybrid,13,13,2,1,1,7,67700.0
United Kingdom,25-34 years old,Bachelor's degree,DevOps/SRE/platform engineer,"10,000 or more",Hybrid,6,2,6,1,1,6,108600.0
Spain,35-44 years old,"Other doctoral degree (Ph.D, Ed.D, etc.)",DevOps/SRE/platform engineer,2-9 employees,Hybrid,16,12,5,1,1,3,100700.0
United Kingdom,45-54 years old,Bachelor's degree,Data scientist/ML engineer,10-19,Hybrid,17,17,1,1,1,9,157200.0
United States,25-34 years old,Bachelor's degree,DevOps/SRE/platform engineer,100-499,Hybrid,8,5,2,0,1,7,149100.0
United Kingdom,18-24 years old,Master's degree,Back-end developer,100-499,Fully remote,3,0,4,1,1,5,95000.0
Brazil,25-34 years old,Bachelor's degree,Back-end developer,"10,000 or more",Hybrid,13,13,6,1,0,8,36200.0
France,35-44 years old,Bachelor's degree,Data scientist/ML engineer,2-9 employees,Hybrid,15,12,3,1,0,6,
India,65 years or older,Bachelor's degree,Full-stack developer,"10,000 or more",Fully remote,31,31,4,1,1,6,
United States,35-44 years old,Some college,Back-end developer,20-99,Hybrid,16,12,5,1,1,5,181400.0
India,25-34 years old,Some college,DevOps/SRE/platform engineer,"10,000 or more",Hybrid,8,7,3,1,0,6,28400.0
Italy,35-44 years old,Master's degree,Data scientist/ML engineer,100-499,Fully remote,19,17,2,1,1,5,87100.0
United States,25-34 years old,"Professional degree (JD, MD, etc.)",Engineer (other),"1,000-4,999",Fully remote,6,3,1,0,1,10,
Germany,35-44 years old,Master's degree,Security professional,20-99,In-person,10,7,3,0,1,5,
Canada,18-24 years old,High school/GED,Full-stack developer,500-999,Hybrid,8,4,5,1,1,8,90900.0
Spain,35-44 years old,Bachelor's degree,Mobile developer,"1,000-4,999",Hybrid,11,8,2,0,0,4,97800.0
Poland,25-34 years old,Less than high school,Full-stack developer,Just me,Hybrid,4,4,3,1,0,7,31400.0
Russia,55-64 years old,Bachelor's degree,Desktop/embedded developer,2-9 employees,Hybrid,27,27,4,1,1,7,53600.0
Canada,25-34 years old,Associate's degree,Full-stack developer,"10,000 or more",Hybrid,6,5,4,1,0,7,97700.0
Spain,35-44 years old,Master's degree,Back-end developer,100-499,Fully remote,15,14,5,1,0,6,102800.0
India,55-64 years old,Some college,Data/business analyst,"10,000 or more",In-person,27,26,2,1,1,9,35000.0
Germany,18-24 years old,Less than high school,Full-stack developer,"1,000-4,999",Fully remote,1,1,2,0,1,5,
Spain,55-64 years old,Bachelor's degree,Desktop/embedded developer,100-499,Hybrid,29,28,3,1,1,9,71300.0
India,35-44 years old,Some college,Full-stack developer,10-19,Hybrid,13,12,3,1,1,6,27800.0
Spain,18-24 years old,Master's degree,Full-stack developer,"10,000 or more",Hybrid,2,2,5,1,1,8,47000.0
India,25-34 years old,"Professional degree (JD, MD, etc.)",Back-end developer,500-999,Fully remote,10,6,6,1,1,1,37400.0
India,35-44 years old,High school/GED,Front-end developer,20-99,Fully remote,18,15,10,0,1,6,38200.0
India,18-24 years old,Bachelor's degree,Full-stack developer,"1,000-4,999",Hybrid,5,3,5,1,1,8,
United Kingdom,35-44 years old,"Other doctoral degree (Ph.D, Ed.D, etc.)",Back-end developer,2-9 employees,Hybrid,13,13,1,1,1,5,145400.0
United States,25-34 years old,Master's degree,Desktop/embedded developer,"10,000 or more",Hybrid,0,0,2,1,1,6,128400.0
United States,35-44 years old,"Other doctoral degree (Ph.D, Ed.D, etc.)",Full-stack developer,2-9 employees,Hybrid,14,12,2,1,1,6,122300.0
Russia,18-24 years old,Some college,Back-end developer,20-99,In-person,5,3,5,1,1,5,34200.0
Ukraine,45-54 years old,Associate's degree,Data/business analyst,2-9 employees,Hybrid,23,22,5,1,1,7,31900.0
United States,55-64 years old,Some college,Back-end developer,2-9 employees,Hybrid,28,26,4,1,1,2,158100.0
United Kingdom,55-64 years old,Bachelor's degree,Back-end developer,100-499,In-person,29,26,2,0,0,9,85300.0
United Kingdom,35-44 years old,Master's degree,Data scientist/ML engineer,"1,000-4,999",Hybrid,13,10,4,1,0,10,140700.0
India,18-24 years old,Some college,Data scientist/ML engineer,"5,000-9,999",Hybrid,6,3,4,1,0,4,36200.0
United Kingdom,35-44 years old,Bachelor's degree,Data scientist/ML engineer,"1,000-4,999",Hybrid,18,15,1,1,1,5,130400.0
Germany,18-24 years old,Bachelor's degree,Security professional,20-99,Fully remote,3,0,3,1,1,10,72700.0
Germany,18-24 years old,Master's degree,Full-stack developer,500-999,In-person,5,4,5,1,1,4,92100.0
Poland,25-34 years old,Less than high school,Engineer (other),"10,000 or more",Fully remote,5,5,1,1,1,3,31000.0
United Kingdom,25-34 years old,Associate's degree,Data/business analyst,100-499,Hybrid,7,5,3,0,1,8,49300.0
India,35-44 years old,Bachelor's degree,DevOps/SRE/platform engineer,20-99,In-person,11,11,3,1,1,8,41500.0
Canada,35-44 years old,Some college,Back-end developer,100-499,Fully remote,16,14,3,1,1,8,132200.0
France,25-34 years old,Bachelor's degree,DevOps/SRE/platform engineer,20-99,Hybrid,7,6,1,0,1,5,101800.0
France,25-34 years old,Bachelor's degree,Full-stack developer,20-99,Hybrid,13,12,1,1,1,6,74600.0
Canada,65 years or older,Master's degree,Data scientist/ML engineer,"5,000-9,999",Hybrid,36,32,6,1,0,4,198400.0
France,25-34 years old,Bachelor's degree,Full-stack developer,"10,000 or more",Fully remote,11,7,5,1,0,4,122700.0
India,25-34 years old,Master's degree,DevOps/SRE/platform engineer,100-499,Fully remote,4,3,4,1,1,7,38200.0
Germany,25-34 years old,"Other doctoral degree (Ph.D, Ed.D, etc.)",Front-end developer,"5,000-9,999",Fully remote,3,2,5,1,1,8,117900.0
France,35-44 years old,"Other doctoral degree (Ph.D, Ed.D, etc.)",Full-stack developer,10-19,Fully remote,14,12,5,1,0,6,92800.0
Poland,35-44 years old,Master's degree,Mobile developer,100-499,In-person,13,12,1,1,1,7,55600.0
Germany,25-34 years old,Bachelor's degree,Front-end developer,"1,000-4,999",Hybrid,14,14,5,1,1,6,
India,18-24 years old,Bachelor's degree,Front-end developer,100-499,Fully remote,3,1,6,0,1,9,29300.0
Brazil,35-44 years old,Bachelor's degree,Full-stack developer,2-9 employees,Fully remote,10,9,4,1,1,8,50500.0
United States,35-44 years old,"Other doctoral degree (Ph.D, Ed.D, etc.)",DevOps/SRE/platform engineer,"1,000-4,999",Hybrid,15,13,1,1,1,7,186700.0
United States,25-34 years old,Master's degree,Front-end developer,"10,000 or more",Fully remote,2,0,8,0,1,8,128800.0
Germany,55-64 years old,Bachelor's degree,Back-end developer,"1,000-4,999",In-person,31,28,1,1,1,5,92200.0
United States,25-34 years old,High school/GED,Front-end developer,10-19,Hybrid,9,5,3,1,1,10,104200.0
India,25-34 years old,High school/GED,Desktop/embedded developer,2-9 employees,Hybrid,9,7,2,1,1,4,24900.0
India,55-64 years old,Associate's degree,Desktop/embedded developer,20-99,Hybrid,33,31,1,1,0,4,31700.0
Netherlands,25-34 years old,Bachelor's degree,Back-end developer,2-9 employees,Fully remote,6,3,6,1,1,9,98800.0
India,35-44 years old,Bachelor's degree,Back-end developer,"10,000 or more",Fully remote,13,12,7,1,1,5,37500.0
France,25-34 years old,Associate's degree,Front-end developer,"1,000-4,999",In-person,5,3,4,0,0,9,74600.0
France,25-34 years old,Master's degree,Mobile developer,500-999,Fully remote,5,2,5,1,1,5,83500.0
Germany,65 years or older,Associate's degree,Data scientist/ML engineer,"10,000 or more",Hybrid,36,36,5,1,0,5,
United States,25-34 years old,Some college,Back-end developer,2-9 employees,Hybrid,4,1,4,1,0,10,143300.0
Brazil,45-54 years old,Bachelor's degree,Back-end developer,"1,000-4,999",Hybrid,23,19,4,1,1,10,
United States,25-34 years old,Master's degree,Front-end developer,10-19,Fully remote,6,2,2,1,0,10,192600.0
United States,25-34 years old,Bachelor's degree,DevOps/SRE/platform engineer,2-9 employees,Hybrid,8,7,6,1,0,4,
United States,18-24 years old,Bachelor's degree,Full-stack developer,10-19,In-person,8,7,4,1,1,7,256700.0
India,35-44 years old,Bachelor's degree,Data scientist/ML engineer,"10,000 or more",Hybrid,12,8,9,1,1,2,
Spain,25-34 years old,Bachelor's degree,Full-stack developer,100-499,In-person,4,0,3,1,1,8,56600.0
France,45-54 years old,Bachelor's degree,Full-stack developer,2-9 employees,Hybrid,22,20,2,0,0,8,101600.0
India,25-34 years old,Associate's degree,Full-stack developer,500-999,In-person,9,5,6,1,0,10,27600.0
Italy,55-64 years old,Bachelor's degree,Mobile developer,20-99,Hybrid,30,29,3,1,1,9,78900.0
India,25-34 years old,Master's degree,Mobile developer,Just me,Hybrid,8,4,1,0,1,5,36100.0
Canada,45-54 years old,Master's degree,Full-stack developer,"5,000-9,999",In-person,20,19,7,1,1,6,161800.0
Spain,35-44 years old,Bachelor's degree,Front-end developer,10-19,Fully remote,13,13,2,1,1,5,87300.0
Netherlands,35-44 years old,Master's degree,Full-stack developer,"10,000 or more",Hybrid,19,15,6,1,1,2,158000.0
United States,45-54 years old,Bachelor's degree,Data scientist/ML engineer,500-999,Hybrid,15,14,3,1,1,6,123000.0
Brazil,35-44 years old,Some college,Desktop/embedded developer,2-9 employees,Fully remote,14,11,5,1,0,3,59100.0
India,35-44 years old,Bachelor's degree,Full-stack developer,20-99,Hybrid,15,13,3,1,0,8,33100.0
India,18-24 years old,Bachelor's degree,Full-stack developer,500-999,Hybrid,1,0,7,1,1,6,34200.0
Germany,18-24 years old,Some college,DevOps/SRE/platform engineer,20-99,Hybrid,11,7,5,1,1,2,99400.0
Netherlands,45-54 years old,Master's degree,Desktop/embedded developer,100-499,Hybrid,22,18,5,1,0,5,182000.0
United States,35-44 years old,Master's degree,Full-stack developer,"5,000-9,999",Fully remote,12,12,3,1,1,6,
United States,35-44 years old,Bachelor's degree,Front-end developer,"5,000-9,999",Hybrid,17,14,5,1,0,7,195700.0
United States,25-34 years old,Bachelor's degree,DevOps/SRE/platform engineer,"1,000-4,999",Hybrid,4,3,12,1,1,8,213500.0
United States,18-24 years old,Associate's degree,Front-end developer,"10,000 or more",Hybrid,3,0,1,1,1,8,86100.0
United States,18-24 years old,Bachelor's degree,Back-end developer,20-99,Hybrid,0,0,4,1,1,10,207100.0
Ukraine,35-44 years old,High school/GED,Front-end developer,10-19,Hybrid,17,15,7,1,0,9,31800.0
India,25-34 years old,"Other doctoral degree (Ph.D, Ed.D, etc.)",Front-end developer,"5,000-9,999",Hybrid,7,4,2,1,1,7,
United States,25-34 years old,Bachelor's degree,Front-end developer,20-99,Hybrid,2,2,5,1,1,3,88100.0
Canada,25-34 years old,Master's degree,Data/business analyst,100-499,Hybrid,9,8,4,0,1,8,
Netherlands,18-24 years old,Some college,Full-stack developer,"1,000-4,999",In-person,3,1,4,1,1,6,44800.0
Poland,35-44 years old,Master's degree,Front-end developer,100-499,Hybrid,14,10,4,1,0,6,
Brazil,25-34 years old,Master's degree,Full-stack developer,10-19,Fully remote,5,5,3,1,0,6,46900.0
United States,35-44 years old,Master's degree,Full-stack developer,"1,000-4,999",Hybrid,18,14,4,1,1,4,206600.0
Netherlands,25-34 years old,"Professional degree (JD, MD, etc.)",Desktop/embedded developer,"5,000-9,999",Fully remote,14,12,6,1,0,3,108200.0
Germany,25-34 years old,Some college,Mobile developer,Just me,Hybrid,7,7,1,1,1,9,68500.0
France,18-24 years old,Bachelor's degree,Full-stack developer,500-999,Fully remote,5,5,8,1,0,4,84100.0
Sweden,18-24 years old,Bachelor's degree,Data/business analyst,100-499,In-person,2,0,2,1,1,8,84500.0
Australia,25-34 years old,Bachelor's degree,Back-end developer,20-99,In-person,3,2,1,1,0,8,102700.0
Australia,25-34 years old,Master's degree,Back-end developer,10-19,In-person,5,5,5,1,1,5,73800.0
United States,35-44 years old,Associate's degree,Full-stack developer,10-19,Fully remote,14,12,3,1,1,7,178200.0
Germany,25-34 years old,Some college,Front-end developer,"1,000-4,999",Hybrid,5,2,8,1,1,8,99200.0
Ukraine,35-44 years old,Bachelor's degree,Front-end developer,100-499,Hybrid,15,11,8,0,1,4,45200.0
Canada,45-54 years old,Master's degree,Back-end developer,"10,000 or more",Fully remote,21,21,6,0,1,4,198100.0
United States,35-44 years old,"Other doctoral degree (Ph.D, Ed.D, etc.)",Back-end developer,20-99,In-person,16,13,3,1,0,8,241900.0
Brazil,18-24 years old,Bachelor's degree,Front-end developer,"10,000 or more",Hybrid,3,3,1,0,1,5,37600.0
United States,25-34 years old,Bachelor's degree,Front-end developer,100-499,Hybrid,7,6,5,1,1,3,
Poland,18-24 years old,Bachelor's degree,Back-end developer,10-19,Hybrid,2,0,2,1,0,7,
Russia,25-34 years old,Bachelor's degree,DevOps/SRE/platform engineer,10-19,In-person,3,3,6,1,1,9,
Germany,65 years or older,Some college,Desktop/embedded developer,500-999,Hybrid,33,31,4,1,1,5,125000.0
India,25-34 years old,Master's degree,Full-stack developer,"10,000 or more",Hybrid,10,10,1,1,1,5,32800.0
India,25-34 years old,Bachelor's degree,Back-end developer,"1,000-4,999",In-person,6,5,1,1,1,4,31500.0
Spain,35-44 years old,Bachelor's degree,Data scientist/ML engineer,"1,000-4,999",In-person,12,11,1,1,1,7,94000.0
United Kingdom,35-44 years old,High school/GED,Full-stack developer,10-19,In-person,12,9,2,1,1,7,83400.0
Canada,25-34 years old,Master's degree,Data scientist/ML engineer,2-9 employees,Hybrid,15,14,4,0,1,4,97800.0
France,18-24 years old,Master's degree,Back-end developer,Just me,In-person,2,0,3,0,0,9,115200.0
India,25-34 years old,Bachelor's degree,Front-end developer,2-9 employees,Hybrid,5,4,2,1,1,7,41600.0
Germany,25-34 years old,Master's degree,Full-stack developer,"5,000-9,999",Fully remote,6,6,6,0,1,7,96400.0
Poland,18-24 years old,Bachelor's degree,Engineer (other),"10,000 or more",Fully remote,4,3,2,1,1,3,44000.0
Italy,25-34 years old,Bachelor's degree,Mobile developer,20-99,Fully remote,10,8,6,1,0,7,58700.0
United States,18-24 years old,Bachelor's degree,Mobile developer,"5,000-9,999",Hybrid,7,7,6,1,1,8,138100.0
United States,18-24 years old,Master's degree,Full-stack developer,20-99,Hybrid,6,3,7,1,1,6,143200.0
Germany,25-34 years old,Bachelor's degree,DevOps/SRE/platform engineer,20-99,Hybrid,5,2,3,1,1,7,84700.0
France,18-24 years old,Master's degree,Front-end developer,20-99,Fully remote,4,1,1,0,1,5,118100.0
India,35-44 years old,Bachelor's degree,Desktop/embedded developer,2-9 employees,Fully remote,13,13,6,1,1,8,38200.0
Italy,35-44 years old,Master's degree,Full-stack developer,20-99,Hybrid,21,18,5,1,1,7,
United States,35-44 years old,Master's degree,Data scientist/ML engineer,100-499,Hybrid,9,8,3,0,1,7,231800.0
United States,25-34 years old,Bachelor's degree,Mobile developer,100-499,Fully remote,9,9,3,1,1,5,
United States,25-34 years old,Master's degree,Full-stack developer,20-99,In-person,6,6,3,1,1,8,181300.0
Russia,18-24 years old,Bachelor's degree,Full-stack developer,100-499,Fully remote,4,4,2,1,0,9,37200.0
United States,35-44 years old,"Other doctoral degree (Ph.D, Ed.D, etc.)",Full-stack developer,100-499,Hybrid,16,12,3,1,1,3,177400.0
Germany,35-44 years old,Master's degree,Full-stack developer,"10,000 or more",Hybrid,11,9,2,1,1,9,133500.0
India,18-24 years old,Some college,Front-end developer,"5,000-9,999",Hybrid,8,4,2,1,1,8,32200.0
France,55-64 years old,Master's degree,DevOps/SRE/platform engineer,"10,000 or more",In-person,34,30,2,1,1,7,
United States,18-24 years old,Bachelor's degree,Full-stack developer,500-999,In-person,8,4,4,0,0,2,182500.0
France,25-34 years old,"Other doctoral degree (Ph.D, Ed.D, etc.)",Front-end developer,"1,000-4,999",In-person,7,5,4,1,1,7,140700.0
India,35-44 years old,Master's degree,Back-end developer,10-19,Hybrid,14,10,3,1,1,7,35600.0
Ukraine,45-54 years old,High school/GED,Full-stack developer,"5,000-9,999",In-person,18,15,5,1,1,5,36000.0
Spain,35-44 years old,Bachelor's degree,Back-end developer,20-99,Fully remote,14,14,6,0,1,9,106400.0
India,35-44 years old,Bachelor's degree,Full-stack developer,10-19,Hybrid,13,13,2,1,1,6,27800.0
Italy,25-34 years old,Master's degree,Front-end developer,2-9 employees,Hybrid,3,2,7,1,0,7,65700.0
United States,35-44 years old,Master's degree,Full-stack developer,100-499,Hybrid,13,10,4,0,1,7,184300.0
Netherlands,18-24 years old,Bachelor's degree,Data scientist/ML engineer,20-99,In-person,2,0,6,1,1,9,
Germany,45-54 years old,Master's degree,Full-stack developer,"10,000 or more",Fully remote,16,16,6,1,0,7,94900.0
Germany,25-34 years old,Bachelor's degree,Security professional,20-99,Hybrid,7,3,1,0,1,5,
United States,35-44 years old,Some college,DevOps/SRE/platform engineer,"10,000 or more",In-person,10,9,5,1,1,8,168100.0
United Kingdom,25-34 years old,Bachelor's degree,Back-end developer,20-99,In-person,5,4,2,0,1,8,92100.0
United States,35-44 years old,Bachelor's degree,Back-end developer,"1,000-4,999",Hybrid,10,10,3,1,1,10,229900.0
Canada,25-34 years old,Associate's degree,Full-stack developer,"1,000-4,999",Hybrid,3,0,6,1,1,8,
India,35-44 years old,Some college,Data scientist/ML engineer,500-999,Hybrid,19,18,11,1,1,2,31200.0
Brazil,18-24 years old,High school/GED,Back-end developer,100-499,Hybrid,5,5,6,1,1,9,33900.0
Canada,18-24 years old,Master's degree,Data scientist/ML engineer,"1,000-4,999",Hybrid,3,0,8,1,0,7,102600.0
Poland,25-34 years old,Bachelor's degree,Full-stack developer,100-499,Fully remote,6,6,2,1,1,4,62700.0
Poland,25-34 years old,Bachelor's degree,Full-stack developer,100-499,Hybrid,6,6,6,1,1,10,46400.0
United States,45-54 years old,Associate's degree,Back-end developer,500-999,Hybrid,27,24,4,0,1,8,291300.0
United States,25-34 years old,Bachelor's degree,Full-stack developer,20-99,In-person,6,3,7,0,1,9,84900.0
India,55-64 years old,Bachelor's degree,Front-end developer,20-99,Hybrid,34,31,7,0,0,4,
Ukraine,25-34 years old,Associate's degree,Full-stack developer,Just me,In-person,3,3,3,1,0,8,28000.0
United Kingdom,25-34 years old,Bachelor's degree,DevOps/SRE/platform engineer,"10,000 or more",In-person,2,1,2,1,1,7,90900.0
Brazil,35-44 years old,Master's degree,Data scientist/ML engineer,"5,000-9,999",Hybrid,16,14,7,1,1,6,107100.0
Russia,35-44 years old,Bachelor's degree,Full-stack developer,10-19,Fully remote,18,16,6,1,1,5,52600.0
Russia,25-34 years old,Bachelor's degree,Back-end developer,20-99,In-person,13,13,4,1,1,6,51000.0
United Kingdom,25-34 years old,Bachelor's degree,Back-end developer,100-499,In-person,1,1,3,0,0,7,98200.0
United Kingdom,35-44 years old,Associate's degree,Data scientist/ML engineer,20-99,Fully remote,15,14,4,1,1,8,111900.0
Spain,25-34 years old,Master's degree,Back-end developer,"5,000-9,999",Hybrid,7,4,5,0,1,6,70800.0
Australia,65 years or older,Master's degree,Full-stack developer,"1,000-4,999",Hybrid,37,37,2,0,1,6,131100.0
Brazil,55-64 years old,Master's degree,Full-stack developer,"5,000-9,999",In-person,28,24,6,1,1,1,62200.0
Canada,35-44 years old,Bachelor's degree,Back-end developer,"10,000 or more",Hybrid,11,8,5,1,1,10,145700.0
Canada,25-34 years old,"Professional degree (JD, MD, etc.)",Engineer (other),500-999,Hybrid,3,3,6,1,0,8,94700.0
India,35-44 years old,Bachelor's degree,DevOps/SRE/platform engineer,500-999,In-person,16,12,6,0,1,10,38800.0
Australia,18-24 years old,Bachelor's degree,Full-stack developer,"1,000-4,999",Hybrid,1,0,1,1,1,10,
Canada,18-24 years old,Bachelor's degree,Data scientist/ML engineer,"1,000-4,999",Hybrid,7,3,5,0,1,9,102600.0
United States,25-34 years old,Master's degree,Mobile developer,"10,000 or more",Hybrid,8,8,6,1,1,2,180300.0
United States,25-34 years old,Master's degree,Full-stack developer,"5,000-9,999",Fully remote,9,7,4,1,1,7,128400.0
Spain,45-54 years old,Bachelor's degree,Data scientist/ML engineer,10-19,In-person,25,25,5,1,1,5,117400.0
Canada,35-44 years old,Bachelor's degree,Back-end developer,"10,000 or more",Fully remote,15,13,2,1,1,9,
India,35-44 years old,Bachelor's degree,Desktop/embedded developer,"1,000-4,999",Fully remote,9,8,4,0,0,9,37700.0
United States,25-34 years old,"Professional degree (JD, MD, etc.)",Front-end developer,10-19,Hybrid,10,9,5,1,0,4,
Canada,25-34 years old,Some college,Engineer (other),"5,000-9,999",Fully remote,6,3,2,0,0,8,67500.0
United States,25-34 years old,Master's degree,Full-stack developer,20-99,Hybrid,11,8,1,1,0,10,149600.0
Germany,65 years or older,Bachelor's degree,Data scientist/ML engineer,"5,000-9,999",Fully remote,42,40,3,0,0,6,
France,18-24 years old,Master's degree,Full-stack developer,"10,000 or more",Hybrid,5,3,3,1,1,6,75100.0
United Kingdom,45-54 years old,Bachelor's degree,Back-end developer,20-99,In-person,17,16,2,1,0,1,102900.0
Ukraine,35-44 years old,Bachelor's degree,Engineer (other),"10,000 or more",Hybrid,13,9,1,1,1,8,52400.0
United States,25-34 years old,Master's degree,Data scientist/ML engineer,"5,000-9,999",In-person,11,9,7,1,1,9,220700.0
India,35-44 years old,"Professional degree (JD, MD, etc.)",Back-end developer,"1,000-4,999",In-person,13,11,3,1,1,2,32300.0
United States,25-34 years old,Bachelor's degree,Front-end developer,100-499,Hybrid,9,5,2,1,1,10,99600.0
United States,45-54 years old,Bachelor's degree,Full-stack developer,2-9 employees,Fully remote,25,22,3,0,1,3,316100.0
United States,45-54 years old,Associate's degree,Full-stack developer,100-499,Hybrid,25,22,5,1,1,7,183400.0
Brazil,25-34 years old,Some college,Data scientist/ML engineer,2-9 employees,Fully remote,8,6,10,0,1,10,31800.0
India,25-34 years old,Master's degree,Front-end developer,100-499,In-person,7,4,3,1,1,10,26000.0
Ukraine,35-44 years old,Associate's degree,Back-end developer,"10,000 or more",Hybrid,14,11,5,1,1,4,27200.0
United States,45-54 years old,Master's degree,Desktop/embedded developer,"10,000 or more",Fully remote,26,23,5,1,1,10,195200.0
France,25-34 years old,Bachelor's degree,Back-end developer,20-99,In-person,8,7,7,1,1,5,
Sweden,35-44 years old,"Other doctoral degree (Ph.D, Ed.D, etc.)",Full-stack developer,20-99,In-person,11,11,3,0,1,6,149400.0
United States,35-44 years old,Associate's degree,Back-end developer,"5,000-9,999",Fully remote,17,15,3,0,1,8,126900.0
Germany,35-44 years old,Some college,Mobile developer,100-499,Hybrid,14,12,7,1,1,3,84300.0
Brazil,18-24 years old,High school/GED,DevOps/SRE/platform engineer,"10,000 or more",Hybrid,1,0,2,1,1,7,38700.0
Canada,35-44 years old,Master's degree,Back-end developer,"5,000-9,999",Fully remote,10,10,3,1,1,9,146300.0
United Kingdom,45-54 years old,Bachelor's degree,Full-stack developer,"1,000-4,999",Fully remote,17,17,2,0,1,7,140400.0
India,25-34 years old,Less than high school,Front-end developer,2-9 employees,Fully remote,5,4,6,1,1,2,14900.0
Brazil,25-34 years old,Master's degree,Data scientist/ML engineer,2-9 employees,Fully remote,13,9,5,1,1,9,61500.0
France,55-64 years old,Master's degree,Full-stack developer,20-99,In-person,30,26,1,0,1,5,131800.0
United States,25-34 years old,Master's degree,Back-end developer,20-99,In-person,6,6,5,1,0,9,196000.0
Sweden,45-54 years old,Bachelor's degree,Security professional,"1,000-4,999",Fully remote,22,18,3,0,1,10,122500.0
United Kingdom,25-34 years old,Bachelor's degree,Front-end developer,100-499,Hybrid,8,4,6,0,1,8,85900.0
United Kingdom,25-34 years old,Master's degree,Back-end developer,100-499,Hybrid,4,0,3,1,1,2,
Spain,45-54 years old,Bachelor's degree,Front-end developer,"5,000-9,999",Hybrid,19,19,4,0,1,8,77300.0
France,25-34 years old,Some college,Full-stack developer,100-499,Fully remote,8,4,1,1,1,5,74700.0
United States,25-34 years old,Bachelor's degree,Full-stack developer,100-499,In-person,9,7,4,1,1,4,
United Kingdom,25-34 years old,"Other doctoral degree (Ph.D, Ed.D, etc.)",Mobile developer,"10,000 or more",In-person,6,6,8,1,1,8,89600.0
Netherlands,35-44 years old,Some college,Full-stack developer,100-499,In-person,9,8,4,1,0,5,66000.0
Brazil,25-34 years old,Master's degree,Back-end developer,2-9 employees,Hybrid,12,8,3,1,1,4,48200.0
Sweden,25-34 years old,Bachelor's degree,Front-end developer,100-499,Hybrid,9,6,4,0,1,4,98300.0
United States,55-64 years old,Master's degree,Mobile developer,500-999,Hybrid,29,29,8,0,1,8,233600.0
India,25-34 years old,Master's degree,Data scientist/ML engineer,100-499,In-person,6,5,4,1,1,7,38000.0
United Kingdom,35-44 years old,Bachelor's degree,Full-stack developer,20-99,Fully remote,12,10,3,1,0,4,95900.0
Canada,25-34 years old,Bachelor's degree,Desktop/embedded developer,20-99,Fully remote,7,6,4,1,1,3,65700.0
India,35-44 years old,Master's degree,Back-end developer,20-99,In-person,17,13,6,0,1,10,53100.0
Australia,18-24 years old,Bachelor's degree,Back-end developer,10-19,Fully remote,3,0,2,1,1,10,60900.0
United States,55-64 years old,Master's degree,Desktop/embedded developer,"1,000-4,999",Fully remote,30,26,11,0,1,6,150500.0
United States,25-34 years old,Master's degree,Full-stack developer,500-999,Hybrid,5,4,3,0,1,5,148800.0
Sweden,25-34 years old,Bachelor's degree,Engineer (other),"1,000-4,999",In-person,6,6,2,1,0,2,
India,18-24 years old,Bachelor's degree,Front-end developer,20-99,Fully remote,8,5,3,1,1,5,40600.0
Sweden,25-34 years old,Associate's degree,Back-end developer,20-99,In-person,6,3,4,1,0,7,101800.0
India,25-34 years old,Master's degree,Front-end developer,"5,000-9,999",In-person,5,4,6,1,1,7,36200.0
United States,25-34 years old,Some college,Full-stack developer,"1,000-4,999",Fully remote,7,3,2,1,1,6,
Netherlands,45-54 years old,"Other doctoral degree (Ph.D, Ed.D, etc.)",Front-end developer,"10,000 or more",Hybrid,19,18,6,1,0,6,68000.0
Australia,25-34 years old,"Other doctoral degree (Ph.D, Ed.D, etc.)",Full-stack developer,100-499,Hybrid,7,4,7,1,0,10,121200.0
Germany,25-34 years old,Some college,Back-end developer,100-499,Hybrid,8,7,6,1,0,7,115300.0
United States,35-44 years old,Some college,Data scientist/ML engineer,"1,000-4,999",Hybrid,12,9,3,1,1,1,111100.0
France,35-44 years old,Bachelor's degree,Data scientist/ML engineer,"10,000 or more",Hybrid,17,13,4,1,0,8,113200.0
United States,25-34 years old,"Other doctoral degree (Ph.D, Ed.D, etc.)",Full-stack developer,"10,000 or more",Hybrid,0,0,2,1,1,7,97400.0
Spain,25-34 years old,Bachelor's degree,Front-end developer,"10,000 or more",Hybrid,3,3,3,0,0,4,69000.0
India,18-24 years old,Bachelor's degree,Front-end developer,"10,000 or more",Fully remote,2,1,5,0,1,8,21600.0
Spain,35-44 years old,Master's degree,Back-end developer,"1,000-4,999",Fully remote,20,17,3,1,1,1,
Germany,35-44 years old,Some college,Full-stack developer,Just me,Hybrid,11,11,4,1,1,8,113700.0
Canada,25-34 years old,Bachelor's degree,Desktop/embedded developer,"1,000-4,999",In-person,3,0,3,0,1,4,86100.0
Netherlands,45-54 years old,Bachelor's degree,Full-stack developer,20-99,Fully remote,18,14,3,1,1,10,
United States,35-44 years old,Bachelor's degree,Mobile developer,2-9 employees,In-person,13,12,2,1,0,7,190100.0
Australia,35-44 years old,Some college,Front-end developer,"1,000-4,999",In-person,17,14,9,1,0,1,117100.0
United States,45-54 years old,Bachelor's degree,DevOps/SRE/platform engineer,"5,000-9,999",Fully remote,22,21,6,1,1,9,226100.0
India,25-34 years old,Master's degree,Full-stack developer,"1,000-4,999",Hybrid,9,6,8,1,0,9,27000.0
Germany,18-24 years old,Bachelor's degree,Data scientist/ML engineer,20-99,Hybrid,8,5,4,1,1,8,125200.0
Russia,25-34 years old,Master's degree,Full-stack developer,100-499,Fully remote,7,3,5,1,1,7,36700.0
United States,18-24 years old,High school/GED,Data scientist/ML engineer,"10,000 or more",Fully remote,5,4,8,1,1,5,95100.0
United Kingdom,25-34 years old,Bachelor's degree,Back-end developer,"1,000-4,999",Hybrid,2,0,6,1,1,8,76800.0
France,55-64 years old,Some college,Back-end developer,100-499,Fully remote,28,25,5,1,0,9,94900.0
India,18-24 years old,Bachelor's degree,Full-stack developer,500-999,Hybrid,3,0,1,1,0,7,28800.0
India,18-24 years old,Bachelor's degree,Full-stack developer,"10,000 or more",In-person,1,1,7,0,1,2,26400.0
Germany,25-34 years old,Bachelor's degree,Desktop/embedded developer,100-499,Fully remote,6,5,4,1,1,10,80300.0
United States,55-64 years old,High school/GED,Front-end developer,2-9 employees,In-person,30,28,5,1,1,8,163500.0
Germany,25-34 years old,Bachelor's degree,Front-end developer,20-99,Hybrid,9,5,5,0,0,10,97100.0
Poland,25-34 years old,Bachelor's degree,Full-stack developer,100-499,Hybrid,4,2,5,1,1,4,
Spain,18-24 years old,Bachelor's degree,Full-stack developer,20-99,Hybrid,5,1,3,0,1,4,56100.0
India,25-34 years old,High school/GED,DevOps/SRE/platform engineer,100-499,In-person,3,1,4,1,1,3,27800.0
Canada,65 years or older,Master's degree,Data scientist/ML engineer,20-99,Fully remote,41,39,3,1,1,5,135300.0
United States,55-64 years old,Bachelor's degree,Back-end developer,2-9 employees,Hybrid,28,27,8,1,0,3,212900.0
United Kingdom,18-24 years old,Bachelor's degree,Front-end developer,10-19,In-person,0,0,7,0,1,5,70400.0
Sweden,55-64 years old,Master's degree,DevOps/SRE/platform engineer,"10,000 or more",Hybrid,35,33,2,1,1,7,140100.0
India,35-44 years old,Bachelor's degree,DevOps/SRE/platform engineer,"1,000-4,999",Hybrid,11,8,2,1,1,9,
Canada,45-54 years old,Some college,Full-stack developer,20-99,Hybrid,20,17,1,1,1,3,100300.0
Poland,25-34 years old,Bachelor's degree,DevOps/SRE/platform engineer,20-99,In-person,5,2,4,0,0,4,71300.0
Canada,25-34 years old,"Other doctoral degree (Ph.D, Ed.D, etc.)",Back-end developer,100-499,Hybrid,5,5,3,1,1,5,152300.0
India,25-34 years old,Bachelor's degree,Data scientist/ML engineer,"1,000-4,999",In-person,8,6,1,0,1,6,30000.0
United States,35-44 years old,Master's degree,Back-end developer,500-999,Fully remote,18,14,2,1,0,9,187600.0
Germany,18-24 years old,Master's degree,Front-end developer,"10,000 or more",In-person,13,9,5,1,1,5,83500.0
India,18-24 years old,Bachelor's degree,Front-end developer,"1,000-4,999",Hybrid,1,0,7,1,1,3,25000.0
Brazil,25-34 years old,Master's degree,Back-end developer,"10,000 or more",Hybrid,7,7,6,1,1,9,53800.0
Germany,35-44 years old,Bachelor's degree,Back-end developer,Just me,Hybrid,12,10,4,1,1,9,108800.0
Spain,25-34 years old,Bachelor's degree,Data scientist/ML engineer,"10,000 or more",In-person,6,3,5,1,1,8,39900.0
United States,35-44 years old,Bachelor's degree,Back-end developer,"1,000-4,999",In-person,10,10,2,1,1,6,210400.0
India,55-64 years old,Master's degree,Full-stack developer,10-19,In-person,25,25,7,0,1,9,40500.0
United Kingdom,18-24 years old,Bachelor's degree,Full-stack developer,20-99,Hybrid,9,7,6,1,1,6,67400.0
United States,35-44 years old,Some college,Desktop/embedded developer,100-499,In-person,16,15,6,1,1,8,122700.0
Canada,25-34 years old,Master's degree,DevOps/SRE/platform engineer,10-19,In-person,6,5,6,1,1,6,149700.0
India,45-54 years old,Master's degree,Data scientist/ML engineer,"5,000-9,999",In-person,25,24,5,0,0,7,60200.0
United States,25-34 years old,"Other doctoral degree (Ph.D, Ed.D, etc.)",Back-end developer,"5,000-9,999",Fully remote,3,0,1,0,0,9,145500.0
United States,35-44 years old,Bachelor's degree,Back-end developer,20-99,Fully remote,11,8,4,1,1,1,155200.0
India,45-54 years old,High school/GED,Full-stack developer,2-9 employees,Hybrid,15,13,4,1,1,5,23300.0
Ukraine,55-64 years old,Some college,Engineer (other),"10,000 or more",Hybrid,27,26,8,1,1,8,49200.0
United States,35-44 years old,Master's degree,Full-stack developer,20-99,In-person,14,12,2,1,1,10,214900.0
Spain,25-34 years old,High school/GED,Back-end developer,2-9 employees,Hybrid,6,5,5,1,0,1,77300.0
India,35-44 years old,"Professional degree (JD, MD, etc.)",Desktop/embedded developer,20-99,Hybrid,12,12,12,1,1,7,41500.0
United Kingdom,45-54 years old,Bachelor's degree,DevOps/SRE/platform engineer,"10,000 or more",Hybrid,20,16,4,1,1,7,153600.0
United Kingdom,35-44 years old,Master's degree,Full-stack developer,"5,000-9,999",Hybrid,18,14,3,1,1,10,91500.0
Ukraine,18-24 years old,Master's degree,Back-end developer,100-499,Hybrid,3,2,3,0,1,8,
Poland,55-64 years old,Master's degree,Front-end developer,20-99,In-person,32,30,6,1,1,3,90200.0
Italy,35-44 years old,Associate's degree,Front-end developer,100-499,In-person,9,6,3,1,1,7,64000.0
Netherlands,35-44 years old,Bachelor's degree,Full-stack developer,Just me,In-person,14,13,5,1,1,4,
India,25-34 years old,Some college,Desktop/embedded developer,"1,000-4,999",In-person,2,1,1,0,1,8,21400.0
Sweden,35-44 years old,Associate's degree,Front-end developer,2-9 employees,In-person,14,11,7,1,1,6,104900.0
Italy,25-34 years old,Bachelor's degree,DevOps/SRE/platform engineer,100-499,In-person,8,7,5,1,1,8,55400.0
United States,35-44 years old,Master's degree,Full-stack developer,500-999,In-person,12,12,2,1,1,9,
Russia,18-24 years old,High school/GED,Full-stack developer,Just me,In-person,3,0,2,1,1,8,31500.0
France,35-44 years old,"Professional degree (JD, MD, etc.)",Data scientist/ML engineer,"10,000 or more",In-person,12,12,4,0,0,8,181200.0
Ukraine,65 years or older,High school/GED,Desktop/embedded developer,20-99,Hybrid,34,30,3,1,1,5,52600.0
Ukraine,18-24 years old,Bachelor's degree,Data scientist/ML engineer,2-9 employees,Hybrid,8,5,4,1,0,7,32600.0
Russia,55-64 years old,High school/GED,Data scientist/ML engineer,"10,000 or more",Fully remote,30,27,6,0,0,4,50700.0
Russia,25-34 years old,Master's degree,Full-stack developer,10-19,Fully remote,10,8,3,1,1,5,35900.0
United States,45-54 years old,Some college,Full-stack developer,Just me,Fully remote,20,18,1,1,1,8,168800.0
United States,35-44 years old,Master's degree,Full-stack developer,100-499,Hybrid,13,10,1,1,1,6,194400.0
United States,35-44 years old,Bachelor's degree,Mobile developer,10-19,Hybrid,14,10,6,0,1,9,141200.0
United States,35-44 years old,"Other doctoral degree (Ph.D, Ed.D, etc.)",Back-end developer,"10,000 or more",In-person,16,15,6,1,0,7,209300.0
India,45-54 years old,Bachelor's degree,Full-stack developer,Just me,Fully remote,20,18,4,1,1,2,34700.0
France,25-34 years old,Bachelor's degree,Full-stack developer,2-9 employees,Fully remote,11,7,5,1,1,6,75400.0
India,25-34 years old,Master's degree,DevOps/SRE/platform engineer,"10,000 or more",Fully remote,8,4,4,1,1,4,30800.0
Brazil,35-44 years old,Master's degree,DevOps/SRE/platform engineer,20-99,In-person,8,6,2,1,0,10,44000.0
Australia,35-44 years old,Bachelor's degree,Mobile developer,"10,000 or more",Hybrid,11,10,1,1,1,1,
France,35-44 years old,Master's degree,Back-end developer,20-99,In-person,10,8,9,1,0,7,111600.0
Germany,35-44 years old,Some college,Front-end developer,2-9 employees,Fully remote,16,12,3,1,1,6,61000.0
India,25-34 years old,Master's degree,Full-stack developer,Just me,Hybrid,1,1,4,1,1,7,33900.0
United States,35-44 years old,Bachelor's degree,Full-stack developer,20-99,Hybrid,17,15,2,1,1,7,188200.0
Germany,18-24 years old,Some college,Full-stack developer,100-499,In-person,5,1,10,0,1,9,113300.0
Brazil,25-34 years old,Bachelor's degree,Full-stack developer,Just me,Fully remote,6,4,2,1,1,4,32300.0
United Kingdom,18-24 years old,Master's degree,Front-end developer,500-999,In-person,7,3,4,1,1,3,94100.0
Brazil,25-34 years old,"Other doctoral degree (Ph.D, Ed.D, etc.)",Mobile developer,20-99,Fully remote,9,8,6,1,1,9,50400.0
India,25-34 years old,Bachelor's degree,Full-stack developer,100-499,Hybrid,9,5,4,1,1,10,32500.0
United States,25-34 years old,Master's degree,Mobile developer,20-99,Hybrid,6,3,7,1,0,6,168600.0
Netherlands,35-44 years old,Bachelor's degree,Back-end developer,100-499,In-person,7,7,6,0,1,10,62500.0
United States,25-34 years old,Master's degree,Back-end developer,20-99,Fully remote,7,3,2,1,0,6,174600.0
Canada,25-34 years old,High school/GED,Back-end developer,10-19,Fully remote,5,3,3,1,1,7,94400.0
Netherlands,25-34 years old,Bachelor's degree,Back-end developer,"10,000 or more",Hybrid,7,5,5,1,1,8,102400.0
United States,25-34 years old,High school/GED,Full-stack developer,100-499,Hybrid,8,4,4,1,1,10,90800.0
Canada,25-34 years old,Bachelor's degree,Desktop/embedded developer,2-9 employees,In-person,10,7,5,0,1,4,94400.0
Brazil,18-24 years old,Bachelor's degree,Data scientist/ML engineer,20-99,In-person,4,0,4,1,1,5,58600.0
Poland,35-44 years old,Master's degree,DevOps/SRE/platform engineer,20-99,Hybrid,13,12,3,0,1,7,76100.0
United States,35-44 years old,Bachelor's degree,Back-end developer,"5,000-9,999",Hybrid,19,16,6,1,1,5,
Australia,35-44 years old,"Other doctoral degree (Ph.D, Ed.D, etc.)",Data scientist/ML engineer,Just me,Hybrid,17,13,2,1,1,7,168600.0
United States,25-34 years old,Master's degree,Front-end developer,100-499,Hybrid,5,5,5,1,1,8,182500.0
United Kingdom,25-34 years old,Some college,Data/business analyst,100-499,Fully remote,6,3,5,1,0,9,96000.0
Germany,45-54 years old,Bachelor's degree,Back-end developer,"10,000 or more",Fully remote,22,18,3,1,1,6,80600.0
United States,25-34 years old,Master's degree,Security professional,10-19,Hybrid,2,2,7,1,1,4,131100.0
India,25-34 years old,"Other doctoral degree (Ph.D, Ed.D, etc.)",Data scientist/ML engineer,"1,000-4,999",Hybrid,7,3,1,1,1,8,37900.0
United States,18-24 years old,"Other doctoral degree (Ph.D, Ed.D, etc.)",Data scientist/ML engineer,20-99,Fully remote,5,4,4,1,0,8,281200.0
Germany,25-34 years old,Master's degree,Full-stack developer,100-499,Hybrid,6,4,3,1,1,6,126200.0
United States,25-34 years old,Bachelor's degree,Back-end developer,500-999,Hybrid,5,1,4,0,1,7,148800.0
Russia,25-34 years old,Master's degree,Front-end developer,2-9 employees,Fully remote,13,10,2,1,1,8,50600.0
United States,35-44 years old,Bachelor's degree,Full-stack developer,100-499,Fully remote,17,13,2,1,1,8,134400.0
Russia,25-34 years old,Bachelor's degree,Back-end developer,100-499,Fully remote,5,1,3,0,1,8,42300.0
Spain,35-44 years old,Master's degree,Data/business analyst,20-99,In-person,15,11,3,0,1,8,52200.0
Germany,35-44 years old,Master's degree,Back-end developer,20-99,Hybrid,16,12,3,0,1,8,127200.0
Germany,35-44 years old,"Other doctoral degree (Ph.D, Ed.D, etc.)",Full-stack developer,20-99,In-person,20,17,4,1,1,7,145800.0
India,35-44 years old,Bachelor's degree,Back-end developer,Just me,Hybrid,12,9,6,1,1,3,42900.0
Italy,55-64 years old,Master's degree,Full-stack developer,Just me,Hybrid,35,31,2,1,1,7,
France,18-24 years old,Master's degree,Back-end developer,500-999,In-person,8,6,7,1,1,9,88000.0
Sweden,25-34 years old,Bachelor's degree,Front-end developer,20-99,Hybrid,7,3,4,1,1,2,
India,18-24 years old,Bachelor's degree,Back-end developer,10-19,Hybrid,4,1,4,1,1,6,39300.0
Russia,35-44 years old,Bachelor's degree,Data scientist/ML engineer,"1,000-4,999",Fully remote,10,9,3,1,1,6,71400.0
Germany,45-54 years old,Bachelor's degree,Full-stack developer,100-499,In-person,23,19,4,1,1,5,147900.0
Spain,25-34 years old,Bachelor's degree,DevOps/SRE/platform engineer,"10,000 or more",Hybrid,9,5,4,0,1,7,55900.0
United States,45-54 years old,Bachelor's degree,Data/business analyst,"10,000 or more",Hybrid,26,22,1,0,0,4,165800.0
Canada,18-24 years old,Master's degree,Full-stack developer,"1,000-4,999",In-person,9,5,1,1,1,9,119500.0
France,55-64 years old,Some college,DevOps/SRE/platform engineer,10-19,Hybrid,26,26,2,1,1,4,115700.0
France,25-34 years old,Bachelor's degree,Back-end developer,"1,000-4,999",Fully remote,4,0,4,1,1,10,86300.0
Germany,18-24 years old,Bachelor's degree,Back-end developer,"1,000-4,999",In-person,4,1,2,0,1,1,92300.0
France,25-34 years old,Bachelor's degree,Full-stack developer,"5,000-9,999",Hybrid,9,6,2,1,1,7,87600.0
United States,25-34 years old,"Other doctoral degree (Ph.D, Ed.D, etc.)",Back-end developer,20-99,Hybrid,6,6,3,1,0,2,133000.0
Canada,25-34 years old,Bachelor's degree,Data/business analyst,"1,000-4,999",In-person,8,4,2,0,1,9,
United Kingdom,25-34 years old,Bachelor's degree,Full-stack developer,500-999,In-person,7,5,4,1,1,8,57400.0
India,35-44 years old,Master's degree,Full-stack developer,100-499,Fully remote,21,17,4,1,0,5,53500.0
Netherlands,25-34 years old,High school/GED,Full-stack developer,"1,000-4,999",Fully remote,9,6,5,1,1,4,48900.0
United States,25-34 years old,Master's degree,Front-end developer,2-9 employees,Fully remote,5,4,3,1,1,5,
United States,35-44 years old,Bachelor's degree,Mobile developer,"1,000-4,999",Hybrid,11,10,3,0,1,3,154000.0
Germany,35-44 years old,High school/GED,Front-end developer,500-999,Fully remote,13,11,3,0,1,5,77700.0
Russia,25-34 years old,"Professional degree (JD, MD, etc.)",Full-stack developer,20-99,In-person,14,10,2,1,1,2,
United Kingdom,25-34 years old,High school/GED,Back-end developer,"5,000-9,999",Fully remote,4,4,2,1,1,9,88200.0
Australia,18-24 years old,Bachelor's degree,Back-end developer,"10,000 or more",Hybrid,5,1,4,1,1,9,86100.0
United Kingdom,25-34 years old,High school/GED,Full-stack developer,20-99,Fully remote,6,4,6,1,1,7,101000.0
Netherlands,35-44 years old,High school/GED,Back-end developer,2-9 employees,In-person,17,15,4,1,1,9,100400.0
India,25-34 years old,Master's degree,Full-stack developer,500-999,Fully remote,13,11,3,1,1,6,
Australia,25-34 years old,Master's degree,DevOps/SRE/platform engineer,100-499,Hybrid,7,6,2,1,1,4,
India,35-44 years old,Associate's degree,Front-end developer,100-499,In-person,16,12,7,0,0,5,32900.0
United Kingdom,18-24 years old,Bachelor's degree,DevOps/SRE/platform engineer,"5,000-9,999",Hybrid,6,2,4,1,1,3,91700.0
United States,35-44 years old,Master's degree,Data/business analyst,"10,000 or more",Hybrid,5,5,6,1,0,9,166800.0
Ukraine,25-34 years old,Master's degree,Data/business analyst,100-499,In-person,9,7,5,1,1,8,33700.0
Brazil,55-64 years old,Bachelor's degree,Full-stack developer,Just me,Hybrid,30,28,10,1,1,4,68800.0
Spain,25-34 years old,Master's degree,Data/business analyst,500-999,Hybrid,9,6,5,1,0,7,53900.0
United States,35-44 years old,Bachelor's degree,Data scientist/ML engineer,"1,000-4,999",In-person,13,10,1,0,1,5,180500.0
United States,25-34 years old,Master's degree,Data scientist/ML engineer,"10,000 or more",Hybrid,5,4,6,1,0,4,
India,18-24 years old,"Other doctoral degree (Ph.D, Ed.D, etc.)",Full-stack developer,20-99,In-person,4,0,6,1,1,5,26300.0
United Kingdom,35-44 years old,Bachelor's degree,Full-stack developer,100-499,Hybrid,15,15,5,1,0,7,98800.0
Netherlands,55-64 years old,Some college,Engineer (other),100-499,In-person,27,27,6,1,1,8,121400.0
India,35-44 years old,Bachelor's degree,Full-stack developer,"1,000-4,999",In-person,20,18,5,1,0,4,
India,35-44 years old,Some college,Full-stack developer,2-9 employees,Fully remote,13,13,5,1,0,8,39200.0
India,45-54 years old,Bachelor's degree,Back-end developer,"10,000 or more",Fully remote,18,16,7,1,1,7,46000.0
Brazil,25-34 years old,Master's degree,Mobile developer,100-499,Fully remote,9,5,1,1,1,6,46400.0
India,25-34 years old,Bachelor's degree,Back-end developer,"10,000 or more",In-person,3,3,4,1,0,8,28000.0
Italy,35-44 years old,Bachelor's degree,Mobile developer,20-99,Fully remote,7,5,4,1,1,6,51900.0
United States,25-34 years old,Bachelor's degree,Back-end developer,"1,000-4,999",Hybrid,14,10,7,1,0,5,237200.0
Poland,45-54 years old,Associate's degree,Full-stack developer,"10,000 or more",In-person,26,22,6,1,1,10,61100.0
Canada,45-54 years old,Bachelor's degree,Back-end developer,"10,000 or more",Fully remote,24,22,3,0,1,9,100100.0
United States,25-34 years old,Bachelor's degree,Front-end developer,"10,000 or more",Fully remote,7,5,4,1,0,7,101300.0
Poland,25-34 years old,Some college,Back-end developer,2-9 employees,Hybrid,2,1,9,1,1,7,48900.0
Germany,35-44 years old,"Other doctoral degree (Ph.D, Ed.D, etc.)",Back-end developer,100-499,In-person,15,11,2,0,1,8,107500.0
France,25-34 years old,Bachelor's degree,Full-stack developer,2-9 employees,Hybrid,10,8,3,0,1,8,62600.0
France,45-54 years old,"Other doctoral degree (Ph.D, Ed.D, etc.)",Full-stack developer,20-99,In-person,21,17,9,0,0,7,93100.0
United States,25-34 years old,Some college,Desktop/embedded developer,10-19,Hybrid,0,0,7,0,0,6,136300.0
Australia,35-44 years old,Master's degree,Back-end developer,"1,000-4,999",Hybrid,14,11,3,1,1,9,159300.0
France,18-24 years old,Bachelor's degree,Full-stack developer,"5,000-9,999",Hybrid,4,1,4,1,1,7,53200.0
Netherlands,35-44 years old,Master's degree,Full-stack developer,100-499,In-person,14,12,3,1,0,9,72400.0
Germany,25-34 years old,Bachelor's degree,Back-end developer,"5,000-9,999",In-person,9,7,5,1,1,9,142600.0
United States,35-44 years old,"Other doctoral degree (Ph.D, Ed.D, etc.)",Mobile developer,Just me,Hybrid,18,14,5,1,1,8,138300.0
India,25-34 years old,Bachelor's degree,Back-end developer,"10,000 or more",Fully remote,8,6,4,0,1,8,30000.0
Russia,35-44 years old,Master's degree,Full-stack developer,10-19,Hybrid,20,16,1,1,1,9,52500.0
Ukraine,45-54 years old,Master's degree,Back-end developer,100-499,In-person,17,15,5,1,1,8,34100.0
Germany,25-34 years old,Master's degree,Desktop/embedded developer,100-499,Hybrid,11,7,1,1,0,7,
India,18-24 years old,Bachelor's degree,Front-end developer,"10,000 or more",Hybrid,5,3,6,1,1,6,20300.0
Brazil,18-24 years old,Bachelor's degree,Full-stack developer,"10,000 or more",Fully remote,1,0,4,1,1,10,33700.0
Poland,35-44 years old,Master's degree,Desktop/embedded developer,20-99,Hybrid,11,7,3,1,0,8,94800.0
Australia,35-44 years old,Bachelor's degree,Front-end developer,2-9 employees,In-person,11,10,4,1,0,8,96400.0
United States,25-34 years old,Bachelor's degree,Full-stack developer,"1,000-4,999",In-person,4,3,1,1,1,3,129400.0
United States,25-34 years old,High school/GED,Full-stack developer,100-499,Fully remote,8,7,6,1,1,7,93300.0
India,25-34 years old,Bachelor's degree,Front-end developer,500-999,In-person,4,3,2,1,1,4,
United States,35-44 years old,Master's degree,Front-end developer,2-9 employees,Fully remote,9,9,5,1,1,6,197600.0
Netherlands,25-34 years old,Bachelor's degree,Data/business analyst,"5,000-9,999",In-person,6,3,5,1,1,7,97200.0
United Kingdom,65 years or older,Bachelor's degree,Back-end developer,20-99,Fully remote,38,38,1,1,0,1,130400.0
Australia,18-24 years old,Associate's degree,Data scientist/ML engineer,20-99,In-person,4,2,5,1,1,9,97800.0
United States,35-44 years old,Bachelor's degree,Full-stack developer,20-99,In-person,13,11,8,0,1,6,163300.0
Canada,25-34 years old,Master's degree,DevOps/SRE/platform engineer,"10,000 or more",Hybrid,8,5,3,1,1,7,
Canada,25-34 years old,Associate's degree,Front-end developer,10-19,Hybrid,12,9,5,1,1,4,107700.0
India,35-44 years old,Bachelor's degree,Front-end developer,"1,000-4,999",Hybrid,13,10,3,1,1,8,
United Kingdom,35-44 years old,Bachelor's degree,Full-stack developer,20-99,Hybrid,17,16,1,0,1,6,
Canada,65 years or older,"Other doctoral degree (Ph.D, Ed.D, etc.)",Full-stack developer,100-499,Hybrid,36,36,3,1,1,7,108600.0
Russia,18-24 years old,High school/GED,Desktop/embedded developer,"10,000 or more",Hybrid,3,1,4,1,1,6,25000.0
United States,18-24 years old,Some college,Full-stack developer,2-9 employees,Hybrid,9,9,3,1,0,8,65600.0
Australia,35-44 years old,Bachelor's degree,Full-stack developer,"10,000 or more",Hybrid,9,9,2,1,1,9,99800.0
Italy,35-44 years old,Bachelor's degree,Full-stack developer,"10,000 or more",Hybrid,11,11,1,1,0,8,54400.0
Brazil,25-34 years old,High school/GED,Full-stack developer,"1,000-4,999",Fully remote,4,1,3,1,0,4,51600.0
Poland,18-24 years old,Master's degree,Front-end developer,Just me,Hybrid,7,4,4,1,1,5,
United States,18-24 years old,Bachelor's degree,Back-end developer,"10,000 or more",Hybrid,9,7,4,1,1,7,227800.0
United Kingdom,45-54 years old,Bachelor's degree,Full-stack developer,"10,000 or more",Hybrid,27,25,4,0,1,5,90900.0
Brazil,25-34 years old,Bachelor's degree,Back-end developer,"10,000 or more",Hybrid,11,9,4,1,1,4,62600.0
Canada,25-34 years old,Master's degree,DevOps/SRE/platform engineer,"10,000 or more",Hybrid,4,4,3,0,1,2,128000.0
India,25-34 years old,Associate's degree,Mobile developer,100-499,Fully remote,7,4,6,0,1,3,35600.0
Ukraine,25-34 years old,Some college,Back-end developer,"1,000-4,999",Hybrid,1,0,3,1,1,7,27500.0
United Kingdom,18-24 years old,Associate's degree,Front-end developer,100-499,Fully remote,8,8,5,1,1,4,77800.0
Sweden,25-34 years old,Bachelor's degree,Full-stack developer,20-99,Hybrid,10,6,3,1,1,7,102300.0
United Kingdom,18-24 years old,Master's degree,Back-end developer,"1,000-4,999",In-person,0,0,5,1,1,8,89700.0
Netherlands,35-44 years old,Bachelor's degree,Data scientist/ML engineer,"5,000-9,999",Fully remote,19,16,6,1,1,5,120100.0
Poland,25-34 years old,Some college,Back-end developer,"1,000-4,999",Fully remote,6,2,5,0,0,10,35700.0
France,25-34 years old,Associate's degree,Back-end developer,"10,000 or more",In-person,6,6,3,0,1,5,111800.0
United States,45-54 years old,Bachelor's degree,Front-end developer,10-19,In-person,22,19,2,1,1,4,
United States,35-44 years old,Bachelor's degree,Data/business analyst,100-499,Hybrid,17,14,1,1,1,7,163300.0
Canada,25-34 years old,Master's degree,DevOps/SRE/platform engineer,20-99,In-person,6,5,2,0,1,6,121200.0
Russia,25-34 years old,Some college,Data scientist/ML engineer,20-99,Hybrid,1,1,1,1,1,9,20300.0
Canada,25-34 years old,High school/GED,Full-stack developer,100-499,Fully remote,8,5,7,0,1,2,87300.0
United States,35-44 years old,High school/GED,Full-stack developer,"10,000 or more",In-person,17,15,3,1,0,5,143600.0
India,65 years or older,Master's degree,DevOps/SRE/platform engineer,100-499,In-person,38,35,7,1,1,9,51500.0
Canada,35-44 years old,Master's degree,Full-stack developer,20-99,Hybrid,15,14,5,0,1,8,142300.0
Canada,25-34 years old,"Other doctoral degree (Ph.D, Ed.D, etc.)",Front-end developer,20-99,In-person,5,2,3,1,1,1,67400.0
Sweden,35-44 years old,Bachelor's degree,Back-end developer,500-999,Fully remote,12,12,9,1,1,7,128200.0
United Kingdom,25-34 years old,Associate's degree,Back-end developer,20-99,In-person,3,3,7,1,0,5,
India,18-24 years old,Bachelor's degree,Back-end developer,100-499,Hybrid,8,4,4,1,1,10,28700.0
United Kingdom,35-44 years old,Bachelor's degree,Mobile developer,20-99,In-person,12,12,6,0,0,10,
Netherlands,55-64 years old,Bachelor's degree,Full-stack developer,20-99,Hybrid,34,30,3,1,1,10,163100.0
United Kingdom,25-34 years old,Bachelor's degree,Data scientist/ML engineer,"1,000-4,999",Hybrid,10,8,5,1,0,1,100200.0
India,35-44 years old,Less than high school,DevOps/SRE/platform engineer,500-999,Fully remote,15,14,8,1,1,9,
India,25-34 years old,High school/GED,Data/business analyst,2-9 employees,Hybrid,8,6,4,0,0,6,32000.0
Poland,25-34 years old,Master's degree,Back-end developer,"10,000 or more",Fully remote,6,2,3,1,1,8,46500.0
United States,18-24 years old,Bachelor's degree,Back-end developer,2-9 employees,Hybrid,4,1,2,1,1,6,117900.0
India,25-34 years old,Master's degree,Data/business analyst,2-9 employees,Fully remote,6,3,9,0,1,6,39900.0
United States,35-44 years old,Bachelor's degree,Back-end developer,"1,000-4,999",Hybrid,13,11,3,0,1,5,186300.0
Ukraine,25-34 years old,Master's degree,Back-end developer,"1,000-4,999",Hybrid,7,4,1,1,1,6,33600.0
United States,35-44 years old,Bachelor's degree,Back-end developer,Just me,Hybrid,13,9,7,1,1,5,125800.0
Poland,35-44 years old,Some college,Full-stack developer,"1,000-4,999",In-person,7,6,7,0,1,10,56600.0
Canada,45-54 years old,"Other doctoral degree (Ph.D, Ed.D, etc.)",Back-end developer,2-9 employees,Hybrid,18,18,6,1,1,6,107900.0
Canada,25-34 years old,Bachelor's degree,Front-end developer,"10,000 or more",Fully remote,10,6,5,1,1,10,
Poland,25-34 years old,Bachelor's degree,Desktop/embedded developer,"1,000-4,999",Hybrid,5,1,4,1,1,6,50200.0
India,25-34 years old,Master's degree,Full-stack developer,10-19,In-person,5,5,4,1,1,5,28400.0
India,65 years or older,Bachelor's degree,Data scientist/ML engineer,10-19,In-person,40,40,2,1,1,9,53100.0
India,45-54 years old,Master's degree,Back-end developer,500-999,In-person,24,23,1,0,0,7,
Canada,25-34 years old,Master's degree,Front-end developer,"1,000-4,999",Fully remote,11,10,4,1,1,4,129400.0
Ukraine,45-54 years old,Bachelor's degree,Data/business analyst,"10,000 or more",Hybrid,22,21,5,0,1,10,39500.0
Ukraine,25-34 years old,Master's degree,Full-stack developer,"10,000 or more",Hybrid,12,9,1,0,1,10,46900.0
Brazil,35-44 years old,Master's degree,Data scientist/ML engineer,100-499,Hybrid,14,10,4,0,1,8,89400.0
Russia,18-24 years old,Associate's degree,Front-end developer,"10,000 or more",In-person,0,0,5,1,1,10,
Sweden,35-44 years old,Bachelor's degree,Desktop/embedded developer,100-499,In-person,8,4,4,1,1,8,82600.0
Netherlands,18-24 years old,Some college,Back-end developer,100-499,Hybrid,9,5,1,0,0,7,88200.0
India,45-54 years old,Bachelor's degree,Full-stack developer,"1,000-4,999",Fully remote,26,25,2,1,0,9,47000.0
Germany,35-44 years old,Master's degree,Front-end developer,2-9 employees,Fully remote,11,10,5,1,1,2,106900.0
Ukraine,35-44 years old,Bachelor's degree,Back-end developer,20-99,Fully remote,15,11,1,0,1,6,36300.0
France,18-24 years old,Some college,Full-stack developer,"5,000-9,999",Fully remote,1,0,3,0,1,6,83600.0
Australia,25-34 years old,Bachelor's degree,DevOps/SRE/platform engineer,100-499,In-person,9,6,5,1,1,7,128000.0
United States,25-34 years old,Master's degree,Back-end developer,"10,000 or more",In-person,8,8,3,1,1,6,216700.0
United States,25-34 years old,Bachelor's degree,DevOps/SRE/platform engineer,2-9 employees,In-person,4,0,2,1,1,7,106300.0
India,18-24 years old,Master's degree,Back-end developer,20-99,Hybrid,3,3,5,1,1,9,32800.0
United States,55-64 years old,Master's degree,Front-end developer,20-99,Hybrid,30,27,1,0,1,10,
Russia,25-34 years old,High school/GED,Security professional,100-499,Hybrid,6,5,5,1,1,7,31100.0
United States,25-34 years old,Bachelor's degree,Data/business analyst,"10,000 or more",Hybrid,8,6,3,0,1,8,121000.0
United Kingdom,25-34 years old,Bachelor's degree,Full-stack developer,20-99,Hybrid,7,4,5,1,1,7,67300.0
United States,25-34 years old,Master's degree,DevOps/SRE/platform engineer,100-499,Hybrid,7,5,4,1,0,9,
United States,35-44 years old,Master's degree,Back-end developer,100-499,In-person,11,11,1,1,0,5,161800.0
India,25-34 years old,Master's degree,Full-stack developer,"5,000-9,999",Fully remote,12,8,3,1,1,9,33700.0
Italy,45-54 years old,Bachelor's degree,Front-end developer,100-499,Fully remote,22,21,8,0,1,7,79000.0
Netherlands,25-34 years old,Some college,Engineer (other),500-999,Hybrid,9,6,8,1,0,7,103200.0
France,65 years or older,Master's degree,Engineer (other),"5,000-9,999",Fully remote,32,31,5,1,0,10,75800.0
Ukraine,45-54 years old,Associate's degree,Full-stack developer,2-9 employees,Hybrid,21,19,1,1,1,5,47500.0
Sweden,25-34 years old,Master's degree,Data scientist/ML engineer,"10,000 or more",In-person,10,8,6,1,1,3,97200.0
Germany,55-64 years old,Some college,Data scientist/ML engineer,"10,000 or more",In-person,32,28,2,0,1,8,
India,18-24 years old,Some college,Back-end developer,100-499,In-person,5,3,2,1,1,5,23800.0
India,35-44 years old,Bachelor's degree,Front-end developer,"1,000-4,999",Hybrid,21,17,7,1,0,8,30600.0
United States,25-34 years old,Bachelor's degree,Back-end developer,"5,000-9,999",In-person,11,8,3,0,1,2,168600.0
India,45-54 years old,Master's degree,Full-stack developer,"10,000 or more",Fully remote,24,20,3,1,1,7,27500.0
India,45-54 years old,Some college,Data scientist/ML engineer,10-19,Fully remote,20,18,3,0,1,5,33800.0
United States,35-44 years old,"Other doctoral degree (Ph.D, Ed.D, etc.)",Full-stack developer,"1,000-4,999",In-person,4,4,4,1,1,3,191900.0
Russia,35-44 years old,Bachelor's degree,Back-end developer,2-9 employees,In-person,15,11,5,1,0,2,59800.0
Spain,25-34 years old,Bachelor's degree,Full-stack developer,2-9 employees,Hybrid,5,4,3,1,1,10,56600.0
India,18-24 years old,Bachelor's degree,Data scientist/ML engineer,"5,000-9,999",Fully remote,3,3,2,1,1,5,26900.0
Netherlands,25-34 years old,Bachelor's degree,Back-end developer,"5,000-9,999",Hybrid,9,5,4,1,1,7,83400.0
Netherlands,25-34 years old,High school/GED,Back-end developer,500-999,Hybrid,5,4,6,1,1,7,84900.0
India,35-44 years old,"Other doctoral degree (Ph.D, Ed.D, etc.)",Front-end developer,500-999,Fully remote,7,7,4,1,1,6,39500.0
Brazil,25-34 years old,Bachelor's degree,Full-stack developer,"1,000-4,999",Hybrid,6,2,4,1,0,7,39900.0
India,55-64 years old,High school/GED,Mobile developer,"10,000 or more",In-person,32,29,5,0,1,7,38100.0
United States,35-44 years old,Bachelor's degree,Back-end developer,100-499,Fully remote,18,17,5,1,0,9,207100.0
Germany,45-54 years old,Bachelor's degree,Back-end developer,2-9 employees,In-person,23,20,4,1,0,6,129800.0
Germany,18-24 years old,High school/GED,Full-stack developer,"10,000 or more",In-person,4,2,4,1,1,6,78500.0
United States,45-54 years old,"Professional degree (JD, MD, etc.)",Full-stack developer,20-99,Hybrid,27,23,6,1,1,8,
Germany,45-54 years old,High school/GED,Mobile developer,10-19,In-person,22,18,2,0,1,6,88300.0
Ukraine,25-34 years old,Bachelor's degree,Back-end developer,500-999,Fully remote,7,6,2,1,1,7,28000.0
Brazil,35-44 years old,"Other doctoral degree (Ph.D, Ed.D, etc.)",Data scientist/ML engineer,500-999,Hybrid,14,10,7,1,1,4,91000.0
Poland,35-44 years old,Bachelor's degree,Full-stack developer,100-499,Fully remote,17,15,1,1,1,5,100100.0
Poland,25-34 years old,Bachelor's degree,Front-end developer,"10,000 or more",In-person,9,5,7,0,1,4,
Poland,25-34 years old,Less than high school,Mobile developer,20-99,In-person,6,6,5,0,0,9,38900.0
United States,25-34 years old,High school/GED,Full-stack developer,Just me,Hybrid,6,3,3,1,0,8,132500.0
Ukraine,25-34 years old,High school/GED,Front-end developer,20-99,Fully remote,9,7,4,1,1,6,33000.0
Australia,25-34 years old,Master's degree,Data/business analyst,Just me,In-person,13,11,3,1,1,6,
India,18-24 years old,Master's degree,Data scientist/ML engineer,100-499,Hybrid,3,0,3,1,1,6,31000.0
United Kingdom,18-24 years old,Master's degree,Full-stack developer,100-499,In-person,3,0,6,1,1,4,71200.0
Canada,18-24 years old,Bachelor's degree,Back-end developer,"5,000-9,999",Fully remote,4,2,2,1,1,8,86100.0
United States,55-64 years old,Master's degree,Full-stack developer,"5,000-9,999",Fully remote,33,30,5,1,1,9,248500.0
India,25-34 years old,Bachelor's degree,DevOps/SRE/platform engineer,100-499,Hybrid,4,3,3,1,1,7,27700.0
United States,55-64 years old,Bachelor's degree,Front-end developer,20-99,Hybrid,23,20,6,1,1,8,162500.0
Spain,25-34 years old,Bachelor's degree,Data/business analyst,100-499,In-person,9,9,2,0,1,8,75100.0
United States,25-34 years old,High school/GED,Full-stack developer,"1,000-4,999",In-person,7,7,1,1,0,3,98500.0
India,25-34 years old,"Other doctoral degree (Ph.D, Ed.D, etc.)",Back-end developer,20-99,In-person,1,0,6,0,1,7,25500.0
United States,25-34 years old,Bachelor's degree,Full-stack developer,"5,000-9,999",In-person,6,3,5,1,0,6,115500.0
Netherlands,18-24 years old,Master's degree,Back-end developer,20-99,Fully remote,6,6,5,0,0,5,111800.0
Ukraine,35-44 years old,Master's degree,Full-stack developer,"10,000 or more",Hybrid,20,16,8,1,1,8,56200.0
United Kingdom,25-34 years old,Master's degree,Back-end developer,100-499,In-person,11,8,2,1,0,9,107000.0
United States,35-44 years old,High school/GED,DevOps/SRE/platform engineer,"10,000 or more",Fully remote,12,11,7,0,0,10,87700.0
United Kingdom,35-44 years old,Bachelor's degree,Full-stack developer,500-999,Fully remote,15,12,2,0,0,7,95500.0
Poland,25-34 years old,Master's degree,Back-end developer,500-999,Hybrid,7,5,5,0,1,8,
Brazil,18-24 years old,High school/GED,Mobile developer,"1,000-4,999",Hybrid,7,5,5,1,0,8,31800.0
Poland,35-44 years old,"Other doctoral degree (Ph.D, Ed.D, etc.)",Security professional,"5,000-9,999",In-person,9,9,4,1,1,8,68100.0
India,25-34 years old,Bachelor's degree,Full-stack developer,"1,000-4,999",Hybrid,5,3,4,1,1,5,23000.0
United States,18-24 years old,Bachelor's degree,Mobile developer,"5,000-9,999",Hybrid,6,5,6,1,1,4,108600.0
United States,65 years or older,Bachelor's degree,Full-stack developer,20-99,Fully remote,35,35,1,0,1,6,155100.0
Sweden,18-24 years old,Master's degree,Back-end developer,20-99,Hybrid,7,6,4,1,1,7,96200.0
Canada,35-44 years old,Bachelor's degree,DevOps/SRE/platform engineer,20-99,Fully remote,11,10,4,0,1,8,103900.0
Brazil,65 years or older,Master's degree,Data scientist/ML engineer,"5,000-9,999",In-person,37,35,2,1,1,7,85900.0
Russia,25-34 years old,Bachelor's degree,DevOps/SRE/platform engineer,2-9 employees,Hybrid,4,2,2,1,1,7,45500.0
Spain,25-34 years old,Master's degree,Data scientist/ML engineer,"5,000-9,999",In-person,6,5,8,1,1,7,100800.0
United States,18-24 years old,Some college,Full-stack developer,100-499,Fully remote,2,0,5,1,0,5,114300.0
United States,25-34 years old,High school/GED,Front-end developer,2-9 employees,In-person,6,4,5,1,1,6,
Ukraine,18-24 years old,Some college,Back-end developer,100-499,Hybrid,2,0,4,1,1,3,27600.0
Italy,35-44 years old,Bachelor's degree,Back-end developer,20-99,In-person,17,14,7,1,1,2,75100.0
United Kingdom,18-24 years old,Bachelor's degree,Full-stack developer,500-999,Hybrid,5,4,9,1,0,1,95000.0
Russia,25-34 years old,Bachelor's degree,Back-end developer,100-499,Hybrid,4,0,1,1,0,3,33000.0
United States,65 years or older,Bachelor's degree,DevOps/SRE/platform engineer,20-99,Hybrid,40,39,1,1,1,7,197400.0
United States,35-44 years old,High school/GED,Mobile developer,"10,000 or more",In-person,19,19,2,0,0,10,139000.0
Germany,35-44 years old,High school/GED,Front-end developer,100-499,Hybrid,14,12,1,1,1,1,
Australia,25-34 years old,Some college,Back-end developer,100-499,Hybrid,5,3,2,1,0,8,146800.0
France,35-44 years old,Bachelor's degree,Data scientist/ML engineer,"10,000 or more",Fully remote,24,20,2,1,0,8,151400.0
Canada,25-34 years old,Less than high school,Front-end developer,2-9 employees,In-person,1,1,1,1,1,9,61800.0
United States,25-34 years old,Bachelor's degree,Engineer (other),100-499,Fully remote,8,5,5,0,1,10,152700.0
India,18-24 years old,Bachelor's degree,Full-stack developer,100-499,Hybrid,3,2,2,0,1,9,18800.0
Ukraine,45-54 years old,Bachelor's degree,Back-end developer,100-499,In-person,27,24,6,0,0,8,48400.0
United States,25-34 years old,Master's degree,Mobile developer,2-9 employees,Hybrid,6,6,8,1,1,3,148100.0
Brazil,25-34 years old,Bachelor's degree,Mobile developer,2-9 employees,Hybrid,8,4,5,1,1,6,41200.0
Poland,25-34 years old,Some college,Back-end developer,100-499,In-person,2,2,6,1,1,7,56700.0
Brazil,25-34 years old,Bachelor's degree,Full-stack developer,2-9 employees,Hybrid,8,4,4,1,1,1,33500.0
Italy,45-54 years old,Less than high school,DevOps/SRE/platform engineer,20-99,Hybrid,20,17,4,1,1,7,90600.0
India,35-44 years old,Some college,Front-end developer,20-99,Hybrid,15,12,4,0,1,1,35000.0
France,35-44 years old,Master's degree,Data scientist/ML engineer,100-499,Hybrid,10,10,5,0,1,8,133800.0
United States,18-24 years old,Associate's degree,Back-end developer,Just me,Hybrid,0,0,7,1,1,5,119900.0
India,25-34 years old,"Other doctoral degree (Ph.D, Ed.D, etc.)",Full-stack developer,"1,000-4,999",Hybrid,11,9,3,0,1,8,
Germany,25-34 years old,Some college,Full-stack developer,"10,000 or more",In-person,8,4,6,1,0,7,79500.0
United States,18-24 years old,Master's degree,Front-end developer,"1,000-4,999",Hybrid,2,0,4,1,0,3,119900.0
Russia,25-34 years old,Master's degree,Full-stack developer,"5,000-9,999",In-person,5,4,5,1,1,9,41500.0
Brazil,35-44 years old,Bachelor's degree,Full-stack developer,"1,000-4,999",In-person,13,12,5,1,1,8,52900.0
India,18-24 years old,Bachelor's degree,Back-end developer,100-499,Hybrid,0,0,2,0,1,8,37900.0
United States,25-34 years old,Bachelor's degree,Back-end developer,20-99,In-person,9,6,1,1,0,5,130000.0
India,25-34 years old,Master's degree,Full-stack developer,20-99,Hybrid,3,2,6,1,1,3,32700.0
Canada,18-24 years old,Bachelor's degree,Full-stack developer,20-99,Hybrid,8,7,6,1,0,10,76300.0
Australia,25-34 years old,High school/GED,Data/business analyst,2-9 employees,Fully remote,9,7,5,1,1,6,88000.0
Germany,55-64 years old,Bachelor's degree,Full-stack developer,"10,000 or more",In-person,29,27,3,0,1,5,
United States,35-44 years old,Associate's degree,Back-end developer,"10,000 or more",Hybrid,11,10,5,1,1,9,122900.0
India,55-64 years old,"Other doctoral degree (Ph.D, Ed.D, etc.)",Back-end developer,2-9 employees,Hybrid,28,28,5,1,1,7,44700.0
India,25-34 years old,Master's degree,DevOps/SRE/platform engineer,500-999,Fully remote,9,7,1,1,1,8,
Canada,18-24 years old,High school/GED,Back-end developer,100-499,Fully remote,2,1,1,1,1,5,67100.0
India,25-34 years old,Bachelor's degree,Full-stack developer,"1,000-4,999",Hybrid,7,4,5,1,1,10,35500.0
United States,25-34 years old,High school/GED,Full-stack developer,500-999,Hybrid,7,5,5,1,0,7,72000.0
India,45-54 years old,Master's degree,Data scientist/ML engineer,10-19,Hybrid,19,18,5,1,0,6,
Canada,18-24 years old,"Professional degree (JD, MD, etc.)",Data scientist/ML engineer,"1,000-4,999",Hybrid,4,0,3,1,1,2,134700.0
Germany,25-34 years old,Some college,Back-end developer,500-999,Hybrid,2,0,6,1,1,8,117700.0
Australia,25-34 years old,Bachelor's degree,Full-stack developer,100-499,Hybrid,12,8,3,1,1,7,86200.0
Brazil,25-34 years old,"Other doctoral degree (Ph.D, Ed.D, etc.)",Back-end developer,100-499,Hybrid,8,6,5,1,1,10,50800.0
France,35-44 years old,Some college,Front-end developer,"10,000 or more",Hybrid,12,10,3,1,1,3,100500.0
United States,25-34 years old,Bachelor's degree,Desktop/embedded developer,"10,000 or more",Fully remote,15,11,6,0,1,6,
United States,25-34 years old,Bachelor's degree,Full-stack developer,500-999,Hybrid,5,5,3,1,0,5,
United Kingdom,25-34 years old,High school/GED,Front-end developer,Just me,Hybrid,3,2,8,1,1,8,80300.0
United States,25-34 years old,High school/GED,Full-stack developer,100-499,Hybrid,8,8,3,0,1,3,163400.0
India,35-44 years old,"Other doctoral degree (Ph.D, Ed.D, etc.)",Front-end developer,"1,000-4,999",Hybrid,13,13,3,1,1,10,37200.0
United States,45-54 years old,Bachelor's degree,Front-end developer,2-9 employees,Hybrid,22,21,4,1,1,8,
United States,55-64 years old,Bachelor's degree,Mobile developer,100-499,Fully remote,30,27,7,1,1,6,
United States,35-44 years old,Bachelor's degree,Back-end developer,20-99,Hybrid,13,13,4,1,1,6,169000.0
Netherlands,25-34 years old,Master's degree,Front-end developer,20-99,Fully remote,4,4,5,1,1,7,
India,35-44 years old,Bachelor's degree,Full-stack developer,Just me,Hybrid,14,14,2,0,0,8,40100.0
United States,25-34 years old,Associate's degree,Full-stack developer,10-19,Fully remote,3,0,3,0,1,7,76300.0
India,25-34 years old,Some college,Full-stack developer,100-499,Fully remote,6,4,7,0,1,7,25900.0
France,45-54 years old,Master's degree,Full-stack developer,"10,000 or more",Fully remote,29,25,4,1,1,4,196300.0
Poland,18-24 years old,Some college,Full-stack developer,100-499,Fully remote,4,0,5,1,0,4,47100.0
United States,45-54 years old,High school/GED,Data/business analyst,100-499,In-person,21,18,2,1,1,9,124600.0
Netherlands,25-34 years old,Bachelor's degree,Front-end developer,"5,000-9,999",Hybrid,4,4,7,0,1,7,53500.0
India,35-44 years old,High school/GED,Full-stack developer,20-99,Hybrid,12,8,5,1,1,7,37300.0
France,35-44 years old,"Other doctoral degree (Ph.D, Ed.D, etc.)",Full-stack developer,2-9 employees,Hybrid,8,5,3,1,1,6,160400.0
France,45-54 years old,Bachelor's degree,Back-end developer,20-99,Fully remote,20,19,1,1,0,8,138900.0
Netherlands,35-44 years old,Some college,Back-end developer,"5,000-9,999",In-person,16,12,3,1,1,9,100300.0
Brazil,35-44 years old,Some college,Full-stack developer,"1,000-4,999",Hybrid,13,12,7,0,1,6,37800.0
United States,18-24 years old,Bachelor's degree,Back-end developer,2-9 employees,Fully remote,1,1,3,0,1,2,132900.0
United Kingdom,25-34 years old,Bachelor's degree,Mobile developer,"1,000-4,999",In-person,9,5,2,0,1,5,79300.0
United States,25-34 years old,Master's degree,Front-end developer,"10,000 or more",Hybrid,11,8,4,1,0,9,182500.0
Sweden,35-44 years old,Bachelor's degree,Front-end developer,2-9 employees,In-person,13,11,8,1,0,7,109000.0
India,25-34 years old,Bachelor's degree,Data scientist/ML engineer,500-999,Fully remote,7,3,3,1,0,9,
India,35-44 years old,"Other doctoral degree (Ph.D, Ed.D, etc.)",Full-stack developer,100-499,In-person,15,11,4,0,1,6,42700.0
United States,18-24 years old,Bachelor's degree,Full-stack developer,100-499,In-person,7,3,7,1,1,6,109400.0
United States,18-24 years old,Bachelor's degree,Back-end developer,100-499,In-person,10,6,5,1,0,1,213900.0
Canada,35-44 years old,Master's degree,Desktop/embedded developer,"5,000-9,999",In-person,13,10,2,1,1,4,92800.0
Germany,18-24 years old,Master's degree,Back-end developer,500-999,Hybrid,5,2,4,1,0,6,86800.0
India,18-24 years old,Bachelor's degree,Full-stack developer,500-999,Fully remote,5,3,3,1,1,3,35900.0
United States,18-24 years old,Master's degree,Mobile developer,20-99,Hybrid,3,0,5,1,1,7,125300.0
Poland,55-64 years old,Bachelor's degree,Back-end developer,10-19,In-person,31,28,3,0,1,10,76100.0
United States,35-44 years old,Bachelor's degree,Data scientist/ML engineer,"1,000-4,999",Hybrid,8,8,4,1,1,2,164200.0
Germany,25-34 years old,Associate's degree,Mobile developer,Just me,Hybrid,0,0,5,1,1,6,87000.0
Canada,25-34 years old,Master's degree,Back-end developer,20-99,Hybrid,7,6,3,1,1,6,
Germany,25-34 years old,Associate's degree,DevOps/SRE/platform engineer,20-99,Hybrid,6,4,5,1,1,2,108600.0
United States,35-44 years old,Less than high school,Data scientist/ML engineer,100-499,Hybrid,13,13,3,0,1,4,109400.0
Netherlands,35-44 years old,"Other doctoral degree (Ph.D, Ed.D, etc.)",Mobile developer,20-99,Hybrid,14,12,6,0,0,7,191000.0
India,25-34 years old,Bachelor's degree,Full-stack developer,"1,000-4,999",Hybrid,4,2,3,1,1,10,
United States,25-34 years old,Associate's degree,Mobile developer,20-99,Hybrid,9,5,5,1,1,7,124500.0
United Kingdom,18-24 years old,Bachelor's degree,Full-stack developer,500-999,In-person,2,0,1,0,1,3,57500.0
United States,35-44 years old,Bachelor's degree,Data scientist/ML engineer,100-499,Fully remote,20,16,6,1,1,8,169500.0
India,35-44 years old,Bachelor's degree,Back-end developer,"5,000-9,999",In-person,9,8,2,1,0,9,22500.0
Poland,25-34 years old,High school/GED,Full-stack developer,100-499,Hybrid,5,4,2,1,1,9,37700.0
Russia,18-24 years old,High school/GED,Full-stack developer,"10,000 or more",Fully remote,1,0,3,0,1,9,
Canada,18-24 years old,Bachelor's degree,Back-end developer,Just me,In-person,7,3,6,1,1,9,125900.0
United States,55-64 years old,Bachelor's degree,Back-end developer,500-999,In-person,31,27,4,0,1,5,252100.0
United States,25-34 years old,Some college,Full-stack developer,Just me,Hybrid,4,3,2,1,1,7,133300.0
Canada,35-44 years old,Bachelor's degree,Full-stack developer,"1,000-4,999",In-person,19,15,4,1,1,4,82600.0
India,35-44 years old,Bachelor's degree,Back-end developer,20-99,Hybrid,15,12,8,1,1,6,
United States,25-34 years old,High school/GED,Back-end developer,100-499,Fully remote,10,7,3,1,1,6,148000.0
Netherlands,25-34 years old,Master's degree,Back-end developer,100-499,Hybrid,6,2,3,1,1,6,77200.0
United States,18-24 years old,Master's degree,DevOps/SRE/platform engineer,"10,000 or more",Hybrid,4,0,2,1,1,6,119100.0
India,35-44 years old,Associate's degree,Front-end developer,2-9 employees,Hybrid,12,12,7,1,0,8,30500.0
United States,35-44 years old,Some college,Full-stack developer,"1,000-4,999",Fully remote,11,11,4,0,0,7,
Brazil,35-44 years old,Bachelor's degree,Back-end developer,"10,000 or more",Hybrid,16,14,2,1,1,8,62700.0
India,25-34 years old,Master's degree,Data scientist/ML engineer,Just me,Fully remote,7,5,6,1,1,8,29100.0
United States,18-24 years old,"Other doctoral degree (Ph.D, Ed.D, etc.)",Full-stack developer,"10,000 or more",Hybrid,4,2,4,1,0,4,158200.0
India,55-64 years old,Bachelor's degree,Back-end developer,Just me,In-person,24,23,7,1,1,7,
Spain,35-44 years old,Bachelor's degree,Back-end developer,"10,000 or more",Hybrid,21,18,2,0,1,9,83400.0
United Kingdom,25-34 years old,Master's degree,Data/business analyst,"10,000 or more",Fully remote,6,5,1,1,1,8,74300.0
United States,55-64 years old,Bachelor's degree,Back-end developer,"10,000 or more",In-person,34,30,7,1,0,9,179400.0
Netherlands,35-44 years old,Some college,Data scientist/ML engineer,100-499,Fully remote,9,9,3,0,1,7,139400.0
United States,35-44 years old,Bachelor's degree,Back-end developer,"10,000 or more",Hybrid,17,13,6,1,1,8,167200.0
India,35-44 years old,Some college,Data scientist/ML engineer,10-19,Fully remote,12,8,3,1,1,5,41800.0
United Kingdom,35-44 years old,High school/GED,Back-end developer,100-499,Fully remote,13,13,2,0,1,9,87900.0
Canada,35-44 years old,Master's degree,Back-end developer,20-99,Hybrid,15,11,3,1,1,5,145700.0
United States,18-24 years old,Bachelor's degree,Back-end developer,100-499,Fully remote,4,2,7,0,1,6,
Australia,25-34 years old,Less than high school,Mobile developer,"1,000-4,999",Fully remote,7,7,4,1,1,8,55300.0
Germany,45-54 years old,Master's degree,Full-stack developer,2-9 employees,Hybrid,20,16,10,1,0,8,114400.0
Italy,25-34 years old,Bachelor's degree,Full-stack developer,"10,000 or more",Fully remote,5,3,8,1,1,2,69400.0
Brazil,25-34 years old,Bachelor's degree,Desktop/embedded developer,"1,000-4,999",In-person,8,6,2,1,1,4,31000.0
Italy,25-34 years old,Bachelor's degree,Front-end developer,"10,000 or more",Fully remote,14,11,6,0,1,5,77900.0
Germany,25-34 years old,Bachelor's degree,Full-stack developer,"10,000 or more",Hybrid,7,5,5,1,1,10,119000.0
United States,35-44 years old,Associate's degree,Full-stack developer,"5,000-9,999",Hybrid,15,14,6,1,0,9,107300.0
Brazil,55-64 years old,Master's degree,Back-end developer,2-9 employees,Fully remote,28,28,4,1,1,8,87100.0
Netherlands,25-34 years old,Some college,Back-end developer,100-499,Hybrid,11,11,3,1,1,10,80900.0
Spain,18-24 years old,Bachelor's degree,DevOps/SRE/platform engineer,20-99,Hybrid,0,0,4,1,1,8,93300.0
India,25-34 years old,High school/GED,Full-stack developer,2-9 employees,In-person,9,5,3,1,1,8,26700.0
United Kingdom,45-54 years old,"Other doctoral degree (Ph.D, Ed.D, etc.)",Mobile developer,20-99,Fully remote,19,15,1,1,1,9,134600.0
Spain,35-44 years old,Bachelor's degree,Back-end developer,"1,000-4,999",Hybrid,5,4,3,1,1,5,51500.0
Spain,25-34 years old,"Professional degree (JD, MD, etc.)",Full-stack developer,20-99,In-person,8,6,5,1,0,1,60700.0
United States,35-44 years old,Bachelor's degree,Back-end developer,100-499,Hybrid,16,12,6,1,1,8,124200.0
France,45-54 years old,Master's degree,Front-end developer,100-499,Hybrid,21,19,5,1,1,4,102500.0
Canada,45-54 years old,Master's degree,Full-stack developer,2-9 employees,Hybrid,22,20,2,1,1,5,134200.0
United States,45-54 years old,Master's degree,Data scientist/ML engineer,"1,000-4,999",In-person,33,29,5,1,1,9,314800.0
Ukraine,25-34 years old,Some college,Data scientist/ML engineer,500-999,Hybrid,8,4,4,0,1,8,30700.0
Germany,35-44 years old,High school/GED,Full-stack developer,"10,000 or more",Fully remote,15,14,2,1,1,7,88100.0
France,25-34 years old,Some college,Full-stack developer,20-99,Fully remote,6,3,1,1,1,3,76000.0
Russia,45-54 years old,Some college,Full-stack developer,100-499,Fully remote,21,21,3,1,1,5,56200.0
United States,35-44 years old,Master's degree,Data scientist/ML engineer,100-499,Fully remote,15,11,4,1,1,7,187600.0
Spain,35-44 years old,Bachelor's degree,Full-stack developer,"10,000 or more",In-person,15,11,11,1,0,8,96100.0
Brazil,35-44 years old,Bachelor's degree,Data scientist/ML engineer,100-499,Hybrid,19,17,4,1,1,10,55100.0
Australia,25-34 years old,Bachelor's degree,Front-end developer,100-499,Fully remote,12,9,9,1,1,7,87600.0
Germany,25-34 years old,Some college,Data scientist/ML engineer,20-99,In-person,9,5,3,1,1,2,108800.0
United States,65 years or older,Associate's degree,Front-end developer,Just me,In-person,31,28,9,1,1,5,
France,55-64 years old,Bachelor's degree,Back-end developer,2-9 employees,Hybrid,27,27,5,1,1,5,127000.0
India,18-24 years old,Master's degree,Mobile developer,"1,000-4,999",Hybrid,12,10,5,1,1,8,41300.0
India,25-34 years old,Bachelor's degree,Data scientist/ML engineer,"1,000-4,999",In-person,5,4,4,0,1,1,38100.0
Germany,18-24 years old,Master's degree,Back-end developer,20-99,Hybrid,5,5,1,1,0,7,108800.0
Germany,35-44 years old,Bachelor's degree,Front-end developer,100-499,Fully remote,19,16,1,1,0,10,147600.0
France,35-44 years old,Master's degree,Front-end developer,20-99,In-person,16,13,4,1,1,8,111600.0
Brazil,25-34 years old,Bachelor's degree,Back-end developer,"1,000-4,999",Hybrid,2,2,6,0,1,8,49400.0
Netherlands,25-34 years old,Bachelor's degree,Back-end developer,"10,000 or more",Hybrid,3,0,1,1,1,8,120500.0
France,45-54 years old,Some college,Back-end developer,"10,000 or more",Fully remote,23,22,4,1,1,8,106600.0
Netherlands,35-44 years old,Bachelor's degree,Security professional,10-19,Hybrid,11,10,6,0,1,5,144800.0
United States,25-34 years old,Bachelor's degree,Front-end developer,"1,000-4,999",In-person,9,6,6,1,1,8,116400.0
Australia,35-44 years old,Master's degree,Full-stack developer,"10,000 or more",In-person,11,8,4,1,0,8,
India,25-34 years old,Associate's degree,Back-end developer,"1,000-4,999",Hybrid,5,4,4,1,1,5,31500.0
United Kingdom,25-34 years old,Associate's degree,Full-stack developer,20-99,In-person,8,5,5,1,0,10,74400.0
Germany,35-44 years old,Master's degree,Full-stack developer,"1,000-4,999",Hybrid,17,13,8,1,1,10,144500.0
Germany,35-44 years old,Bachelor's degree,Back-end developer,"1,000-4,999",Hybrid,11,9,2,1,1,6,84200.0
India,45-54 years old,Bachelor's degree,Front-end developer,100-499,In-person,28,24,2,1,0,8,30800.0
United States,35-44 years old,Master's degree,Engineer (other),2-9 employees,Hybrid,13,10,1,1,1,8,148600.0
United States,35-44 years old,Bachelor's degree,Engineer (other),500-999,Hybrid,10,7,1,1,1,7,133300.0
Germany,25-34 years old,Master's degree,Full-stack developer,"5,000-9,999",In-person,7,5,3,1,1,4,
United States,25-34 years old,Master's degree,Front-end developer,"10,000 or more",Fully remote,8,5,3,1,0,7,182600.0
India,18-24 years old,Master's degree,DevOps/SRE/platform engineer,20-99,Fully remote,4,2,3,1,1,8,33400.0
United States,25-34 years old,Master's degree,Full-stack developer,"1,000-4,999",Hybrid,10,9,4,0,1,10,216400.0
United States,35-44 years old,High school/GED,Data scientist/ML engineer,Just me,In-person,13,11,5,1,1,7,168000.0
Russia,65 years or older,Bachelor's degree,DevOps/SRE/platform engineer,"10,000 or more",Fully remote,37,35,3,1,1,8,57600.0
France,18-24 years old,"Other doctoral degree (Ph.D, Ed.D, etc.)",Desktop/embedded developer,Just me,Fully remote,4,0,4,0,1,9,64500.0
Ukraine,25-34 years old,Associate's degree,Back-end developer,20-99,Fully remote,10,7,1,1,1,7,24400.0
France,35-44 years old,Bachelor's degree,Mobile developer,2-9 employees,Hybrid,14,13,9,1,1,8,97500.0
Spain,25-34 years old,Master's degree,DevOps/SRE/platform engineer,"1,000-4,999",Hybrid,4,4,11,1,1,7,52400.0
United Kingdom,25-34 years old,Bachelor's degree,Data scientist/ML engineer,20-99,Fully remote,2,0,5,1,1,5,124400.0
Germany,35-44 years old,Bachelor's degree,Back-end developer,"1,000-4,999",Hybrid,16,16,10,1,1,7,152400.0
United Kingdom,35-44 years old,High school/GED,Data scientist/ML engineer,100-499,Hybrid,11,8,3,0,1,3,79400.0
India,25-34 years old,Bachelor's degree,Back-end developer,100-499,Hybrid,5,3,3,1,0,10,24800.0
France,25-34 years old,Some college,Full-stack developer,20-99,Fully remote,6,6,6,1,1,6,
Russia,35-44 years old,"Other doctoral degree (Ph.D, Ed.D, etc.)",Back-end developer,2-9 employees,Fully remote,12,8,7,0,1,7,43400.0
Netherlands,25-34 years old,Master's degree,Security professional,20-99,Hybrid,1,1,5,0,0,8,92900.0
Germany,18-24 years old,Master's degree,Data scientist/ML engineer,"1,000-4,999",In-person,4,0,4,1,0,7,69500.0
Sweden,35-44 years old,Bachelor's degree,Data scientist/ML engineer,100-499,In-person,15,14,2,1,1,5,107300.0
Italy,18-24 years old,Some college,Back-end developer,2-9 employees,Fully remote,3,0,5,1,1,10,48100.0
Germany,35-44 years old,Bachelor's degree,Back-end developer,100-499,Hybrid,21,21,4,1,1,9,158800.0
Spain,25-34 years old,Bachelor's degree,DevOps/SRE/platform engineer,2-9 employees,In-person,4,2,2,1,1,3,72600.0
United States,55-64 years old,Bachelor's degree,Front-end developer,100-499,Fully remote,28,25,1,1,0,6,154900.0
United States,25-34 years old,Bachelor's degree,DevOps/SRE/platform engineer,"10,000 or more",Hybrid,3,3,4,1,1,4,131400.0
United States,25-34 years old,Bachelor's degree,Back-end developer,20-99,Fully remote,8,6,4,1,0,7,
Netherlands,25-34 years old,Bachelor's degree,Data scientist/ML engineer,"1,000-4,999",Hybrid,6,4,3,1,1,4,
United States,25-34 years old,"Other doctoral degree (Ph.D, Ed.D, etc.)",DevOps/SRE/platform engineer,"1,000-4,999",Hybrid,9,7,3,1,1,6,180500.0
United States,45-54 years old,Bachelor's degree,Back-end developer,100-499,In-person,19,17,7,1,1,7,180600.0
United States,65 years or older,Bachelor's degree,Full-stack developer,500-999,Hybrid,31,31,6,0,1,4,160000.0
India,25-34 years old,Bachelor's degree,Full-stack developer,100-499,In-person,1,0,4,1,0,9,
Germany,25-34 years old,Bachelor's degree,Mobile developer,20-99,Hybrid,4,0,5,0,1,6,92500.0
United States,35-44 years old,Associate's degree,Desktop/embedded developer,"5,000-9,999",Hybrid,14,10,4,0,1,9,173200.0
Germany,45-54 years old,Bachelor's degree,Data scientist/ML engineer,"1,000-4,999",In-person,23,19,4,1,1,2,119400.0
India,35-44 years old,Bachelor's degree,Back-end developer,"10,000 or more",Hybrid,11,10,5,1,0,8,25200.0
India,25-34 years old,High school/GED,Desktop/embedded developer,500-999,Fully remote,11,9,5,0,1,9,29900.0
Australia,25-34 years old,Master's degree,Front-end developer,100-499,Fully remote,11,9,4,1,0,10,82800.0
Italy,35-44 years old,Some college,Full-stack developer,"1,000-4,999",Hybrid,14,11,3,1,1,4,76800.0
Germany,18-24 years old,Bachelor's degree,Data/business analyst,500-999,In-person,4,0,3,0,0,6,59400.0
India,35-44 years old,Bachelor's degree,Back-end developer,500-999,Fully remote,14,10,4,1,1,8,44200.0
Ukraine,25-34 years old,Bachelor's degree,Back-end developer,"10,000 or more",Hybrid,5,3,4,1,0,7,32800.0
Germany,35-44 years old,Master's degree,Back-end developer,"10,000 or more",Fully remote,14,10,4,1,1,9,153200.0
Brazil,18-24 years old,Bachelor's degree,Full-stack developer,10-19,Hybrid,2,0,6,1,1,10,28800.0
India,35-44 years old,Bachelor's degree,Front-end developer,20-99,Hybrid,12,10,4,1,1,8,
United States,25-34 years old,High school/GED,Full-stack developer,"1,000-4,999",Fully remote,6,4,3,1,1,8,119900.0
France,35-44 years old,Master's degree,Data scientist/ML engineer,500-999,Hybrid,10,10,6,1,1,7,147000.0
France,18-24 years old,Bachelor's degree,Back-end developer,"1,000-4,999",In-person,2,2,1,1,0,7,87900.0
Germany,35-44 years old,Master's degree,Back-end developer,100-499,Hybrid,13,13,7,1,1,9,
India,35-44 years old,Bachelor's degree,Front-end developer,100-499,In-person,9,9,7,1,0,5,33900.0
Australia,35-44 years old,Master's degree,Data scientist/ML engineer,2-9 employees,Fully remote,17,16,2,1,1,9,112900.0
India,35-44 years old,"Other doctoral degree (Ph.D, Ed.D, etc.)",Full-stack developer,"1,000-4,999",Hybrid,12,9,4,1,1,9,41300.0
France,35-44 years old,Master's degree,Data/business analyst,10-19,In-person,10,7,5,1,1,8,84200.0
India,35-44 years old,Bachelor's degree,Front-end developer,"1,000-4,999",Fully remote,15,13,5,1,0,8,30700.0
Germany,25-34 years old,Bachelor's degree,Full-stack developer,"10,000 or more",Hybrid,7,3,1,1,0,1,62200.0
United States,45-54 years old,Bachelor's degree,Back-end developer,20-99,In-person,21,21,2,0,1,10,222100.0
France,25-34 years old,Bachelor's degree,Back-end developer,10-19,In-person,3,0,2,1,0,6,63400.0
United States,18-24 years old,Some college,Data scientist/ML engineer,Just me,Fully remote,9,6,3,1,1,6,120500.0
Germany,18-24 years old,Master's degree,Back-end developer,100-499,Hybrid,4,4,2,1,1,10,160900.0
India,25-34 years old,Some college,Back-end developer,20-99,Fully remote,1,0,4,1,1,5,27900.0
Sweden,35-44 years old,High school/GED,Full-stack developer,100-499,In-person,9,8,4,1,1,10,
Italy,35-44 years old,Bachelor's degree,Full-stack developer,100-499,In-person,20,17,5,1,1,6,96100.0
Poland,35-44 years old,Some college,Data scientist/ML engineer,20-99,Fully remote,11,10,3,0,0,3,62000.0
Italy,25-34 years old,Master's degree,Front-end developer,"1,000-4,999",Hybrid,2,2,5,1,1,7,76000.0
United States,25-34 years old,Master's degree,Full-stack developer,"10,000 or more",Hybrid,3,0,6,0,1,8,96800.0
Italy,25-34 years old,"Other doctoral degree (Ph.D, Ed.D, etc.)",Full-stack developer,20-99,Fully remote,4,4,3,1,1,7,72800.0
United States,25-34 years old,Master's degree,Back-end developer,"10,000 or more",In-person,5,4,3,1,1,10,138500.0
India,25-34 years old,Bachelor's degree,Data scientist/ML engineer,10-19,Fully remote,7,7,1,1,0,6,36300.0
United States,18-24 years old,Bachelor's degree,DevOps/SRE/platform engineer,20-99,Hybrid,1,0,4,1,1,6,
Sweden,25-34 years old,Bachelor's degree,Full-stack developer,500-999,In-person,1,0,3,1,1,5,87200.0
Canada,35-44 years old,Associate's degree,Back-end developer,20-99,Hybrid,13,13,4,1,1,7,71400.0
Canada,35-44 years old,Bachelor's degree,Back-end developer,2-9 employees,Fully remote,16,15,4,1,1,10,139700.0
Italy,65 years or older,Master's degree,Mobile developer,20-99,Hybrid,32,30,6,1,0,6,65700.0
Canada,55-64 years old,Associate's degree,Back-end developer,"10,000 or more",Hybrid,31,31,2,1,1,3,108900.0
France,35-44 years old,Bachelor's degree,Full-stack developer,10-19,Hybrid,14,12,4,1,0,6,
United States,25-34 years old,Master's degree,Back-end developer,"5,000-9,999",Fully remote,8,8,6,0,1,9,182300.0
Spain,35-44 years old,Some college,Back-end developer,"1,000-4,999",Fully remote,13,12,5,1,1,9,73400.0
Sweden,35-44 years old,Bachelor's degree,Desktop/embedded developer,2-9 employees,Fully remote,5,4,4,1,1,3,76600.0
Sweden,18-24 years old,High school/GED,Full-stack developer,20-99,Fully remote,4,1,1,1,1,8,66600.0
United States,25-34 years old,Master's degree,Back-end developer,10-19,In-person,11,8,1,1,1,4,244700.0
United States,45-54 years old,Bachelor's degree,Front-end developer,Just me,Fully remote,19,17,1,0,1,9,166200.0
India,25-34 years old,Master's degree,Full-stack developer,10-19,In-person,5,4,1,1,1,7,22100.0
India,35-44 years old,Associate's degree,Front-end developer,20-99,Fully remote,14,11,5,1,1,9,23300.0
India,35-44 years old,Master's degree,Back-end developer,10-19,In-person,4,3,4,1,1,3,27100.0
Canada,25-34 years old,Bachelor's degree,Data scientist/ML engineer,2-9 employees,Hybrid,10,10,6,1,0,3,194800.0
Netherlands,25-34 years old,Bachelor's degree,Full-stack developer,100-499,Hybrid,5,2,7,1,0,10,69200.0
Ukraine,25-34 years old,Bachelor's degree,Mobile developer,20-99,Fully remote,9,7,3,1,1,8,30000.0
United States,18-24 years old,Bachelor's degree,Full-stack developer,"10,000 or more",Fully remote,4,1,3,1,0,4,133800.0
India,18-24 years old,Bachelor's degree,Full-stack developer,10-19,Hybrid,6,5,3,1,1,9,
India,45-54 years old,Master's degree,DevOps/SRE/platform engineer,500-999,In-person,25,21,2,1,1,9,46900.0
India,25-34 years old,Some college,DevOps/SRE/platform engineer,"10,000 or more",Fully remote,8,4,3,1,1,7,26700.0
Germany,25-34 years old,Bachelor's degree,Full-stack developer,2-9 employees,In-person,3,2,2,1,0,4,116100.0
India,25-34 years old,Bachelor's degree,Mobile developer,100-499,Hybrid,7,7,4,1,1,6,32500.0
Sweden,55-64 years old,Bachelor's degree,Full-stack developer,100-499,Fully remote,25,22,3,1,1,7,125900.0
Germany,25-34 years old,Bachelor's degree,Front-end developer,"10,000 or more",Fully remote,11,7,2,1,1,4,110900.0
United Kingdom,25-34 years old,Master's degree,Full-stack developer,"1,000-4,999",Hybrid,2,2,1,1,1,9,89100.0
Poland,45-54 years old,Master's degree,Back-end developer,20-99,Hybrid,25,24,4,1,1,9,96800.0
Brazil,45-54 years old,Bachelor's degree,Back-end developer,"1,000-4,999",Hybrid,20,20,5,1,1,1,53400.0
Canada,25-34 years old,Master's degree,Front-end developer,500-999,Hybrid,8,7,6,1,1,1,89800.0
Spain,35-44 years old,High school/GED,Front-end developer,20-99,In-person,15,12,2,1,0,6,64200.0
Canada,25-34 years old,Master's degree,Back-end developer,"5,000-9,999",Fully remote,0,0,5,0,1,10,123600.0
Spain,25-34 years old,Bachelor's degree,Data/business analyst,"1,000-4,999",In-person,5,2,4,1,0,8,51800.0
India,18-24 years old,Bachelor's degree,Full-stack developer,Just me,Hybrid,4,4,5,0,1,10,26300.0
United States,18-24 years old,Some college,Full-stack developer,"10,000 or more",Hybrid,3,2,6,1,1,5,169100.0
Australia,35-44 years old,High school/GED,Data scientist/ML engineer,100-499,Hybrid,17,16,3,1,0,10,138300.0
India,25-34 years old,High school/GED,Full-stack developer,"1,000-4,999",In-person,6,6,3,1,0,7,27600.0
France,25-34 years old,Some college,Back-end developer,100-499,Fully remote,3,2,6,1,1,7,
Poland,35-44 years old,High school/GED,Back-end developer,"10,000 or more",Hybrid,12,10,3,0,1,5,59400.0
India,35-44 years old,Master's degree,Back-end developer,"1,000-4,999",Fully remote,14,12,3,1,1,7,32000.0
Germany,25-34 years old,Bachelor's degree,Mobile developer,500-999,In-person,3,0,6,1,1,8,99200.0
Russia,35-44 years old,Bachelor's degree,Full-stack developer,"10,000 or more",In-person,19,17,6,1,1,6,68100.0
Russia,18-24 years old,Master's degree,Full-stack developer,20-99,In-person,5,3,3,1,0,2,
Poland,35-44 years old,Some college,Full-stack developer,2-9 employees,In-person,20,16,7,0,1,9,80600.0
Poland,35-44 years old,Master's degree,Full-stack developer,100-499,In-person,11,7,5,1,1,2,52200.0
Russia,55-64 years old,Master's degree,Back-end developer,100-499,Hybrid,36,32,3,1,1,3,72100.0
Poland,18-24 years old,Bachelor's degree,Desktop/embedded developer,100-499,In-person,12,8,6,1,1,8,
India,18-24 years old,Some college,Data scientist/ML engineer,"1,000-4,999",In-person,1,0,2,1,1,8,36000.0
United States,25-34 years old,Some college,DevOps/SRE/platform engineer,500-999,In-person,10,7,7,1,1,7,154200.0
Germany,25-34 years old,Bachelor's degree,Full-stack developer,100-499,Hybrid,8,5,5,1,1,3,87300.0
United States,25-34 years old,Some college,Full-stack developer,"10,000 or more",Hybrid,2,0,6,1,1,8,
United States,45-54 years old,Bachelor's degree,Engineer (other),"1,000-4,999",Hybrid,24,21,7,1,0,7,194300.0
Ukraine,25-34 years old,High school/GED,Full-stack developer,"10,000 or more",Hybrid,10,8,2,1,1,8,27800.0
France,25-34 years old,Bachelor's degree,Data/business analyst,"10,000 or more",Hybrid,6,3,6,1,1,1,49200.0
Spain,35-44 years old,Some college,DevOps/SRE/platform engineer,10-19,In-person,15,15,5,1,1,3,102500.0
France,25-34 years old,Master's degree,Mobile developer,"1,000-4,999",Fully remote,0,0,3,1,1,8,74700.0
India,35-44 years old,Associate's degree,Back-end developer,20-99,Hybrid,11,8,2,1,1,8,43900.0
United States,18-24 years old,Master's degree,Full-stack developer,"10,000 or more",Hybrid,3,2,4,1,1,4,177900.0
Sweden,25-34 years old,Some college,Front-end developer,"1,000-4,999",Fully remote,7,5,2,0,1,7,81400.0
United States,18-24 years old,Master's degree,Data scientist/ML engineer,20-99,In-person,3,0,4,0,0,6,216600.0
Canada,18-24 years old,Bachelor's degree,Full-stack developer,"10,000 or more",In-person,6,4,5,1,1,7,
United States,45-54 years old,Bachelor's degree,Data scientist/ML engineer,"1,000-4,999",Fully remote,26,22,5,0,0,8,259800.0
India,18-24 years old,High school/GED,Full-stack developer,"10,000 or more",Hybrid,7,4,5,0,1,4,26300.0
United States,25-34 years old,Bachelor's degree,Back-end developer,20-99,Hybrid,6,5,4,1,1,8,
United Kingdom,25-34 years old,Some college,DevOps/SRE/platform engineer,"10,000 or more",Fully remote,11,7,1,1,1,6,
Russia,25-34 years old,Bachelor's degree,Full-stack developer,"1,000-4,999",In-person,7,4,7,1,1,4,31400.0
Canada,45-54 years old,Some college,Full-stack developer,500-999,In-person,26,26,5,1,1,6,100700.0
France,18-24 years old,Bachelor's degree,Full-stack developer,"10,000 or more",In-person,3,0,3,1,1,3,58900.0
Russia,35-44 years old,Some college,Full-stack developer,"1,000-4,999",Fully remote,18,18,3,1,0,8,29600.0
Poland,55-64 years old,Associate's degree,Full-stack developer,"1,000-4,999",Hybrid,28,28,2,1,0,10,72900.0
Spain,35-44 years old,Bachelor's degree,Full-stack developer,20-99,Fully remote,11,8,1,1,1,8,61800.0
India,55-64 years old,"Other doctoral degree (Ph.D, Ed.D, etc.)",Full-stack developer,"5,000-9,999",In-person,35,32,4,1,0,9,44500.0
Spain,18-24 years old,Bachelor's degree,DevOps/SRE/platform engineer,"1,000-4,999",Hybrid,2,2,5,0,1,5,79100.0
France,25-34 years old,Master's degree,Mobile developer,"10,000 or more",Hybrid,10,8,2,1,1,3,91800.0
United States,25-34 years old,Bachelor's degree,Back-end developer,20-99,In-person,13,9,7,1,1,1,186000.0
United States,35-44 years old,Bachelor's degree,Full-stack developer,20-99,Fully remote,14,13,4,1,1,8,184700.0
India,65 years or older,High school/GED,Full-stack developer,Just me,Hybrid,36,33,6,1,1,9,
India,25-34 years old,Some college,Data scientist/ML engineer,"5,000-9,999",Hybrid,12,8,3,1,1,4,35700.0
Australia,35-44 years old,Master's degree,Desktop/embedded developer,20-99,In-person,16,12,6,1,1,7,145800.0
Poland,25-34 years old,Bachelor's degree,Data/business analyst,20-99,Fully remote,9,7,3,1,1,7,49300.0
Sweden,35-44 years old,Bachelor's degree,Full-stack developer,"1,000-4,999",Hybrid,10,6,6,1,0,10,103400.0
United Kingdom,25-34 years old,Bachelor's degree,Data scientist/ML engineer,20-99,Hybrid,9,6,6,1,1,9,
Poland,55-64 years old,Bachelor's degree,Back-end developer,"10,000 or more",Fully remote,30,26,2,1,1,1,69600.0
India,35-44 years old,Bachelor's degree,Mobile developer,100-499,In-person,20,17,3,1,1,2,45200.0
France,25-34 years old,Bachelor's degree,Front-end developer,"10,000 or more",Hybrid,10,7,1,0,1,10,
Brazil,18-24 years old,Some college,Back-end developer,2-9 employees,Fully remote,2,2,6,1,1,2,45000.0
Spain,25-34 years old,Bachelor's degree,Desktop/embedded developer,20-99,In-person,8,6,4,1,1,7,51500.0
United Kingdom,25-34 years old,Bachelor's degree,DevOps/SRE/platform engineer,100-499,Fully remote,3,2,6,0,1,3,95400.0
France,25-34 years old,"Other doctoral degree (Ph.D, Ed.D, etc.)",Full-stack developer,"1,000-4,999",Hybrid,10,10,7,0,0,8,105200.0
United States,45-54 years old,Bachelor's degree,Full-stack developer,20-99,Hybrid,27,26,4,1,1,4,209600.0
Poland,35-44 years old,Master's degree,Back-end developer,100-499,In-person,16,13,8,1,0,2,73900.0
Australia,25-34 years old,Some college,Full-stack developer,"10,000 or more",In-person,10,10,2,1,1,5,95600.0
Canada,18-24 years old,High school/GED,Back-end developer,2-9 employees,In-person,4,0,6,1,1,7,
United States,45-54 years old,Master's degree,Security professional,"1,000-4,999",In-person,22,18,2,1,1,7,198000.0
India,35-44 years old,Master's degree,Front-end developer,"1,000-4,999",In-person,13,12,3,1,0,8,31800.0
Germany,18-24 years old,Bachelor's degree,Desktop/embedded developer,10-19,Hybrid,6,3,2,1,1,2,105500.0
France,35-44 years old,Bachelor's degree,Desktop/embedded developer,"1,000-4,999",Hybrid,12,11,3,1,1,1,101000.0
India,25-34 years old,Some college,DevOps/SRE/platform engineer,500-999,In-person,9,7,4,1,1,8,21400.0
Australia,18-24 years old,Master's degree,Data/business analyst,20-99,In-person,6,2,6,0,1,10,138500.0
India,25-34 years old,High school/GED,Front-end developer,20-99,Hybrid,2,2,3,1,1,4,26500.0
United States,25-34 years old,Master's degree,Back-end developer,"10,000 or more",Fully remote,7,7,4,1,1,4,
Netherlands,25-34 years old,Bachelor's degree,Back-end developer,20-99,Hybrid,8,8,7,1,0,6,117800.0
France,55-64 years old,Bachelor's degree,Back-end developer,100-499,Fully remote,33,29,4,1,1,8,
Netherlands,45-54 years old,Master's degree,Back-end developer,"1,000-4,999",In-person,26,23,3,1,1,8,
India,35-44 years old,"Other doctoral degree (Ph.D, Ed.D, etc.)",Back-end developer,10-19,In-person,12,8,3,1,1,10,28100.0
United States,25-34 years old,Bachelor's degree,Desktop/embedded developer,"10,000 or more",Hybrid,10,6,4,1,1,9,
United States,25-34 years old,Master's degree,Front-end developer,20-99,In-person,1,1,3,0,1,1,161100.0
United States,35-44 years old,Master's degree,Full-stack developer,20-99,Fully remote,13,9,6,0,0,4,
Netherlands,25-34 years old,Master's degree,Data/business analyst,"1,000-4,999",Hybrid,3,3,4,1,1,6,89900.0
India,18-24 years old,"Other doctoral degree (Ph.D, Ed.D, etc.)",Back-end developer,2-9 employees,Hybrid,3,0,4,1,1,10,33200.0
Italy,25-34 years old,Bachelor's degree,Front-end developer,"1,000-4,999",In-person,5,3,3,0,0,7,83600.0
Poland,35-44 years old,Master's degree,Desktop/embedded developer,"10,000 or more",Fully remote,11,11,7,1,1,10,87300.0
Canada,25-34 years old,Master's degree,Front-end developer,20-99,Hybrid,9,8,2,0,1,6,87800.0
Italy,18-24 years old,Bachelor's degree,Back-end developer,20-99,Hybrid,3,1,8,1,0,10,44300.0
India,35-44 years old,Bachelor's degree,Data scientist/ML engineer,20-99,Fully remote,10,7,6,1,1,8,
United States,25-34 years old,Bachelor's degree,Full-stack developer,"5,000-9,999",Fully remote,10,8,2,1,1,9,140100.0
Poland,25-34 years old,Master's degree,Front-end developer,10-19,In-person,2,2,2,1,0,10,64200.0
India,25-34 years old,Master's degree,Full-stack developer,20-99,In-person,8,5,2,0,1,7,29100.0
Sweden,25-34 years old,Bachelor's degree,Front-end developer,500-999,In-person,7,6,4,1,1,9,109800.0
Italy,35-44 years old,Bachelor's degree,Full-stack developer,100-499,Hybrid,13,13,2,0,1,10,78200.0
Ukraine,25-34 years old,High school/GED,Data scientist/ML engineer,2-9 employees,In-person,8,8,8,1,1,8,30100.0
Ukraine,25-34 years old,Less than high school,Full-stack developer,"10,000 or more",Fully remote,9,6,6,1,1,5,21700.0
Canada,45-54 years old,Bachelor's degree,Mobile developer,20-99,Hybrid,20,17,4,1,1,5,125700.0
Brazil,45-54 years old,Bachelor's degree,DevOps/SRE/platform engineer,100-499,Fully remote,29,27,3,0,1,8,57500.0
United States,45-54 years old,Master's degree,Back-end developer,10-19,Hybrid,22,21,3,0,1,6,257800.0
Poland,25-34 years old,Bachelor's degree,Back-end developer,"10,000 or more",Fully remote,7,5,4,1,1,6,
United States,25-34 years old,"Other doctoral degree (Ph.D, Ed.D, etc.)",Desktop/embedded developer,20-99,Hybrid,10,8,3,1,0,7,84000.0
Australia,65 years or older,Associate's degree,Full-stack developer,Just me,Fully remote,36,36,2,0,1,9,126600.0
Sweden,35-44 years old,"Other doctoral degree (Ph.D, Ed.D, etc.)",Full-stack developer,20-99,Hybrid,16,13,6,1,1,8,81100.0
United States,18-24 years old,Bachelor's degree,Full-stack developer,"10,000 or more",Hybrid,9,9,6,0,0,5,124900.0
United States,18-24 years old,Master's degree,Front-end developer,10-19,Hybrid,2,1,1,1,1,4,96000.0
Germany,25-34 years old,Bachelor's degree,Full-stack developer,2-9 employees,Fully remote,6,4,3,1,0,5,88100.0
Netherlands,45-54 years old,Bachelor's degree,Full-stack developer,500-999,Hybrid,21,20,6,0,1,6,85600.0
Poland,25-34 years old,Some college,Front-end developer,100-499,Fully remote,11,8,2,1,0,8,37300.0
Brazil,25-34 years old,Some college,Full-stack developer,"5,000-9,999",Hybrid,3,0,3,1,0,6,44900.0
Australia,18-24 years old,Master's degree,Full-stack developer,"1,000-4,999",Fully remote,4,0,4,1,1,10,101900.0
United States,35-44 years old,Bachelor's degree,Mobile developer,10-19,Fully remote,11,10,5,1,1,2,144300.0
France,45-54 years old,"Other doctoral degree (Ph.D, Ed.D, etc.)",Desktop/embedded developer,500-999,Hybrid,15,15,3,1,0,6,91700.0
Canada,25-34 years old,Bachelor's degree,Back-end developer,2-9 employees,Hybrid,5,4,1,1,1,3,79300.0
United States,35-44 years old,"Other doctoral degree (Ph.D, Ed.D, etc.)",Full-stack developer,100-499,Hybrid,16,14,2,1,0,6,278900.0
India,55-64 years old,Associate's degree,Front-end developer,"1,000-4,999",In-person,28,25,3,1,1,6,32500.0
Spain,25-34 years old,Some college,Full-stack developer,100-499,Hybrid,4,1,8,0,1,9,34800.0
Sweden,25-34 years old,Bachelor's degree,Data/business analyst,2-9 employees,In-person,6,5,5,1,1,6,64500.0
France,25-34 years old,Master's degree,Desktop/embedded developer,2-9 employees,Hybrid,9,8,5,1,1,1,116500.0
Ukraine,35-44 years old,Bachelor's degree,Engineer (other),"10,000 or more",Hybrid,8,7,6,1,1,10,46400.0
United States,35-44 years old,Some college,DevOps/SRE/platform engineer,"10,000 or more",In-person,16,14,1,1,0,4,112000.0
Sweden,35-44 years old,Associate's degree,Back-end developer,20-99,Hybrid,16,14,5,0,1,8,
United States,35-44 years old,Bachelor's degree,Desktop/embedded developer,10-19,In-person,15,15,8,1,0,4,121900.0
United Kingdom,25-34 years old,Bachelor's degree,DevOps/SRE/platform engineer,"10,000 or more",Fully remote,10,9,4,1,0,10,72500.0
India,45-54 years old,Bachelor's degree,Front-end developer,100-499,In-person,27,27,2,0,1,5,43100.0
Australia,25-34 years old,Master's degree,Full-stack developer,100-499,Hybrid,8,4,6,0,0,9,112200.0
United States,25-34 years old,Bachelor's degree,Back-end developer,"1,000-4,999",Hybrid,7,5,2,1,0,6,136800.0
United States,35-44 years old,Master's degree,Full-stack developer,10-19,In-person,14,11,4,0,1,6,156900.0
India,35-44 years old,Bachelor's degree,Data scientist/ML engineer,500-999,Hybrid,16,12,1,1,1,7,45400.0
United States,25-34 years old,Bachelor's degree,Desktop/embedded developer,"10,000 or more",In-person,13,10,3,0,1,7,164600.0
India,45-54 years old,"Other doctoral degree (Ph.D, Ed.D, etc.)",Security professional,Just me,Hybrid,20,16,4,0,0,6,
France,45-54 years old,Bachelor's degree,Front-end developer,"1,000-4,999",Hybrid,17,17,4,1,1,5,101700.0
India,25-34 years old,Bachelor's degree,Data scientist/ML engineer,500-999,Hybrid,9,9,5,0,1,5,63700.0
India,65 years or older,Master's degree,Full-stack developer,"10,000 or more",Hybrid,40,38,5,1,1,8,33100.0
United States,25-34 years old,High school/GED,Back-end developer,20-99,Fully remote,7,4,4,1,0,3,96300.0
United States,25-34 years old,Bachelor's degree,Mobile developer,"10,000 or more",Hybrid,12,8,5,1,1,7,176200.0
United Kingdom,25-34 years old,High school/GED,Data scientist/ML engineer,20-99,In-person,7,6,6,1,1,6,
France,45-54 years old,Some college,Front-end developer,100-499,Hybrid,26,25,6,0,0,6,171600.0
Germany,35-44 years old,Less than high school,Full-stack developer,20-99,Fully remote,14,12,4,0,1,8,
United States,25-34 years old,Less than high school,Desktop/embedded developer,"10,000 or more",Hybrid,11,8,5,1,0,7,131900.0
France,25-34 years old,Bachelor's degree,DevOps/SRE/platform engineer,20-99,In-person,14,13,4,1,0,3,102300.0
United Kingdom,35-44 years old,Master's degree,Full-stack developer,"10,000 or more",Hybrid,16,14,4,1,0,9,130600.0
India,18-24 years old,Bachelor's degree,Desktop/embedded developer,100-499,Fully remote,4,2,1,1,1,9,17900.0
India,45-54 years old,Master's degree,Back-end developer,"10,000 or more",Hybrid,25,22,5,1,0,6,46400.0
United States,35-44 years old,Bachelor's degree,Full-stack developer,20-99,Hybrid,12,11,3,1,1,1,151800.0
United States,25-34 years old,Master's degree,Data scientist/ML engineer,10-19,Hybrid,13,12,6,1,1,2,161300.0
India,55-64 years old,Master's degree,Full-stack developer,500-999,Hybrid,30,29,6,1,1,7,48300.0
United States,25-34 years old,Master's degree,Full-stack developer,100-499,In-person,4,4,6,0,1,3,119400.0
Germany,65 years or older,Master's degree,Data scientist/ML engineer,20-99,In-person,33,32,11,1,1,6,156200.0
Canada,35-44 years old,Some college,Data scientist/ML engineer,"1,000-4,999",Hybrid,19,15,7,1,0,4,110400.0
Ukraine,35-44 years old,Bachelor's degree,Full-stack developer,2-9 employees,In-person,15,15,2,1,1,9,37500.0
Canada,25-34 years old,Bachelor's degree,Data/business analyst,"1,000-4,999",Fully remote,4,4,2,0,1,6,91300.0
Canada,45-54 years old,Bachelor's degree,Full-stack developer,20-99,Hybrid,22,22,4,1,0,6,140200.0
India,25-34 years old,Bachelor's degree,Security professional,10-19,Hybrid,0,0,6,1,1,1,
United States,25-34 years old,High school/GED,Data scientist/ML engineer,"10,000 or more",Hybrid,8,6,4,1,1,8,
Germany,18-24 years old,Some college,Back-end developer,100-499,Hybrid,7,3,7,1,0,8,80100.0
Canada,25-34 years old,"Professional degree (JD, MD, etc.)",Full-stack developer,"5,000-9,999",Fully remote,13,10,2,1,1,5,137100.0
Brazil,25-34 years old,Master's degree,Back-end developer,2-9 employees,In-person,4,3,4,1,1,7,53500.0
Australia,35-44 years old,Bachelor's degree,Full-stack developer,2-9 employees,Fully remote,8,8,6,1,1,8,96700.0
India,45-54 years old,Bachelor's degree,Front-end developer,100-499,Hybrid,20,17,3,1,0,7,28600.0
India,18-24 years old,Bachelor's degree,Back-end developer,20-99,Hybrid,2,0,5,1,1,8,26400.0
United Kingdom,35-44 years old,Bachelor's degree,Full-stack developer,Just me,In-person,19,16,1,1,0,8,106300.0
United Kingdom,25-34 years old,Bachelor's degree,Data scientist/ML engineer,10-19,Fully remote,10,10,2,1,0,8,
United States,45-54 years old,High school/GED,Full-stack developer,20-99,In-person,25,21,3,1,1,7,152000.0
Canada,35-44 years old,Some college,Front-end developer,20-99,Fully remote,19,16,4,0,1,10,79800.0
India,25-34 years old,Bachelor's degree,Full-stack developer,"10,000 or more",Fully remote,5,5,5,0,1,8,29100.0
France,35-44 years old,Master's degree,Data scientist/ML engineer,100-499,Hybrid,12,12,7,1,1,9,107500.0
India,25-34 years old,High school/GED,Front-end developer,"1,000-4,999",Fully remote,5,4,2,1,1,7,21000.0
Canada,25-34 years old,Bachelor's degree,Data scientist/ML engineer,Just me,In-person,5,4,5,1,1,8,97100.0
Poland,45-54 years old,Master's degree,Full-stack developer,"5,000-9,999",Fully remote,19,15,6,1,1,9,95200.0
Italy,25-34 years old,Master's degree,Full-stack developer,20-99,Hybrid,7,6,10,1,1,7,64500.0
Russia,25-34 years old,Associate's degree,Full-stack developer,20-99,In-person,9,5,5,1,1,9,69700.0
Germany,25-34 years old,Master's degree,Full-stack developer,2-9 employees,Hybrid,9,7,2,1,1,8,93400.0
Germany,45-54 years old,"Other doctoral degree (Ph.D, Ed.D, etc.)",Full-stack developer,100-499,Hybrid,22,20,5,1,1,8,105500.0
Germany,25-34 years old,"Professional degree (JD, MD, etc.)",Front-end developer,"10,000 or more",Hybrid,6,5,3,1,1,10,123600.0
United States,25-34 years old,Master's degree,Front-end developer,100-499,Hybrid,4,2,2,1,0,6,106000.0
United States,35-44 years old,Master's degree,DevOps/SRE/platform engineer,"10,000 or more",In-person,15,12,3,1,0,7,176500.0
United States,45-54 years old,Bachelor's degree,Back-end developer,"10,000 or more",In-person,25,22,6,1,1,5,118300.0
Brazil,18-24 years old,Master's degree,Front-end developer,2-9 employees,Fully remote,3,0,4,1,0,7,37300.0
India,25-34 years old,Master's degree,Security professional,20-99,In-person,7,5,7,1,1,6,57500.0
United States,25-34 years old,Bachelor's degree,Front-end developer,"10,000 or more",Fully remote,9,6,2,0,1,7,149900.0
Brazil,25-34 years old,Bachelor's degree,Front-end developer,Just me,In-person,7,3,4,1,0,4,36300.0
France,25-34 years old,Master's degree,Security professional,"5,000-9,999",Hybrid,3,3,4,1,0,7,78600.0
Brazil,35-44 years old,"Other doctoral degree (Ph.D, Ed.D, etc.)",Security professional,"10,000 or more",In-person,14,13,1,1,1,8,43400.0
Canada,35-44 years old,Bachelor's degree,Back-end developer,"5,000-9,999",Fully remote,13,9,6,1,1,5,175200.0
United States,35-44 years old,Bachelor's degree,Front-end developer,"1,000-4,999",In-person,16,13,3,1,1,3,96300.0
United States,25-34 years old,Bachelor's degree,Back-end developer,"10,000 or more",Hybrid,2,2,6,1,1,5,162500.0
Australia,45-54 years old,Some college,Data scientist/ML engineer,"1,000-4,999",Fully remote,24,23,5,1,1,8,137800.0
United States,25-34 years old,Bachelor's degree,Mobile developer,100-499,Fully remote,16,12,4,0,0,2,173800.0
United Kingdom,55-64 years old,High school/GED,Back-end developer,2-9 employees,Fully remote,26,25,2,1,1,7,147300.0
Germany,35-44 years old,Bachelor's degree,DevOps/SRE/platform engineer,"5,000-9,999",Fully remote,16,14,8,1,1,9,98000.0
Ukraine,18-24 years old,Bachelor's degree,Front-end developer,"10,000 or more",Fully remote,3,0,2,0,1,9,32600.0
United Kingdom,35-44 years old,High school/GED,Full-stack developer,100-499,Fully remote,19,15,5,1,1,10,66200.0
Canada,25-34 years old,Associate's degree,Data scientist/ML engineer,100-499,Hybrid,5,1,3,1,1,8,152200.0
India,35-44 years old,Bachelor's degree,Back-end developer,100-499,Hybrid,13,13,2,1,0,4,36700.0
Sweden,18-24 years old,Bachelor's degree,Full-stack developer,"10,000 or more",In-person,0,0,5,1,1,6,
Canada,25-34 years old,Master's degree,Security professional,Just me,Fully remote,4,4,2,1,1,5,106000.0
United States,45-54 years old,Bachelor's degree,Back-end developer,"1,000-4,999",In-person,18,17,4,0,1,6,199000.0
United Kingdom,25-34 years old,Bachelor's degree,Front-end developer,"10,000 or more",Fully remote,10,7,3,0,1,8,123200.0
India,45-54 years old,Bachelor's degree,Data scientist/ML engineer,2-9 employees,Hybrid,18,17,4,0,0,5,41300.0
United States,25-34 years old,High school/GED,Data/business analyst,"10,000 or more",Fully remote,10,7,4,0,0,3,96600.0
Germany,35-44 years old,Master's degree,DevOps/SRE/platform engineer,"10,000 or more",In-person,15,11,6,1,1,8,162500.0
Netherlands,35-44 years old,High school/GED,Front-end developer,"10,000 or more",Fully remote,13,12,6,1,1,3,86400.0
Germany,25-34 years old,Master's degree,Front-end developer,100-499,Hybrid,6,5,3,0,1,10,
France,25-34 years old,Bachelor's degree,Full-stack developer,100-499,Fully remote,4,3,3,1,1,7,82800.0
France,25-34 years old,Bachelor's degree,Back-end developer,"1,000-4,999",In-person,8,6,1,0,1,8,55400.0
France,18-24 years old,Master's degree,Data/business analyst,20-99,In-person,9,6,5,1,1,9,79200.0
India,25-34 years old,Master's degree,Data scientist/ML engineer,2-9 employees,Hybrid,6,3,1,1,1,8,32100.0
India,35-44 years old,"Other doctoral degree (Ph.D, Ed.D, etc.)",Full-stack developer,"10,000 or more",Hybrid,17,16,2,1,0,8,36700.0
United States,55-64 years old,Bachelor's degree,Full-stack developer,"1,000-4,999",Hybrid,34,32,4,1,1,8,193400.0
United States,45-54 years old,Some college,Mobile developer,20-99,Fully remote,19,18,6,1,1,7,92400.0
Ukraine,35-44 years old,Master's degree,DevOps/SRE/platform engineer,Just me,In-person,11,8,2,1,1,1,35700.0
Australia,35-44 years old,High school/GED,Back-end developer,"1,000-4,999",Hybrid,17,13,4,1,1,10,104500.0
India,35-44 years old,Master's degree,Front-end developer,"10,000 or more",In-person,12,10,4,1,1,5,38800.0
India,25-34 years old,Master's degree,Full-stack developer,100-499,In-person,13,11,3,1,1,4,
Ukraine,45-54 years old,"Professional degree (JD, MD, etc.)",Data scientist/ML engineer,2-9 employees,Fully remote,21,20,1,1,1,9,45800.0
India,35-44 years old,Master's degree,Front-end developer,"1,000-4,999",Hybrid,14,10,5,1,0,7,31900.0
United Kingdom,35-44 years old,High school/GED,Desktop/embedded developer,20-99,Fully remote,12,9,3,1,1,5,95500.0
United States,18-24 years old,Bachelor's degree,Back-end developer,10-19,Fully remote,5,5,2,1,1,10,187000.0
Canada,25-34 years old,Some college,Back-end developer,100-499,Fully remote,6,3,1,0,1,9,
Ukraine,25-34 years old,High school/GED,Full-stack developer,100-499,Hybrid,8,5,2,1,1,7,22200.0
Russia,45-54 years old,Bachelor's degree,Data/business analyst,100-499,Fully remote,27,23,1,1,1,10,69000.0
Germany,25-34 years old,Some college,Data/business analyst,"10,000 or more",Hybrid,6,4,1,1,1,3,127600.0
France,25-34 years old,Master's degree,DevOps/SRE/platform engineer,100-499,Hybrid,8,5,6,1,1,10,111200.0
United Kingdom,55-64 years old,"Other doctoral degree (Ph.D, Ed.D, etc.)",Mobile developer,"10,000 or more",In-person,30,28,2,0,1,7,123800.0
United States,18-24 years old,Bachelor's degree,Desktop/embedded developer,"10,000 or more",Hybrid,8,4,3,1,0,7,
United States,25-34 years old,Bachelor's degree,Full-stack developer,"1,000-4,999",Fully remote,11,7,4,0,1,7,153200.0
Sweden,18-24 years old,Master's degree,Data scientist/ML engineer,2-9 employees,Hybrid,2,1,7,1,1,6,101300.0
India,35-44 years old,Master's degree,Back-end developer,"10,000 or more",Fully remote,12,12,2,1,0,7,34700.0
India,45-54 years old,Master's degree,Back-end developer,"10,000 or more",In-person,23,19,3,1,1,10,38700.0
United Kingdom,25-34 years old,Bachelor's degree,Full-stack developer,100-499,Fully remote,5,1,4,0,1,1,66700.0
Italy,45-54 years old,Master's degree,Back-end developer,100-499,In-person,23,21,6,1,0,7,122200.0
Brazil,25-34 years old,Some college,Desktop/embedded developer,20-99,Fully remote,15,11,3,0,1,5,46900.0
Canada,45-54 years old,"Other doctoral degree (Ph.D, Ed.D, etc.)",Full-stack developer,Just me,Fully remote,20,17,4,1,1,4,181100.0
United Kingdom,35-44 years old,"Other doctoral degree (Ph.D, Ed.D, etc.)",Full-stack developer,100-499,In-person,11,10,5,1,1,10,100700.0
Brazil,35-44 years old,Master's degree,Desktop/embedded developer,10-19,Hybrid,10,9,5,1,1,6,51800.0
France,18-24 years old,Bachelor's degree,Data scientist/ML engineer,10-19,Fully remote,7,4,5,1,1,7,87200.0
Russia,55-64 years old,Master's degree,Front-end developer,100-499,Hybrid,33,29,4,1,0,10,39300.0
United Kingdom,35-44 years old,Bachelor's degree,Full-stack developer,"10,000 or more",In-person,12,12,2,1,0,7,107400.0
India,25-34 years old,Bachelor's degree,Back-end developer,"10,000 or more",Fully remote,6,2,3,1,1,5,26200.0
Netherlands,45-54 years old,Master's degree,Data scientist/ML engineer,"10,000 or more",Hybrid,21,20,3,1,1,3,167500.0
Netherlands,25-34 years old,High school/GED,Desktop/embedded developer,100-499,In-person,0,0,7,0,1,7,47200.0
United States,45-54 years old,Bachelor's degree,Full-stack developer,500-999,In-person,22,20,3,1,0,9,219200.0
United States,18-24 years old,Master's degree,Data/business analyst,"10,000 or more",Hybrid,6,4,4,1,1,3,
Sweden,35-44 years old,Master's degree,Full-stack developer,"1,000-4,999",In-person,12,8,5,1,1,6,84600.0
Germany,25-34 years old,Master's degree,Full-stack developer,10-19,Fully remote,4,0,3,1,1,8,94600.0
United Kingdom,18-24 years old,Some college,Back-end developer,100-499,Fully remote,6,6,3,1,1,3,83200.0
India,25-34 years old,Master's degree,Back-end developer,"10,000 or more",Hybrid,3,3,3,1,1,3,51900.0
Germany,18-24 years old,Some college,Engineer (other),10-19,Hybrid,9,5,1,1,0,4,73400.0
Poland,25-34 years old,Master's degree,Full-stack developer,20-99,Hybrid,6,5,3,1,1,4,61100.0
Germany,25-34 years old,Bachelor's degree,Back-end developer,100-499,Fully remote,7,5,8,1,0,6,74500.0
India,35-44 years old,Master's degree,Back-end developer,"10,000 or more",Hybrid,13,13,3,1,0,6,44200.0
United States,25-34 years old,Bachelor's degree,Back-end developer,2-9 employees,Fully remote,3,2,4,0,1,7,173500.0
Ukraine,25-34 years old,"Other doctoral degree (Ph.D, Ed.D, etc.)",Full-stack developer,"1,000-4,999",Hybrid,9,5,6,1,1,7,48600.0
Spain,35-44 years old,Bachelor's degree,Full-stack developer,10-19,Hybrid,14,11,7,1,0,2,76000.0
Netherlands,18-24 years old,Master's degree,Full-stack developer,100-499,In-person,0,0,1,1,0,8,94000.0
Brazil,45-54 years old,Bachelor's degree,Front-end developer,100-499,Hybrid,24,21,3,1,1,8,56200.0
United Kingdom,45-54 years old,Master's degree,Data scientist/ML engineer,2-9 employees,Hybrid,20,19,4,1,1,4,149100.0
Russia,35-44 years old,Bachelor's degree,Desktop/embedded developer,"10,000 or more",Fully remote,14,12,4,1,1,5,45900.0
Netherlands,35-44 years old,High school/GED,Front-end developer,"5,000-9,999",Fully remote,9,8,7,0,1,5,52800.0
Australia,45-54 years old,Bachelor's degree,Back-end developer,20-99,Fully remote,27,25,4,0,1,6,168200.0
India,25-34 years old,Master's degree,DevOps/SRE/platform engineer,10-19,In-person,9,8,5,1,0,6,41300.0
Germany,18-24 years old,Bachelor's degree,Back-end developer,20-99,Hybrid,4,4,3,1,1,4,88900.0
Brazil,25-34 years old,Associate's degree,Full-stack developer,"10,000 or more",In-person,4,4,1,1,1,3,28200.0
India,35-44 years old,Bachelor's degree,Front-end developer,10-19,In-person,10,7,6,1,0,5,35900.0
Germany,18-24 years old,Master's degree,Desktop/embedded developer,20-99,In-person,8,7,6,1,0,8,158600.0
France,35-44 years old,Bachelor's degree,Back-end developer,100-499,Hybrid,13,12,5,1,1,2,127500.0
Germany,65 years or older,"Other doctoral degree (Ph.D, Ed.D, etc.)",Full-stack developer,2-9 employees,Fully remote,36,33,3,0,1,6,123600.0
Netherlands,45-54 years old,"Professional degree (JD, MD, etc.)",Full-stack developer,20-99,Hybrid,25,21,4,1,1,4,96400.0
United States,25-34 years old,Associate's degree,DevOps/SRE/platform engineer,500-999,Fully remote,10,9,3,1,0,8,118300.0
Brazil,18-24 years old,Bachelor's degree,Full-stack developer,20-99,Fully remote,2,1,7,1,1,6,
United States,45-54 years old,Master's degree,Front-end developer,"10,000 or more",Hybrid,25,24,6,1,1,6,210700.0
Ukraine,35-44 years old,"Other doctoral degree (Ph.D, Ed.D, etc.)",Full-stack developer,"10,000 or more",Fully remote,19,15,5,1,1,9,59600.0
India,18-24 years old,Master's degree,Full-stack developer,100-499,In-person,0,0,9,1,1,7,31400.0
Netherlands,18-24 years old,Bachelor's degree,Full-stack developer,100-499,Hybrid,3,0,4,1,1,9,69000.0
United Kingdom,45-54 years old,Some college,Full-stack developer,"1,000-4,999",Hybrid,27,23,9,1,1,8,102300.0
United States,35-44 years old,Bachelor's degree,Full-stack developer,"1,000-4,999",In-person,6,4,3,1,1,10,117500.0
Canada,45-54 years old,Bachelor's degree,Front-end developer,2-9 employees,Hybrid,22,20,3,1,1,7,131000.0
Russia,45-54 years old,Bachelor's degree,Back-end developer,2-9 employees,Hybrid,20,16,4,1,0,5,61800.0
United States,35-44 years old,Bachelor's degree,Data scientist/ML engineer,"10,000 or more",Fully remote,15,11,2,1,1,8,
India,25-34 years old,Some college,Full-stack developer,20-99,Fully remote,4,4,4,1,1,9,29300.0
Germany,25-34 years old,Bachelor's degree,DevOps/SRE/platform engineer,500-999,Hybrid,6,4,1,0,1,10,98100.0
India,25-34 years old,Some college,Security professional,"1,000-4,999",Hybrid,6,3,9,0,1,7,26300.0
Ukraine,25-34 years old,High school/GED,Full-stack developer,10-19,In-person,3,2,4,1,1,9,24000.0
India,35-44 years old,Master's degree,Data/business analyst,"5,000-9,999",Hybrid,20,19,5,1,1,8,46100.0
France,35-44 years old,Associate's degree,Full-stack developer,"10,000 or more",In-person,18,18,2,0,1,8,
United States,45-54 years old,Bachelor's degree,Desktop/embedded developer,20-99,Hybrid,17,17,4,1,0,7,189500.0
United States,25-34 years old,Some college,Full-stack developer,"10,000 or more",In-person,12,10,4,0,0,5,149200.0
United States,35-44 years old,Bachelor's degree,Front-end developer,2-9 employees,Hybrid,14,11,6,1,1,3,150800.0
Germany,35-44 years old,Bachelor's degree,Back-end developer,"5,000-9,999",Hybrid,15,12,6,1,1,8,90300.0
United Kingdom,35-44 years old,Some college,Back-end developer,"1,000-4,999",In-person,16,12,3,1,1,9,126200.0
United States,35-44 years old,High school/GED,Data scientist/ML engineer,500-999,In-person,10,10,7,0,0,8,146900.0
Australia,25-34 years old,Master's degree,Front-end developer,20-99,Fully remote,9,8,8,1,1,2,107800.0
United Kingdom,25-34 years old,High school/GED,Back-end developer,20-99,Fully remote,6,5,6,0,1,2,91200.0
United States,18-24 years old,High school/GED,Engineer (other),"10,000 or more",Hybrid,2,0,3,1,1,3,99000.0
United States,25-34 years old,Master's degree,Data/business analyst,100-499,In-person,2,1,4,1,0,9,123600.0
United States,25-34 years old,Bachelor's degree,Data/business analyst,500-999,In-person,5,2,3,1,1,7,92500.0
India,35-44 years old,Master's degree,DevOps/SRE/platform engineer,"10,000 or more",In-person,10,7,4,1,1,7,33100.0
Germany,55-64 years old,Some college,Full-stack developer,100-499,Fully remote,28,28,5,0,0,5,108300.0
Spain,35-44 years old,Bachelor's degree,Back-end developer,100-499,Hybrid,10,8,5,1,1,3,96400.0
Russia,35-44 years old,Bachelor's degree,Full-stack developer,"10,000 or more",Hybrid,12,11,7,0,1,8,34100.0
Australia,25-34 years old,"Other doctoral degree (Ph.D, Ed.D, etc.)",Engineer (other),"10,000 or more",Hybrid,9,9,2,1,1,9,90700.0
India,35-44 years old,High school/GED,Full-stack developer,20-99,Fully remote,20,16,5,1,1,5,27300.0
India,18-24 years old,Bachelor's degree,Back-end developer,500-999,Hybrid,5,1,3,1,0,9,34100.0
Italy,25-34 years old,High school/GED,Full-stack developer,"10,000 or more",In-person,6,5,1,1,1,6,49100.0
France,25-34 years old,Associate's degree,Full-stack developer,2-9 employees,In-person,12,11,2,1,1,9,70100.0
India,25-34 years old,"Professional degree (JD, MD, etc.)",Full-stack developer,2-9 employees,Fully remote,8,7,7,1,1,2,43600.0
India,18-24 years old,Some college,Front-end developer,100-499,Hybrid,4,1,6,1,1,6,19000.0
Germany,25-34 years old,Master's degree,Full-stack developer,20-99,In-person,2,1,5,1,1,8,94300.0
Canada,25-34 years old,Some college,Front-end developer,500-999,Fully remote,10,6,4,0,0,5,63100.0
Russia,55-64 years old,Master's degree,DevOps/SRE/platform engineer,"1,000-4,999",In-person,31,30,3,1,1,2,86400.0
United States,25-34 years old,Bachelor's degree,Data scientist/ML engineer,2-9 employees,Hybrid,5,3,2,1,1,4,194300.0
United States,25-34 years old,Master's degree,Full-stack developer,"10,000 or more",Fully remote,10,6,1,0,0,10,159100.0
India,25-34 years old,Some college,Mobile developer,20-99,In-person,6,4,1,1,0,7,38300.0
India,35-44 years old,Master's degree,Data scientist/ML engineer,100-499,In-person,15,11,3,1,1,4,38100.0
United Kingdom,25-34 years old,Master's degree,Full-stack developer,20-99,Hybrid,0,0,5,0,1,8,64500.0
Brazil,25-34 years old,Bachelor's degree,Data scientist/ML engineer,"10,000 or more",Hybrid,8,4,4,1,0,7,65800.0
India,25-34 years old,Master's degree,Data scientist/ML engineer,10-19,In-person,12,8,4,1,1,6,33300.0
France,18-24 years old,Master's degree,Back-end developer,Just me,Hybrid,2,0,1,1,0,8,80900.0
India,18-24 years old,Master's degree,Full-stack developer,"10,000 or more",In-person,4,2,8,1,0,3,52800.0
Canada,25-34 years old,Bachelor's degree,Front-end developer,"10,000 or more",In-person,7,3,6,1,1,6,73200.0
Canada,18-24 years old,Bachelor's degree,Data scientist/ML engineer,20-99,Hybrid,7,3,4,0,1,2,103800.0
India,18-24 years old,Master's degree,Full-stack developer,Just me,Fully remote,4,1,4,1,1,9,38900.0
Canada,25-34 years old,Associate's degree,Desktop/embedded developer,"1,000-4,999",Fully remote,2,2,1,1,0,9,94400.0
India,35-44 years old,Bachelor's degree,Back-end developer,"1,000-4,999",In-person,16,16,2,1,1,4,30400.0
India,35-44 years old,"Other doctoral degree (Ph.D, Ed.D, etc.)",Front-end developer,"10,000 or more",Fully remote,16,15,7,1,0,8,49000.0
India,25-34 years old,Bachelor's degree,Back-end developer,20-99,Hybrid,7,3,2,1,1,9,
India,25-34 years old,Bachelor's degree,Back-end developer,10-19,Hybrid,10,6,5,1,1,6,39000.0
Netherlands,55-64 years old,Bachelor's degree,DevOps/SRE/platform engineer,500-999,Hybrid,34,30,2,1,1,9,
India,25-34 years old,Master's degree,Data scientist/ML engineer,500-999,Fully remote,11,7,6,1,1,7,64600.0
France,18-24 years old,"Other doctoral degree (Ph.D, Ed.D, etc.)",Back-end developer,"1,000-4,999",Hybrid,0,0,1,0,1,8,78300.0
Russia,35-44 years old,"Other doctoral degree (Ph.D, Ed.D, etc.)",Back-end developer,"10,000 or more",Hybrid,17,15,7,0,1,8,61700.0
India,18-24 years old,Master's degree,Desktop/embedded developer,500-999,Fully remote,3,0,3,1,1,7,24200.0
United States,25-34 years old,Bachelor's degree,DevOps/SRE/platform engineer,10-19,Fully remote,6,4,4,0,1,7,106200.0
United States,25-34 years old,Some college,Desktop/embedded developer,500-999,In-person,15,13,4,1,1,5,129400.0
United States,45-54 years old,Some college,Front-end developer,100-499,Hybrid,21,21,5,1,1,6,186500.0
United States,25-34 years old,High school/GED,Data/business analyst,100-499,In-person,7,4,5,1,1,6,127200.0
Poland,35-44 years old,High school/GED,Data scientist/ML engineer,"10,000 or more",Hybrid,9,5,3,0,1,3,
India,65 years or older,Master's degree,Full-stack developer,500-999,Fully remote,39,39,5,1,1,7,65100.0
France,18-24 years old,Master's degree,Front-end developer,10-19,Fully remote,0,0,7,1,1,7,59200.0
United States,25-34 years old,Bachelor's degree,Back-end developer,100-499,In-person,5,2,3,1,1,10,126000.0
India,25-34 years old,"Other doctoral degree (Ph.D, Ed.D, etc.)",Data scientist/ML engineer,20-99,In-person,5,4,1,1,1,5,42300.0
United States,25-34 years old,"Other doctoral degree (Ph.D, Ed.D, etc.)",Full-stack developer,10-19,Hybrid,9,9,5,1,1,6,132200.0
India,25-34 years old,Master's degree,Back-end developer,"1,000-4,999",Hybrid,9,7,6,0,1,7,19000.0
United States,45-54 years old,Bachelor's degree,Back-end developer,"1,000-4,999",Hybrid,22,20,5,1,1,9,230300.0
Canada,35-44 years old,Some college,Full-stack developer,100-499,Hybrid,17,13,1,1,0,5,104700.0
France,35-44 years old,Bachelor's degree,Back-end developer,100-499,Hybrid,10,10,6,1,0,5,95600.0
United States,25-34 years old,Some college,Desktop/embedded developer,20-99,In-person,9,5,2,1,1,7,96400.0
Poland,45-54 years old,Bachelor's degree,Back-end developer,2-9 employees,Fully remote,20,20,8,1,1,3,76800.0
India,55-64 years old,"Other doctoral degree (Ph.D, Ed.D, etc.)",Front-end developer,20-99,In-person,34,31,5,0,1,8,37500.0
India,45-54 years old,Bachelor's degree,Front-end developer,"10,000 or more",In-person,23,23,2,1,0,9,
Australia,18-24 years old,Some college,Front-end developer,"5,000-9,999",Hybrid,4,3,4,1,1,1,100900.0
Russia,35-44 years old,Bachelor's degree,Front-end developer,"10,000 or more",Hybrid,13,11,2,1,1,4,33200.0
Australia,18-24 years old,Bachelor's degree,Full-stack developer,"1,000-4,999",Hybrid,7,4,4,1,1,7,96100.0
United States,25-34 years old,Associate's degree,Full-stack developer,500-999,In-person,7,5,5,1,1,9,130200.0
Italy,18-24 years old,Associate's degree,Data scientist/ML engineer,20-99,Fully remote,4,0,6,1,1,7,50100.0
France,35-44 years old,"Other doctoral degree (Ph.D, Ed.D, etc.)",Back-end developer,2-9 employees,In-person,14,11,3,1,1,8,97700.0
United Kingdom,35-44 years old,Bachelor's degree,Desktop/embedded developer,500-999,Hybrid,13,12,3,1,0,6,106800.0
Sweden,18-24 years old,Master's degree,Front-end developer,100-499,Hybrid,6,4,1,0,1,6,115200.0
Australia,25-34 years old,Bachelor's degree,Full-stack developer,"5,000-9,999",Fully remote,4,4,3,0,0,4,98000.0
Brazil,25-34 years old,Bachelor's degree,Data scientist/ML engineer,100-499,Fully remote,1,1,3,1,1,4,49700.0
Australia,25-34 years old,Bachelor's degree,Full-stack developer,"10,000 or more",In-person,5,5,4,1,1,8,87800.0
India,18-24 years old,Master's degree,Data/business analyst,100-499,Hybrid,5,2,3,1,0,4,25400.0
France,25-34 years old,Master's degree,Full-stack developer,20-99,Hybrid,7,6,6,1,1,6,74700.0
United States,35-44 years old,Bachelor's degree,Back-end developer,"10,000 or more",Hybrid,16,15,2,1,1,7,191600.0
Italy,18-24 years old,Some college,Full-stack developer,100-499,Hybrid,6,5,2,1,0,5,46600.0
Canada,18-24 years old,Some college,Mobile developer,"10,000 or more",Hybrid,2,0,1,1,1,9,68700.0
Australia,25-34 years old,Master's degree,Engineer (other),Just me,Fully remote,6,3,6,1,1,6,
India,55-64 years old,Bachelor's degree,Full-stack developer,"1,000-4,999",Hybrid,25,25,2,1,1,6,30000.0
Poland,35-44 years old,Some college,Full-stack developer,2-9 employees,Fully remote,16,14,1,0,0,4,49600.0
India,35-44 years old,Bachelor's degree,Full-stack developer,10-19,Fully remote,17,16,7,1,1,5,41000.0
Canada,25-34 years old,Bachelor's degree,Data scientist/ML engineer,"1,000-4,999",Hybrid,4,4,6,1,1,5,93800.0
Netherlands,35-44 years old,Master's degree,Back-end developer,20-99,Fully remote,14,11,6,1,1,6,186500.0
United States,18-24 years old,Master's degree,Front-end developer,20-99,Hybrid,10,6,1,1,1,8,178300.0
India,35-44 years old,Some college,Full-stack developer,"5,000-9,999",Hybrid,15,14,4,1,1,10,41600.0
United Kingdom,45-54 years old,Some college,Data scientist/ML engineer,"10,000 or more",In-person,22,21,2,0,1,7,88500.0
India,35-44 years old,Bachelor's degree,Front-end developer,20-99,Fully remote,9,8,3,0,1,8,26800.0
India,45-54 years old,High school/GED,Data scientist/ML engineer,20-99,Hybrid,23,22,6,1,1,5,36200.0
India,35-44 years old,Master's degree,Data scientist/ML engineer,"1,000-4,999",Hybrid,9,9,1,1,1,10,41000.0
United States,18-24 years old,Bachelor's degree,Full-stack developer,"5,000-9,999",Fully remote,3,0,5,1,1,9,182100.0
Spain,45-54 years old,Bachelor's degree,Front-end developer,"10,000 or more",Fully remote,21,19,4,1,1,8,
Ukraine,18-24 years old,Bachelor's degree,Front-end developer,20-99,Hybrid,0,0,3,1,1,6,27800.0
Brazil,25-34 years old,Master's degree,Back-end developer,500-999,In-person,7,4,3,1,0,3,41700.0
United States,25-34 years old,Bachelor's degree,Full-stack developer,10-19,In-person,3,1,2,1,1,10,126100.0
Netherlands,18-24 years old,Master's degree,Data scientist/ML engineer,20-99,Hybrid,5,4,7,0,1,8,114400.0
United Kingdom,25-34 years old,Bachelor's degree,Security professional,2-9 employees,Hybrid,11,8,5,1,0,4,84800.0
Poland,25-34 years old,Master's degree,Data/business analyst,20-99,In-person,1,0,3,0,1,7,46700.0
Germany,25-34 years old,Master's degree,Data scientist/ML engineer,100-499,Hybrid,11,8,5,1,1,7,122900.0
United States,35-44 years old,Associate's degree,Back-end developer,10-19,In-person,14,10,3,1,1,6,117800.0
France,18-24 years old,High school/GED,Back-end developer,"10,000 or more",In-person,5,4,6,1,1,7,111600.0
Germany,18-24 years old,"Professional degree (JD, MD, etc.)",Full-stack developer,"1,000-4,999",Fully remote,2,1,3,1,0,7,95100.0
Spain,25-34 years old,"Other doctoral degree (Ph.D, Ed.D, etc.)",Back-end developer,Just me,Hybrid,6,5,1,0,1,9,112500.0
Poland,25-34 years old,Master's degree,Full-stack developer,"10,000 or more",Hybrid,4,4,2,1,0,9,67600.0
India,35-44 years old,Master's degree,Full-stack developer,"10,000 or more",In-person,18,16,7,1,0,10,41800.0
Brazil,35-44 years old,Bachelor's degree,Mobile developer,100-499,Fully remote,9,8,7,1,0,4,41800.0
Germany,45-54 years old,Bachelor's degree,Data/business analyst,20-99,Fully remote,23,22,7,1,1,3,119600.0
United States,35-44 years old,"Other doctoral degree (Ph.D, Ed.D, etc.)",Data/business analyst,20-99,Hybrid,15,15,2,0,1,7,110900.0
India,25-34 years old,Master's degree,Full-stack developer,2-9 employees,Fully remote,7,7,1,1,0,8,25600.0
United States,35-44 years old,Bachelor's degree,Mobile developer,100-499,Hybrid,23,19,4,0,0,6,151000.0
United States,25-34 years old,Bachelor's degree,Full-stack developer,2-9 employees,In-person,6,3,2,0,1,10,96400.0
India,25-34 years old,Bachelor's degree,Back-end developer,100-499,In-person,9,8,7,1,1,9,33900.0
United States,35-44 years old,Bachelor's degree,Front-end developer,20-99,In-person,15,12,5,1,1,7,150500.0
United States,25-34 years old,Bachelor's degree,Back-end developer,100-499,Hybrid,9,9,1,1,1,8,233500.0
Netherlands,35-44 years old,Bachelor's degree,Data/business analyst,100-499,Hybrid,12,12,7,1,1,7,103600.0
United States,45-54 years old,High school/GED,Back-end developer,20-99,Hybrid,23,19,5,0,1,4,166200.0
Germany,45-54 years old,Master's degree,Front-end developer,100-499,Hybrid,26,24,6,1,1,4,129200.0
India,45-54 years old,Master's degree,Full-stack developer,100-499,Hybrid,19,19,5,1,1,5,46600.0
United States,25-34 years old,Master's degree,DevOps/SRE/platform engineer,"10,000 or more",In-person,2,1,4,1,1,9,
Sweden,25-34 years old,Master's degree,Back-end developer,"1,000-4,999",In-person,7,3,4,1,1,6,93000.0
Canada,35-44 years old,Bachelor's degree,Desktop/embedded developer,100-499,Fully remote,16,14,2,0,0,9,94700.0
Australia,25-34 years old,Master's degree,Desktop/embedded developer,"10,000 or more",Fully remote,13,9,3,1,1,8,80500.0
Germany,35-44 years old,Bachelor's degree,Desktop/embedded developer,"5,000-9,999",Hybrid,12,12,11,1,1,7,93800.0
Brazil,35-44 years old,"Other doctoral degree (Ph.D, Ed.D, etc.)",Back-end developer,2-9 employees,In-person,18,16,4,1,1,9,65100.0
Sweden,35-44 years old,Associate's degree,Full-stack developer,10-19,In-person,11,8,10,1,1,4,110400.0
India,25-34 years old,"Professional degree (JD, MD, etc.)",Front-end developer,2-9 employees,Fully remote,6,4,8,1,1,3,30500.0
Germany,25-34 years old,Bachelor's degree,Data/business analyst,20-99,In-person,5,4,5,1,1,8,65700.0
United Kingdom,25-34 years old,Some college,DevOps/SRE/platform engineer,100-499,In-person,8,5,1,1,0,9,85200.0
Italy,25-34 years old,Bachelor's degree,Full-stack developer,100-499,Hybrid,8,5,6,1,1,6,
United States,45-54 years old,Bachelor's degree,Full-stack developer,"10,000 or more",In-person,23,22,2,1,1,1,136400.0
France,25-34 years old,Bachelor's degree,Back-end developer,Just me,Fully remote,7,4,4,1,1,8,65900.0
United States,25-34 years old,Bachelor's degree,Data scientist/ML engineer,100-499,Hybrid,5,5,4,1,1,6,165200.0
Ukraine,18-24 years old,Master's degree,Back-end developer,100-499,Fully remote,3,1,1,0,1,7,38700.0
Canada,35-44 years old,Bachelor's degree,Desktop/embedded developer,"10,000 or more",Fully remote,11,9,7,1,1,4,
Spain,35-44 years old,Bachelor's degree,Mobile developer,20-99,Fully remote,13,12,2,0,1,8,81100.0
Russia,25-34 years old,Bachelor's degree,Back-end developer,10-19,Fully remote,5,5,3,0,1,7,53200.0
United Kingdom,18-24 years old,Bachelor's degree,Full-stack developer,10-19,Hybrid,4,1,7,0,1,1,107900.0
France,25-34 years old,Master's degree,Mobile developer,100-499,In-person,7,5,5,0,1,1,
Brazil,25-34 years old,Bachelor's degree,Back-end developer,100-499,Hybrid,7,5,5,0,0,6,38400.0
Germany,35-44 years old,"Other doctoral degree (Ph.D, Ed.D, etc.)",Back-end developer,"5,000-9,999",In-person,13,11,7,0,1,4,132200.0
Germany,35-44 years old,Bachelor's degree,Back-end developer,20-99,Hybrid,18,16,3,1,1,9,111500.0
United States,25-34 years old,Master's degree,Back-end developer,10-19,Hybrid,5,1,5,0,1,3,152700.0
India,25-34 years old,Master's degree,Desktop/embedded developer,100-499,In-person,4,3,8,1,1,8,31000.0
Italy,65 years or older,Master's degree,Back-end developer,"10,000 or more",In-person,43,40,4,1,0,6,
India,25-34 years old,Some college,Back-end developer,100-499,In-person,5,2,6,1,1,10,28700.0
Poland,35-44 years old,Associate's degree,Data scientist/ML engineer,"10,000 or more",Fully remote,9,8,3,1,1,4,93800.0
United States,25-34 years old,Bachelor's degree,Full-stack developer,100-499,Fully remote,7,7,7,1,0,8,168800.0
Germany,25-34 years old,Master's degree,Full-stack developer,20-99,Fully remote,1,0,2,1,0,10,95600.0
United States,18-24 years old,Associate's degree,Desktop/embedded developer,"5,000-9,999",In-person,3,1,4,1,1,10,115100.0
Germany,25-34 years old,"Other doctoral degree (Ph.D, Ed.D, etc.)",DevOps/SRE/platform engineer,20-99,In-person,13,11,9,1,0,5,
United States,55-64 years old,Some college,Full-stack developer,20-99,In-person,24,23,5,1,1,5,137900.0
Canada,25-34 years old,Some college,Full-stack developer,2-9 employees,Hybrid,1,0,4,1,1,4,
Canada,18-24 years old,Some college,Desktop/embedded developer,10-19,Hybrid,3,0,8,0,1,6,131900.0
Netherlands,18-24 years old,Bachelor's degree,Front-end developer,100-499,Fully remote,7,4,6,0,1,8,94500.0
Canada,25-34 years old,"Professional degree (JD, MD, etc.)",Back-end developer,100-499,Hybrid,12,8,4,1,1,1,107800.0
Ukraine,25-34 years old,Bachelor's degree,Full-stack developer,100-499,In-person,7,3,6,1,0,8,26600.0
Netherlands,18-24 years old,Bachelor's degree,Full-stack developer,100-499,Fully remote,6,4,2,1,1,1,86500.0
United States,35-44 years old,Some college,Data scientist/ML engineer,500-999,Fully remote,20,16,3,1,1,8,229100.0
India,25-34 years old,Master's degree,Back-end developer,10-19,Fully remote,14,10,3,1,1,9,48200.0
United States,25-34 years old,Some college,DevOps/SRE/platform engineer,500-999,In-person,4,4,2,1,1,6,130500.0
India,45-54 years old,Bachelor's degree,Front-end developer,20-99,Fully remote,14,13,2,1,1,6,41900.0
United Kingdom,18-24 years old,Master's degree,Front-end developer,"1,000-4,999",Hybrid,3,0,5,0,1,8,97300.0
Ukraine,55-64 years old,Bachelor's degree,Mobile developer,500-999,Hybrid,31,27,7,1,1,9,
United Kingdom,25-34 years old,Some college,Full-stack developer,500-999,Hybrid,7,4,3,1,1,10,66200.0
Netherlands,45-54 years old,Some college,Front-end developer,"1,000-4,999",In-person,23,19,2,1,0,7,165400.0
India,35-44 years old,Master's degree,Full-stack developer,20-99,Fully remote,19,15,6,1,0,9,30900.0
United States,45-54 years old,Master's degree,Back-end developer,100-499,Fully remote,26,24,2,0,1,2,225600.0
Australia,65 years or older,"Professional degree (JD, MD, etc.)",Full-stack developer,500-999,Hybrid,34,34,3,0,0,3,142800.0
India,25-34 years old,Master's degree,Full-stack developer,100-499,In-person,9,8,6,1,1,9,
Spain,55-64 years old,"Other doctoral degree (Ph.D, Ed.D, etc.)",Mobile developer,100-499,Hybrid,30,29,4,1,1,6,107100.0
United States,25-34 years old,Bachelor's degree,Front-end developer,20-99,In-person,7,5,5,0,1,5,109600.0
Spain,25-34 years old,Bachelor's degree,Mobile developer,20-99,In-person,10,8,4,0,1,6,
Netherlands,25-34 years old,High school/GED,Back-end developer,"1,000-4,999",Hybrid,6,5,4,1,1,7,81100.0
Canada,25-34 years old,Bachelor's degree,Front-end developer,Just me,In-person,12,11,4,0,1,6,128100.0
Spain,25-34 years old,Master's degree,Full-stack developer,2-9 employees,Fully remote,1,1,9,1,1,4,58800.0
India,25-34 years old,Master's degree,Back-end developer,"10,000 or more",In-person,7,3,3,0,1,2,31600.0
United States,25-34 years old,Bachelor's degree,Front-end developer,10-19,Fully remote,5,5,6,1,1,8,145000.0
United States,35-44 years old,Bachelor's degree,Full-stack developer,100-499,In-person,14,13,4,1,1,9,224500.0
India,45-54 years old,Master's degree,Data scientist/ML engineer,"10,000 or more",Hybrid,28,24,6,1,0,1,54300.0
Germany,25-34 years old,Bachelor's degree,Full-stack developer,Just me,Fully remote,6,5,8,1,1,6,60200.0
Spain,25-34 years old,Bachelor's degree,Back-end developer,"10,000 or more",In-person,1,1,2,1,1,9,45400.0
United States,25-34 years old,Master's degree,Front-end developer,2-9 employees,Hybrid,8,8,5,1,1,1,121100.0
Russia,25-34 years old,Some college,Security professional,10-19,Fully remote,7,7,3,0,1,8,30400.0
Ukraine,18-24 years old,"Professional degree (JD, MD, etc.)",Full-stack developer,Just me,Hybrid,4,0,2,0,1,5,
Brazil,25-34 years old,"Other doctoral degree (Ph.D, Ed.D, etc.)",Front-end developer,100-499,Hybrid,8,5,4,1,1,8,45800.0
Russia,25-34 years old,Bachelor's degree,Front-end developer,"10,000 or more",Fully remote,3,0,3,0,1,8,40000.0
Poland,55-64 years old,Bachelor's degree,Full-stack developer,"10,000 or more",Hybrid,27,26,3,1,0,10,
United Kingdom,25-34 years old,Master's degree,Front-end developer,"1,000-4,999",Hybrid,6,2,2,1,1,5,77600.0
Canada,25-34 years old,Bachelor's degree,Full-stack developer,10-19,Fully remote,9,7,3,1,0,4,
Canada,35-44 years old,High school/GED,Full-stack developer,"10,000 or more",In-person,15,12,5,1,1,7,91900.0
United States,18-24 years old,"Professional degree (JD, MD, etc.)",Full-stack developer,"5,000-9,999",In-person,4,0,7,1,1,10,132300.0
United States,25-34 years old,Bachelor's degree,DevOps/SRE/platform engineer,20-99,Hybrid,12,8,7,0,1,2,183800.0
United Kingdom,35-44 years old,Associate's degree,Full-stack developer,"5,000-9,999",In-person,11,8,5,0,0,4,79300.0
United States,25-34 years old,Bachelor's degree,Back-end developer,"10,000 or more",Hybrid,10,6,4,1,1,9,
Sweden,25-34 years old,Associate's degree,Full-stack developer,"1,000-4,999",Hybrid,7,3,2,1,1,8,84000.0
United Kingdom,65 years or older,Associate's degree,Full-stack developer,2-9 employees,Hybrid,37,34,3,1,1,6,104600.0
India,45-54 years old,Bachelor's degree,Full-stack developer,"10,000 or more",In-person,22,22,4,1,1,7,64600.0
United States,35-44 years old,Bachelor's degree,Back-end developer,2-9 employees,Fully remote,15,14,2,1,1,5,157200.0
India,35-44 years old,Bachelor's degree,Full-stack developer,"1,000-4,999",Hybrid,18,16,1,1,0,10,34300.0
India,35-44 years old,"Other doctoral degree (Ph.D, Ed.D, etc.)",Full-stack developer,2-9 employees,Fully remote,13,12,5,1,1,6,32100.0
United States,25-34 years old,Master's degree,Data scientist/ML engineer,"10,000 or more",Hybrid,6,6,3,1,0,6,184400.0
Sweden,25-34 years old,Less than high school,Front-end developer,20-99,Hybrid,4,4,7,1,0,7,75500.0
India,18-24 years old,High school/GED,Full-stack developer,100-499,In-person,6,2,2,1,1,5,24900.0
Brazil,25-34 years old,Bachelor's degree,Back-end developer,10-19,Hybrid,7,6,4,1,1,4,74400.0
United States,25-34 years old,Bachelor's degree,Full-stack developer,100-499,Fully remote,5,5,5,1,0,7,128300.0
Russia,25-34 years old,Master's degree,Front-end developer,"10,000 or more",Hybrid,1,0,2,1,0,8,26200.0
Canada,55-64 years old,Bachelor's degree,Back-end developer,"10,000 or more",Fully remote,29,29,4,0,1,8,129100.0
France,45-54 years old,Associate's degree,Full-stack developer,2-9 employees,In-person,23,21,2,0,1,7,70800.0
Netherlands,35-44 years old,Bachelor's degree,Full-stack developer,100-499,Fully remote,10,10,3,1,0,8,115900.0
Canada,25-34 years old,Master's degree,Back-end developer,20-99,Hybrid,2,1,5,1,0,7,74000.0
United States,45-54 years old,"Professional degree (JD, MD, etc.)",Data scientist/ML engineer,100-499,Hybrid,28,24,6,0,1,9,226400.0
Germany,18-24 years old,Bachelor's degree,Full-stack developer,"10,000 or more",In-person,4,3,4,1,1,6,
India,35-44 years old,Bachelor's degree,Full-stack developer,"1,000-4,999",Hybrid,14,11,1,1,1,3,33200.0
Germany,18-24 years old,Some college,Back-end developer,20-99,Hybrid,1,0,5,1,1,6,62300.0
India,35-44 years old,Bachelor's degree,Front-end developer,100-499,Hybrid,12,10,5,1,1,9,26500.0
Australia,25-34 years old,Some college,Full-stack developer,"1,000-4,999",Fully remote,11,9,4,1,1,9,102500.0
India,45-54 years old,"Other doctoral degree (Ph.D, Ed.D, etc.)",Full-stack developer,20-99,Hybrid,22,20,4,0,0,7,52200.0
United States,55-64 years old,Master's degree,Full-stack developer,2-9 employees,Fully remote,26,26,6,1,1,2,153100.0
Sweden,25-34 years old,Master's degree,Full-stack developer,20-99,Fully remote,9,7,5,1,0,8,135000.0
Ukraine,25-34 years old,"Other doctoral degree (Ph.D, Ed.D, etc.)",Back-end developer,10-19,Hybrid,4,3,7,0,1,8,36200.0
Italy,65 years or older,Some college,Full-stack developer,20-99,In-person,44,40,5,1,0,7,72300.0
United Kingdom,25-34 years old,Master's degree,Front-end developer,"10,000 or more",In-person,11,9,3,0,1,4,98400.0
United States,45-54 years old,Master's degree,Engineer (other),10-19,In-person,20,19,1,1,1,7,171900.0
Russia,35-44 years old,Bachelor's degree,Front-end developer,"5,000-9,999",Fully remote,10,10,4,0,1,7,54700.0
United States,25-34 years old,Master's degree,Back-end developer,100-499,Hybrid,0,0,1,0,1,2,134800.0
United States,25-34 years old,Bachelor's degree,Desktop/embedded developer,"1,000-4,999",In-person,5,1,3,0,1,6,92700.0
United States,25-34 years old,Master's degree,Front-end developer,10-19,In-person,5,1,5,1,1,10,191500.0
France,35-44 years old,Bachelor's degree,DevOps/SRE/platform engineer,10-19,Hybrid,13,12,2,0,1,6,160600.0
United States,25-34 years old,Bachelor's degree,Front-end developer,10-19,In-person,8,4,10,0,0,6,105400.0
Netherlands,25-34 years old,Some college,Front-end developer,"1,000-4,999",In-person,5,1,4,0,0,7,82900.0
United States,25-34 years old,Less than high school,Full-stack developer,"1,000-4,999",Fully remote,4,4,5,1,0,5,165900.0
United States,35-44 years old,High school/GED,Back-end developer,"10,000 or more",In-person,15,14,4,1,1,3,156600.0
Germany,45-54 years old,Associate's degree,Back-end developer,100-499,In-person,26,22,1,1,1,7,129700.0
India,65 years or older,Bachelor's degree,Full-stack developer,100-499,Fully remote,30,29,3,1,1,7,53700.0
Italy,25-34 years old,High school/GED,Back-end developer,100-499,Hybrid,7,5,4,1,1,8,73200.0
Sweden,45-54 years old,Some college,Back-end developer,20-99,In-person,16,16,4,1,1,7,120400.0
United States,35-44 years old,Master's degree,Front-end developer,20-99,In-person,15,15,4,1,1,5,128700.0
Ukraine,35-44 years old,Master's degree,Mobile developer,"10,000 or more",In-person,14,14,5,0,1,6,35500.0
Brazil,55-64 years old,Master's degree,Full-stack developer,20-99,Hybrid,28,25,1,1,1,1,58500.0
India,25-34 years old,"Professional degree (JD, MD, etc.)",Full-stack developer,"10,000 or more",In-person,4,3,4,1,0,4,45900.0
Poland,18-24 years old,Some college,DevOps/SRE/platform engineer,20-99,Hybrid,2,0,4,1,1,8,37100.0
Russia,45-54 years old,Some college,Data/business analyst,20-99,Hybrid,17,13,9,1,1,10,35500.0
United States,25-34 years old,Bachelor's degree,Back-end developer,500-999,In-person,8,6,4,1,1,6,185600.0
United States,45-54 years old,"Professional degree (JD, MD, etc.)",Full-stack developer,2-9 employees,Hybrid,20,19,7,0,1,10,174400.0
India,45-54 years old,Master's degree,Back-end developer,"10,000 or more",Fully remote,23,23,3,0,1,8,43100.0
United States,18-24 years old,Bachelor's degree,Full-stack developer,"10,000 or more",Fully remote,3,0,9,1,1,5,
India,45-54 years old,High school/GED,DevOps/SRE/platform engineer,"1,000-4,999",Fully remote,19,18,5,1,1,7,33000.0
France,25-34 years old,Bachelor's degree,Desktop/embedded developer,"10,000 or more",Hybrid,1,0,5,1,1,9,56800.0
Australia,25-34 years old,Bachelor's degree,Full-stack developer,Just me,Hybrid,6,2,2,1,0,8,90700.0
India,35-44 years old,Bachelor's degree,DevOps/SRE/platform engineer,100-499,Hybrid,10,8,5,1,0,9,29100.0
India,45-54 years old,"Other doctoral degree (Ph.D, Ed.D, etc.)",Front-end developer,"10,000 or more",Fully remote,25,23,8,1,1,8,55600.0
Netherlands,18-24 years old,Bachelor's degree,Data/business analyst,100-499,Hybrid,4,0,7,1,0,8,58600.0
India,25-34 years old,"Professional degree (JD, MD, etc.)",Engineer (other),Just me,Fully remote,8,5,5,1,1,6,31000.0
Australia,35-44 years old,Bachelor's degree,Full-stack developer,10-19,Fully remote,11,11,4,0,1,4,98100.0
Italy,35-44 years old,Master's degree,Full-stack developer,100-499,Hybrid,8,8,4,1,0,3,65200.0
Italy,35-44 years old,Master's degree,Front-end developer,"1,000-4,999",Hybrid,14,11,4,1,1,9,
France,18-24 years old,Bachelor's degree,Data/business analyst,10-19,Hybrid,7,3,8,1,1,8,
India,25-34 years old,Bachelor's degree,Security professional,100-499,In-person,2,1,4,1,1,9,33800.0
United States,25-34 years old,Master's degree,Front-end developer,Just me,Hybrid,9,7,6,1,1,3,116300.0
Poland,35-44 years old,Master's degree,Full-stack developer,100-499,Hybrid,10,9,3,1,1,8,83800.0
Italy,25-34 years old,High school/GED,Full-stack developer,"10,000 or more",In-person,6,4,3,0,1,8,
United States,25-34 years old,Bachelor's degree,Data scientist/ML engineer,500-999,Hybrid,8,7,5,1,1,6,175400.0
United States,55-64 years old,Bachelor's degree,Front-end developer,100-499,Fully remote,30,26,4,1,0,7,199400.0
Australia,18-24 years old,"Professional degree (JD, MD, etc.)",Front-end developer,10-19,Fully remote,6,2,3,1,1,7,136200.0
United States,65 years or older,"Other doctoral degree (Ph.D, Ed.D, etc.)",Back-end developer,20-99,Fully remote,37,34,1,1,0,6,315400.0
United States,35-44 years old,Some college,Data scientist/ML engineer,2-9 employees,In-person,13,12,1,1,1,5,223300.0
Russia,45-54 years old,Some college,DevOps/SRE/platform engineer,"1,000-4,999",In-person,14,13,7,1,1,10,36500.0
United States,25-34 years old,"Other doctoral degree (Ph.D, Ed.D, etc.)",Back-end developer,2-9 employees,Hybrid,3,0,2,1,1,9,
United States,18-24 years old,Bachelor's degree,Full-stack developer,100-499,In-person,6,3,2,1,0,8,128300.0
United Kingdom,35-44 years old,Bachelor's degree,Desktop/embedded developer,"1,000-4,999",Hybrid,19,15,2,1,1,9,134600.0
Poland,45-54 years old,High school/GED,Mobile developer,"1,000-4,999",In-person,21,17,4,0,1,9,36800.0
India,35-44 years old,Bachelor's degree,Back-end developer,500-999,Hybrid,12,11,6,1,0,3,38400.0
India,25-34 years old,Master's degree,Full-stack developer,500-999,Hybrid,10,6,4,1,1,7,25800.0
Canada,35-44 years old,Bachelor's degree,Full-stack developer,2-9 employees,Hybrid,18,14,5,1,0,7,131200.0
Germany,35-44 years old,Bachelor's degree,Full-stack developer,10-19,Fully remote,7,6,3,0,1,4,84200.0
United States,35-44 years old,"Professional degree (JD, MD, etc.)",Full-stack developer,100-499,Fully remote,12,9,1,1,1,5,139200.0
United States,35-44 years old,Some college,Front-end developer,20-99,Fully remote,12,11,5,1,1,4,88500.0
Canada,45-54 years old,High school/GED,Full-stack developer,Just me,Hybrid,22,22,4,0,1,7,
Netherlands,35-44 years old,Master's degree,Front-end developer,"5,000-9,999",Fully remote,20,19,1,1,0,5,133200.0
Poland,18-24 years old,Master's degree,Full-stack developer,"1,000-4,999",Hybrid,1,1,9,0,0,5,59400.0
Poland,25-34 years old,Bachelor's degree,Full-stack developer,20-99,Hybrid,2,1,3,1,1,7,47000.0
Netherlands,18-24 years old,Bachelor's degree,Front-end developer,2-9 employees,Fully remote,3,3,1,1,1,5,77000.0
United States,25-34 years old,Bachelor's degree,Back-end developer,500-999,In-person,9,9,4,1,1,7,176600.0
Russia,25-34 years old,Master's degree,Full-stack developer,20-99,Fully remote,6,5,2,1,1,4,76900.0
Russia,18-24 years old,High school/GED,DevOps/SRE/platform engineer,20-99,Hybrid,4,0,6,1,0,8,
United Kingdom,25-34 years old,Bachelor's degree,Full-stack developer,"1,000-4,999",Hybrid,10,8,3,1,1,5,
India,18-24 years old,Some college,Back-end developer,20-99,Hybrid,7,3,1,1,1,8,20700.0
Canada,35-44 years old,Master's degree,Front-end developer,10-19,Fully remote,9,9,5,1,1,8,103700.0
United Kingdom,55-64 years old,Bachelor's degree,DevOps/SRE/platform engineer,100-499,Hybrid,30,29,3,1,1,10,147500.0
United States,18-24 years old,Bachelor's degree,Back-end developer,"10,000 or more",Fully remote,5,4,3,1,1,1,121300.0
Canada,55-64 years old,High school/GED,Back-end developer,"10,000 or more",In-person,33,32,1,0,1,9,94200.0
Netherlands,25-34 years old,High school/GED,Front-end developer,"10,000 or more",In-person,6,5,8,1,1,7,58800.0
Netherlands,25-34 years old,Master's degree,Back-end developer,100-499,Fully remote,6,4,5,1,1,3,84900.0
United States,18-24 years old,Master's degree,Desktop/embedded developer,"5,000-9,999",Hybrid,8,5,3,1,1,8,171200.0
United States,25-34 years old,Master's degree,Full-stack developer,"10,000 or more",In-person,1,1,4,1,0,2,124600.0
France,35-44 years old,Master's degree,DevOps/SRE/platform engineer,100-499,In-person,15,13,3,1,1,9,135500.0
Spain,35-44 years old,Some college,Full-stack developer,20-99,In-person,12,8,2,1,1,8,
United Kingdom,18-24 years old,Master's degree,Security professional,"1,000-4,999",Hybrid,8,5,4,1,1,4,70900.0
Brazil,18-24 years old,Some college,Back-end developer,"10,000 or more",In-person,4,1,6,1,0,8,59600.0
United States,25-34 years old,Some college,DevOps/SRE/platform engineer,"10,000 or more",Fully remote,10,9,6,1,1,4,
Canada,25-34 years old,Master's degree,Back-end developer,20-99,Hybrid,8,6,7,1,1,7,
Sweden,25-34 years old,Master's degree,Full-stack developer,"10,000 or more",Fully remote,5,1,3,1,1,1,87400.0
France,25-34 years old,Master's degree,Full-stack developer,100-499,Hybrid,10,9,6,1,1,10,136800.0
Ukraine,35-44 years old,Master's degree,DevOps/SRE/platform engineer,20-99,Hybrid,18,17,8,1,1,2,69000.0
United Kingdom,45-54 years old,"Other doctoral degree (Ph.D, Ed.D, etc.)",Back-end developer,"10,000 or more",Hybrid,23,23,1,0,1,8,
Spain,25-34 years old,Some college,Back-end developer,"10,000 or more",In-person,6,3,6,1,1,8,60600.0
United States,45-54 years old,"Other doctoral degree (Ph.D, Ed.D, etc.)",Full-stack developer,"1,000-4,999",In-person,23,19,4,1,0,8,175500.0
United States,25-34 years old,Bachelor's degree,Data/business analyst,"10,000 or more",Hybrid,8,5,7,1,1,2,
United States,25-34 years old,Master's degree,Full-stack developer,"1,000-4,999",In-person,5,3,4,1,1,8,174700.0
Germany,25-34 years old,Master's degree,Full-stack developer,100-499,In-person,10,10,3,1,0,7,84400.0
India,35-44 years old,Bachelor's degree,Data/business analyst,"10,000 or more",Hybrid,13,12,5,0,0,8,29200.0
Brazil,55-64 years old,Master's degree,Mobile developer,"10,000 or more",Fully remote,20,20,2,1,1,7,54600.0
Russia,35-44 years old,Bachelor's degree,Full-stack developer,20-99,Fully remote,14,13,1,1,1,6,37000.0
Canada,25-34 years old,"Professional degree (JD, MD, etc.)",DevOps/SRE/platform engineer,20-99,Fully remote,4,4,1,1,0,5,
United States,35-44 years old,Some college,Full-stack developer,100-499,In-person,13,12,7,1,1,7,206200.0
Ukraine,18-24 years old,Bachelor's degree,Full-stack developer,"10,000 or more",Fully remote,3,0,2,1,1,6,34300.0
United Kingdom,45-54 years old,High school/GED,DevOps/SRE/platform engineer,"5,000-9,999",Fully remote,25,22,5,1,1,8,114100.0
Brazil,25-34 years old,Bachelor's degree,Data scientist/ML engineer,"10,000 or more",In-person,11,8,9,0,1,5,43400.0
Russia,25-34 years old,Associate's degree,Full-stack developer,100-499,Fully remote,9,6,4,1,1,8,50700.0
Italy,35-44 years old,High school/GED,Full-stack developer,"1,000-4,999",Hybrid,11,11,3,1,1,10,39800.0
United Kingdom,35-44 years old,Bachelor's degree,Full-stack developer,"10,000 or more",In-person,13,12,4,1,1,8,99500.0
Australia,18-24 years old,Bachelor's degree,Data scientist/ML engineer,20-99,In-person,5,2,7,1,1,7,111100.0
United Kingdom,35-44 years old,High school/GED,Data/business analyst,"1,000-4,999",Hybrid,10,10,4,1,1,4,64600.0
Germany,25-34 years old,Bachelor's degree,Full-stack developer,100-499,Hybrid,8,7,3,1,1,10,117300.0
United Kingdom,35-44 years old,"Other doctoral degree (Ph.D, Ed.D, etc.)",DevOps/SRE/platform engineer,"1,000-4,999",Fully remote,13,13,2,0,1,5,139800.0
Germany,45-54 years old,Some college,Full-stack developer,"1,000-4,999",In-person,28,25,4,1,1,7,105400.0
India,35-44 years old,Bachelor's degree,Desktop/embedded developer,"5,000-9,999",Hybrid,18,16,5,1,0,6,38500.0
Brazil,25-34 years old,High school/GED,Full-stack developer,20-99,In-person,3,3,4,1,0,4,31900.0
India,25-34 years old,Some college,Front-end developer,20-99,Hybrid,10,7,2,1,1,8,36500.0
Canada,25-34 years old,Master's degree,Full-stack developer,"5,000-9,999",Fully remote,6,2,4,1,0,3,110000.0
Brazil,35-44 years old,Bachelor's degree,Mobile developer,20-99,Hybrid,15,14,7,1,0,6,
Russia,25-34 years old,Bachelor's degree,Full-stack developer,20-99,Hybrid,6,3,3,1,1,5,30400.0
India,25-34 years old,Some college,Back-end developer,20-99,Fully remote,6,2,5,1,1,7,26700.0
Spain,25-34 years old,Master's degree,DevOps/SRE/platform engineer,2-9 employees,In-person,6,6,5,1,1,9,64700.0
Ukraine,18-24 years old,Master's degree,Back-end developer,"5,000-9,999",Fully remote,0,0,2,1,1,9,43400.0
France,35-44 years old,Some college,Full-stack developer,"1,000-4,999",Hybrid,11,7,5,0,1,7,61600.0
Netherlands,18-24 years old,High school/GED,Front-end developer,500-999,Hybrid,5,1,4,1,1,5,74900.0
India,35-44 years old,High school/GED,DevOps/SRE/platform engineer,"1,000-4,999",Fully remote,13,12,6,1,1,6,40400.0
Sweden,25-34 years old,Master's degree,Back-end developer,100-499,Hybrid,4,4,7,1,0,8,
France,18-24 years old,Some college,Full-stack developer,20-99,Hybrid,4,0,1,1,1,5,53000.0
India,25-34 years old,Bachelor's degree,Back-end developer,"10,000 or more",Fully remote,5,3,5,1,1,4,29600.0
India,18-24 years old,Some college,Data/business analyst,100-499,In-person,5,3,1,1,1,5,20300.0
Canada,25-34 years old,Some college,Full-stack developer,20-99,Hybrid,11,7,4,1,1,3,56300.0
United States,35-44 years old,Less than high school,Back-end developer,"1,000-4,999",Fully remote,13,12,8,1,1,5,198200.0
Poland,18-24 years old,Bachelor's degree,Front-end developer,20-99,In-person,5,5,5,1,0,2,46400.0
United States,45-54 years old,High school/GED,Full-stack developer,20-99,Hybrid,23,21,6,0,0,2,153000.0
Canada,18-24 years old,Bachelor's degree,Back-end developer,Just me,In-person,4,0,5,1,1,9,70800.0
Brazil,25-34 years old,Bachelor's degree,Data/business analyst,"10,000 or more",Hybrid,8,4,1,0,0,4,
Spain,35-44 years old,Bachelor's degree,Full-stack developer,100-499,Hybrid,11,8,6,1,1,9,
Brazil,25-34 years old,Master's degree,Data scientist/ML engineer,10-19,Hybrid,9,5,1,1,1,10,47300.0
Netherlands,18-24 years old,Master's degree,DevOps/SRE/platform engineer,"5,000-9,999",Hybrid,6,5,1,1,1,6,98800.0
Russia,25-34 years old,Master's degree,Full-stack developer,"10,000 or more",Fully remote,9,7,4,1,0,6,
Canada,25-34 years old,"Other doctoral degree (Ph.D, Ed.D, etc.)",Full-stack developer,100-499,Fully remote,12,9,6,1,1,5,132800.0
Spain,45-54 years old,Bachelor's degree,Mobile developer,Just me,In-person,21,19,7,1,0,3,93000.0
United States,25-34 years old,Some college,Data scientist/ML engineer,20-99,Hybrid,11,9,4,1,0,8,122100.0
Australia,35-44 years old,Bachelor's degree,Full-stack developer,20-99,Fully remote,12,11,6,0,1,9,125200.0
United States,45-54 years old,Bachelor's degree,Full-stack developer,"1,000-4,999",In-person,28,24,3,0,0,8,200700.0
Ukraine,25-34 years old,Bachelor's degree,Front-end developer,100-499,Hybrid,6,5,2,1,1,3,26200.0
India,45-54 years old,Less than high school,Back-end developer,20-99,In-person,26,22,2,0,0,7,40900.0
United States,25-34 years old,Bachelor's degree,Back-end developer,"1,000-4,999",In-person,12,9,2,1,1,8,128800.0
United States,55-64 years old,"Other doctoral degree (Ph.D, Ed.D, etc.)",Data/business analyst,500-999,Fully remote,28,27,6,1,1,8,343100.0
United States,18-24 years old,Bachelor's degree,Back-end developer,"10,000 or more",Fully remote,3,2,2,1,1,2,202600.0
Germany,35-44 years old,"Other doctoral degree (Ph.D, Ed.D, etc.)",DevOps/SRE/platform engineer,500-999,In-person,16,16,2,1,1,8,134400.0
United Kingdom,25-34 years old,Bachelor's degree,Desktop/embedded developer,100-499,Fully remote,6,5,7,1,1,7,92600.0
Russia,25-34 years old,Some college,Full-stack developer,"10,000 or more",In-person,1,1,1,0,1,9,31500.0
India,35-44 years old,Bachelor's degree,Data scientist/ML engineer,20-99,Hybrid,22,18,1,1,1,4,43600.0
United States,35-44 years old,Bachelor's degree,Front-end developer,20-99,Fully remote,15,11,1,1,1,2,131400.0
Poland,18-24 years old,Bachelor's degree,Full-stack developer,"5,000-9,999",Hybrid,6,2,5,0,0,9,49100.0
United States,25-34 years old,Bachelor's degree,Full-stack developer,100-499,Fully remote,8,8,5,1,1,3,150400.0
Russia,35-44 years old,Bachelor's degree,Front-end developer,100-499,Hybrid,14,10,8,1,1,6,34600.0
India,35-44 years old,High school/GED,Front-end developer,"10,000 or more",Hybrid,11,9,3,1,0,9,24700.0
Canada,55-64 years old,Bachelor's degree,Data/business analyst,500-999,Fully remote,30,29,7,1,0,5,105300.0
United States,35-44 years old,Bachelor's degree,DevOps/SRE/platform engineer,"5,000-9,999",In-person,7,7,3,1,1,6,239200.0
United States,55-64 years old,"Other doctoral degree (Ph.D, Ed.D, etc.)",Full-stack developer,"5,000-9,999",Hybrid,31,27,4,1,1,7,278900.0
Netherlands,35-44 years old,Bachelor's degree,Data scientist/ML engineer,10-19,Hybrid,15,13,1,1,1,8,177900.0
Germany,25-34 years old,Master's degree,Full-stack developer,"1,000-4,999",Fully remote,5,4,2,1,1,7,94100.0
Italy,18-24 years old,Bachelor's degree,Full-stack developer,"10,000 or more",Hybrid,1,0,4,0,1,2,53400.0
United Kingdom,35-44 years old,Some college,Full-stack developer,100-499,Fully remote,21,17,5,1,1,8,95200.0
Spain,35-44 years old,Bachelor's degree,Front-end developer,"1,000-4,999",Hybrid,14,12,6,1,1,8,
Italy,18-24 years old,Bachelor's degree,Full-stack developer,500-999,Hybrid,6,6,5,1,1,3,42400.0
India,25-34 years old,"Other doctoral degree (Ph.D, Ed.D, etc.)",Back-end developer,20-99,Fully remote,8,4,4,1,1,8,28600.0
Netherlands,55-64 years old,Master's degree,Full-stack developer,20-99,Hybrid,26,25,5,0,1,7,126100.0
United States,25-34 years old,"Other doctoral degree (Ph.D, Ed.D, etc.)",Back-end developer,100-499,Hybrid,7,6,2,1,1,1,
France,25-34 years old,Master's degree,Data/business analyst,100-499,Fully remote,5,4,7,1,1,8,105500.0
Poland,25-34 years old,Bachelor's degree,Security professional,100-499,Hybrid,5,1,4,0,1,7,55900.0
Germany,25-34 years old,Master's degree,Desktop/embedded developer,"10,000 or more",Hybrid,12,9,4,1,0,3,125700.0
United States,25-34 years old,Bachelor's degree,Front-end developer,2-9 employees,Fully remote,6,3,5,1,1,4,159000.0
Canada,25-34 years old,Master's degree,Desktop/embedded developer,100-499,Fully remote,3,0,5,1,1,8,114200.0
Russia,18-24 years old,Bachelor's degree,Data scientist/ML engineer,100-499,Hybrid,7,5,1,1,0,10,50400.0
Ukraine,35-44 years old,Bachelor's degree,Data scientist/ML engineer,"10,000 or more",Hybrid,14,10,1,1,1,4,52500.0
Poland,25-34 years old,Bachelor's degree,Full-stack developer,100-499,Fully remote,4,3,1,1,1,6,45100.0
India,45-54 years old,High school/GED,Back-end developer,"5,000-9,999",Hybrid,17,15,5,0,0,6,
Spain,45-54 years old,Bachelor's degree,Back-end developer,"1,000-4,999",In-person,28,25,1,1,1,7,135800.0
Russia,25-34 years old,Master's degree,Back-end developer,500-999,Hybrid,1,1,6,0,1,4,59800.0
India,35-44 years old,Bachelor's degree,Back-end developer,10-19,In-person,14,12,5,0,1,7,41200.0
United States,25-34 years old,Bachelor's degree,Data scientist/ML engineer,20-99,Fully remote,10,8,6,1,1,9,179800.0
Spain,45-54 years old,Associate's degree,Data scientist/ML engineer,20-99,In-person,25,21,7,0,1,8,84000.0
Russia,25-34 years old,Master's degree,Full-stack developer,2-9 employees,In-person,7,5,6,0,1,4,32600.0
United States,35-44 years old,Bachelor's degree,Full-stack developer,100-499,Fully remote,11,7,6,1,1,8,127000.0
Sweden,35-44 years old,"Other doctoral degree (Ph.D, Ed.D, etc.)",Front-end developer,500-999,Fully remote,10,10,8,1,0,7,159400.0
United Kingdom,25-34 years old,"Other doctoral degree (Ph.D, Ed.D, etc.)",Full-stack developer,10-19,Hybrid,7,6,7,1,1,3,79200.0
Italy,18-24 years old,"Professional degree (JD, MD, etc.)",Full-stack developer,10-19,In-person,1,0,8,0,1,6,50200.0
Germany,35-44 years old,High school/GED,DevOps/SRE/platform engineer,"1,000-4,999",Fully remote,16,13,2,1,1,5,67700.0
United Kingdom,35-44 years old,Bachelor's degree,Back-end developer,10-19,Fully remote,17,14,4,1,1,9,90200.0
India,25-34 years old,"Other doctoral degree (Ph.D, Ed.D, etc.)",DevOps/SRE/platform engineer,10-19,Hybrid,8,8,4,1,1,5,59800.0
Russia,35-44 years old,Master's degree,DevOps/SRE/platform engineer,"10,000 or more",Hybrid,9,8,2,1,1,7,58300.0
Germany,25-34 years old,"Professional degree (JD, MD, etc.)",Mobile developer,Just me,In-person,15,12,3,1,1,8,160600.0
Australia,35-44 years old,Bachelor's degree,Full-stack developer,20-99,Hybrid,16,14,4,1,0,2,151500.0
United States,25-34 years old,Bachelor's degree,Full-stack developer,2-9 employees,Hybrid,9,5,3,1,1,4,193700.0
Netherlands,45-54 years old,Some college,Full-stack developer,"10,000 or more",Fully remote,26,23,2,1,1,8,
Germany,25-34 years old,Master's degree,Full-stack developer,500-999,Hybrid,12,12,3,1,0,6,
United States,25-34 years old,Master's degree,Back-end developer,2-9 employees,Hybrid,2,1,1,0,0,8,202100.0
United States,18-24 years old,High school/GED,Data scientist/ML engineer,500-999,In-person,1,1,4,1,0,8,184600.0
United States,18-24 years old,Associate's degree,Data/business analyst,10-19,In-person,4,0,3,1,0,8,106900.0
Poland,25-34 years old,Bachelor's degree,DevOps/SRE/platform engineer,100-499,In-person,10,6,5,1,1,7,
Germany,25-34 years old,Master's degree,Back-end developer,"1,000-4,999",Hybrid,6,6,4,1,1,7,88300.0
United States,45-54 years old,Some college,Front-end developer,10-19,In-person,23,20,2,1,0,6,149700.0
India,18-24 years old,Bachelor's degree,Full-stack developer,100-499,Fully remote,3,0,3,1,1,4,21400.0
Germany,25-34 years old,Associate's degree,Back-end developer,100-499,Fully remote,1,0,2,1,0,10,82200.0
United States,25-34 years old,Associate's degree,DevOps/SRE/platform engineer,"10,000 or more",Hybrid,7,6,6,1,1,8,
Germany,18-24 years old,"Professional degree (JD, MD, etc.)",Full-stack developer,"10,000 or more",Fully remote,8,6,4,1,1,4,130300.0
France,18-24 years old,Master's degree,Front-end developer,"1,000-4,999",In-person,2,0,7,1,0,9,58800.0
United Kingdom,25-34 years old,Master's degree,DevOps/SRE/platform engineer,"10,000 or more",Fully remote,7,6,8,1,1,9,100800.0
Canada,25-34 years old,Master's degree,Full-stack developer,"1,000-4,999",Fully remote,2,0,4,1,0,8,
India,25-34 years old,Bachelor's degree,Engineer (other),"10,000 or more",Hybrid,6,6,5,1,1,3,
United States,25-34 years old,Master's degree,Full-stack developer,100-499,Fully remote,7,4,2,1,0,1,128200.0
Australia,35-44 years old,"Other doctoral degree (Ph.D, Ed.D, etc.)",DevOps/SRE/platform engineer,500-999,Hybrid,12,10,8,0,0,8,114700.0
Russia,18-24 years old,Master's degree,Back-end developer,"10,000 or more",In-person,2,0,3,1,1,4,28000.0
United Kingdom,25-34 years old,Bachelor's degree,Full-stack developer,"10,000 or more",Hybrid,4,4,4,1,1,9,96300.0
India,55-64 years old,Master's degree,Full-stack developer,Just me,Fully remote,33,29,8,0,1,8,26600.0
United Kingdom,25-34 years old,"Professional degree (JD, MD, etc.)",Desktop/embedded developer,2-9 employees,Hybrid,2,1,6,1,1,6,47800.0
Spain,35-44 years old,Some college,DevOps/SRE/platform engineer,"10,000 or more",Hybrid,11,11,2,1,0,7,
Brazil,25-34 years old,Bachelor's degree,Front-end developer,500-999,In-person,9,5,2,1,0,7,41200.0
Spain,35-44 years old,"Professional degree (JD, MD, etc.)",Mobile developer,"10,000 or more",In-person,9,9,6,0,1,6,73600.0
India,35-44 years old,"Other doctoral degree (Ph.D, Ed.D, etc.)",DevOps/SRE/platform engineer,"5,000-9,999",Fully remote,20,17,5,1,1,4,56100.0
Brazil,25-34 years old,Bachelor's degree,Full-stack developer,"5,000-9,999",Hybrid,2,2,7,1,1,10,45700.0
France,55-64 years old,Bachelor's degree,Desktop/embedded developer,100-499,In-person,26,26,2,1,1,8,128200.0
United Kingdom,18-24 years old,Bachelor's degree,Back-end developer,20-99,Hybrid,3,0,2,0,0,4,59500.0
United Kingdom,18-24 years old,Bachelor's degree,Back-end developer,500-999,In-person,8,7,3,1,1,2,97000.0
United Kingdom,35-44 years old,"Other doctoral degree (Ph.D, Ed.D, etc.)",Full-stack developer,"10,000 or more",Hybrid,18,14,5,1,1,6,
Spain,35-44 years old,Some college,Full-stack developer,"1,000-4,999",Fully remote,11,9,5,1,0,7,74500.0
Ukraine,18-24 years old,Bachelor's degree,Front-end developer,100-499,Hybrid,6,5,3,1,1,10,45700.0
United States,25-34 years old,"Professional degree (JD, MD, etc.)",Full-stack developer,"5,000-9,999",In-person,6,6,1,1,0,4,164500.0
United Kingdom,18-24 years old,Bachelor's degree,Front-end developer,"1,000-4,999",In-person,4,2,5,1,0,6,78800.0
Ukraine,25-34 years old,Master's degree,Mobile developer,"10,000 or more",Hybrid,7,4,1,1,1,4,39200.0
United States,35-44 years old,Bachelor's degree,Full-stack developer,20-99,Fully remote,11,10,3,1,1,2,128000.0
India,25-34 years old,Master's degree,Data scientist/ML engineer,2-9 employees,Hybrid,10,6,1,0,1,7,35800.0
United States,25-34 years old,"Other doctoral degree (Ph.D, Ed.D, etc.)",Front-end developer,100-499,In-person,4,3,2,1,1,3,145900.0
United States,25-34 years old,Bachelor's degree,Full-stack developer,20-99,In-person,11,10,2,1,1,8,186800.0
Russia,18-24 years old,Master's degree,Data scientist/ML engineer,"10,000 or more",Hybrid,2,0,5,1,0,7,58500.0
Germany,25-34 years old,"Other doctoral degree (Ph.D, Ed.D, etc.)",Full-stack developer,Just me,Hybrid,13,10,3,1,1,5,
Brazil,35-44 years old,"Other doctoral degree (Ph.D, Ed.D, etc.)",Full-stack developer,"10,000 or more",In-person,15,12,4,1,0,8,
United States,55-64 years old,Bachelor's degree,Full-stack developer,"10,000 or more",Hybrid,30,29,8,1,1,8,186100.0
United States,45-54 years old,Bachelor's degree,Front-end developer,2-9 employees,Hybrid,25,22,2,0,1,7,152600.0
Russia,18-24 years old,Bachelor's degree,Back-end developer,"10,000 or more",Hybrid,2,0,6,1,1,5,36800.0
United Kingdom,45-54 years old,Bachelor's degree,Back-end developer,100-499,Fully remote,25,23,3,1,1,8,113700.0
United States,35-44 years old,Bachelor's degree,Full-stack developer,"5,000-9,999",Hybrid,8,4,5,0,0,7,
Italy,35-44 years old,Associate's degree,DevOps/SRE/platform engineer,2-9 employees,Fully remote,13,10,8,1,1,7,
Germany,25-34 years old,Master's degree,DevOps/SRE/platform engineer,"10,000 or more",Hybrid,6,2,3,1,1,3,61100.0
Germany,25-34 years old,Bachelor's degree,Front-end developer,500-999,In-person,1,1,7,1,1,4,
Canada,25-34 years old,Master's degree,Full-stack developer,"10,000 or more",Fully remote,6,4,5,1,0,2,83500.0
United States,18-24 years old,Master's degree,Full-stack developer,"1,000-4,999",Hybrid,4,3,5,1,1,5,205700.0
United Kingdom,25-34 years old,Bachelor's degree,DevOps/SRE/platform engineer,100-499,Fully remote,9,7,7,1,1,7,126000.0
Canada,25-34 years old,Bachelor's degree,Full-stack developer,10-19,Hybrid,6,6,5,1,0,6,99400.0
India,25-34 years old,Master's degree,Full-stack developer,10-19,Hybrid,4,3,6,1,1,8,
Brazil,35-44 years old,Associate's degree,Back-end developer,100-499,Fully remote,16,13,3,0,0,6,40700.0
India,25-34 years old,High school/GED,Data scientist/ML engineer,"10,000 or more",In-person,8,5,3,1,1,3,25900.0
Brazil,18-24 years old,Master's degree,Back-end developer,2-9 employees,Hybrid,6,4,3,1,0,8,45600.0
United States,55-64 years old,Some college,Full-stack developer,"10,000 or more",Fully remote,31,30,2,1,1,4,136600.0
Russia,55-64 years old,Master's degree,Desktop/embedded developer,"10,000 or more",Hybrid,29,28,10,1,1,6,87900.0
Spain,35-44 years old,"Professional degree (JD, MD, etc.)",Front-end developer,100-499,Fully remote,13,9,4,1,1,7,109400.0
United States,65 years or older,Bachelor's degree,Desktop/embedded developer,20-99,Hybrid,33,33,3,1,1,7,262000.0
Ukraine,25-34 years old,Master's degree,Full-stack developer,"10,000 or more",Hybrid,6,3,3,1,1,5,30600.0
United Kingdom,55-64 years old,Bachelor's degree,Data scientist/ML engineer,10-19,Hybrid,29,27,4,1,1,7,132600.0
Brazil,18-24 years old,Master's degree,Back-end developer,20-99,Hybrid,3,2,6,1,1,2,68500.0
Australia,25-34 years old,Master's degree,Front-end developer,2-9 employees,In-person,10,7,3,0,1,4,79300.0
United States,25-34 years old,High school/GED,Front-end developer,"10,000 or more",Hybrid,7,5,3,1,1,7,115400.0
United States,25-34 years old,Bachelor's degree,Full-stack developer,500-999,In-person,8,5,3,1,0,1,116400.0
India,25-34 years old,Master's degree,Full-stack developer,20-99,In-person,7,5,4,1,1,4,34500.0
Germany,35-44 years old,Less than high school,Full-stack developer,20-99,In-person,13,10,2,1,1,7,121700.0
India,35-44 years old,"Other doctoral degree (Ph.D, Ed.D, etc.)",Back-end developer,100-499,Hybrid,13,9,2,1,1,5,48300.0
Germany,35-44 years old,Bachelor's degree,Back-end developer,2-9 employees,Hybrid,7,7,6,1,1,9,99700.0
United States,25-34 years old,Bachelor's degree,Data scientist/ML engineer,"10,000 or more",Hybrid,6,3,4,1,1,6,161700.0
France,35-44 years old,Associate's degree,Full-stack developer,100-499,Hybrid,13,13,1,1,0,8,45200.0
United States,35-44 years old,Bachelor's degree,Mobile developer,"1,000-4,999",In-person,13,10,7,1,1,9,144600.0
India,25-34 years old,Master's degree,Full-stack developer,20-99,Hybrid,5,4,3,1,1,6,30100.0
United States,35-44 years old,Bachelor's degree,Back-end developer,100-499,In-person,17,13,2,1,1,8,161500.0
Brazil,25-34 years old,Master's degree,Full-stack developer,20-99,Hybrid,11,7,4,1,1,9,42400.0
Russia,25-34 years old,Master's degree,Front-end developer,"5,000-9,999",In-person,2,2,4,0,0,5,38500.0
United States,45-54 years old,Bachelor's degree,Desktop/embedded developer,"5,000-9,999",Hybrid,24,23,5,1,1,9,170600.0
Netherlands,25-34 years old,Bachelor's degree,Mobile developer,10-19,Hybrid,10,8,4,1,0,9,97600.0
Russia,25-34 years old,Some college,Back-end developer,2-9 employees,Hybrid,6,2,3,1,0,2,34900.0
Sweden,45-54 years old,High school/GED,Full-stack developer,"10,000 or more",In-person,19,18,7,0,0,7,104300.0
Canada,35-44 years old,High school/GED,Data scientist/ML engineer,2-9 employees,Hybrid,17,16,2,1,1,3,98800.0
India,18-24 years old,"Other doctoral degree (Ph.D, Ed.D, etc.)",Desktop/embedded developer,100-499,Hybrid,1,1,8,1,1,9,24900.0
India,25-34 years old,"Other doctoral degree (Ph.D, Ed.D, etc.)",Mobile developer,100-499,Fully remote,1,0,5,1,1,5,32700.0
India,18-24 years old,Some college,Full-stack developer,20-99,In-person,1,0,8,1,1,6,15800.0
Canada,35-44 years old,Bachelor's degree,Desktop/embedded developer,500-999,Fully remote,13,11,6,1,1,10,93200.0
Germany,25-34 years old,Some college,Full-stack developer,100-499,Hybrid,2,2,9,1,1,7,81000.0
France,18-24 years old,Master's degree,Back-end developer,100-499,In-person,0,0,4,1,1,10,72700.0
United States,55-64 years old,Bachelor's degree,Full-stack developer,20-99,In-person,29,28,7,1,1,7,
United States,25-34 years old,Bachelor's degree,Front-end developer,"10,000 or more",In-person,11,9,4,1,1,10,140300.0
Italy,25-34 years old,Bachelor's degree,Front-end developer,2-9 employees,Hybrid,7,4,1,1,1,10,67900.0
Italy,25-34 years old,Master's degree,Full-stack developer,100-499,In-person,12,8,3,1,1,1,75100.0
Poland,35-44 years old,Bachelor's degree,Back-end developer,20-99,Hybrid,16,16,4,0,1,6,79500.0
India,18-24 years old,Some college,Back-end developer,"10,000 or more",In-person,8,6,6,1,0,10,39800.0
Sweden,25-34 years old,High school/GED,Full-stack developer,20-99,Hybrid,8,6,1,1,1,9,69200.0
United States,35-44 years old,Bachelor's degree,Full-stack developer,"5,000-9,999",Fully remote,7,6,8,1,0,5,148600.0
Brazil,25-34 years old,"Professional degree (JD, MD, etc.)",Back-end developer,500-999,Hybrid,10,6,3,1,1,9,
United States,25-34 years old,Bachelor's degree,Data scientist/ML engineer,"10,000 or more",Hybrid,8,8,3,1,1,4,195800.0
France,25-34 years old,Associate's degree,Back-end developer,500-999,In-person,8,5,3,1,1,10,70600.0
Poland,18-24 years old,"Professional degree (JD, MD, etc.)",Back-end developer,500-999,In-person,8,7,3,1,1,3,70700.0
Spain,25-34 years old,Some college,Data/business analyst,"5,000-9,999",Hybrid,8,8,5,0,1,10,69500.0
Brazil,25-34 years old,High school/GED,Full-stack developer,500-999,Fully remote,7,7,2,0,1,3,33000.0
Ukraine,25-34 years old,Master's degree,Data scientist/ML engineer,"10,000 or more",In-person,10,8,5,1,1,5,
United Kingdom,18-24 years old,Master's degree,Back-end developer,2-9 employees,Hybrid,7,3,2,1,1,7,71700.0
France,45-54 years old,Bachelor's degree,Data/business analyst,100-499,Fully remote,16,13,4,1,0,4,133300.0
India,65 years or older,Master's degree,Back-end developer,"5,000-9,999",Fully remote,38,34,5,1,1,6,42200.0
United States,35-44 years old,Master's degree,Desktop/embedded developer,"10,000 or more",Fully remote,18,16,3,1,1,4,247600.0
Poland,45-54 years old,High school/GED,Full-stack developer,"10,000 or more",Fully remote,21,18,3,1,1,7,44400.0
Spain,25-34 years old,Master's degree,Mobile developer,500-999,In-person,7,4,4,1,0,7,70600.0
United States,55-64 years old,Master's degree,Back-end developer,"10,000 or more",Fully remote,26,25,5,1,1,5,255900.0
United States,25-34 years old,"Other doctoral degree (Ph.D, Ed.D, etc.)",Front-end developer,10-19,Fully remote,13,10,6,0,0,5,179200.0
United States,55-64 years old,"Other doctoral degree (Ph.D, Ed.D, etc.)",Full-stack developer,10-19,Hybrid,33,33,4,1,1,8,227600.0
Russia,65 years or older,Bachelor's degree,Data/business analyst,2-9 employees,In-person,36,32,3,1,1,3,
India,35-44 years old,Bachelor's degree,Desktop/embedded developer,"10,000 or more",Hybrid,16,12,3,0,1,7,24300.0
United States,65 years or older,Some college,Full-stack developer,20-99,In-person,34,33,5,0,1,5,110800.0
United States,35-44 years old,High school/GED,Full-stack developer,"5,000-9,999",Hybrid,17,14,7,1,1,6,149600.0
India,25-34 years old,Bachelor's degree,Back-end developer,2-9 employees,Fully remote,9,7,6,0,1,9,35900.0
Brazil,25-34 years old,Master's degree,Full-stack developer,20-99,Hybrid,7,7,3,1,1,10,
Sweden,35-44 years old,Bachelor's degree,Back-end developer,"1,000-4,999",Fully remote,14,13,7,1,1,4,81700.0
India,18-24 years old,Bachelor's degree,Security professional,100-499,Hybrid,13,10,2,1,1,2,27400.0
United States,35-44 years old,Master's degree,Front-end developer,20-99,Hybrid,11,9,5,1,1,4,161700.0
Russia,65 years or older,Master's degree,Mobile developer,100-499,Fully remote,33,30,7,0,0,9,
Spain,25-34 years old,Master's degree,Back-end developer,2-9 employees,Hybrid,5,4,2,1,1,9,
India,35-44 years old,High school/GED,Data scientist/ML engineer,100-499,Fully remote,9,7,4,1,1,5,
United States,45-54 years old,Master's degree,Back-end developer,2-9 employees,Hybrid,18,16,4,1,1,6,214400.0
Italy,55-64 years old,"Professional degree (JD, MD, etc.)",Back-end developer,"1,000-4,999",Hybrid,27,25,4,1,1,8,93900.0
France,55-64 years old,High school/GED,Back-end developer,10-19,Fully remote,27,25,8,1,0,6,104300.0
Ukraine,25-34 years old,Bachelor's degree,Back-end developer,100-499,Hybrid,5,2,2,1,1,9,40800.0
India,55-64 years old,"Other doctoral degree (Ph.D, Ed.D, etc.)",Engineer (other),10-19,Hybrid,32,30,4,0,1,9,33200.0
France,35-44 years old,Bachelor's degree,Back-end developer,100-499,Hybrid,13,10,4,1,0,6,100000.0
France,25-34 years old,Bachelor's degree,DevOps/SRE/platform engineer,20-99,Fully remote,6,4,8,1,1,10,72900.0
Spain,25-34 years old,Some college,Desktop/embedded developer,"5,000-9,999",Fully remote,10,8,6,1,0,8,76300.0
Italy,35-44 years old,Bachelor's degree,Back-end developer,"1,000-4,999",Hybrid,11,10,5,0,1,8,51800.0
United States,25-34 years old,Bachelor's degree,Back-end developer,"10,000 or more",In-person,7,4,3,1,0,10,128200.0
Canada,35-44 years old,Some college,Back-end developer,"10,000 or more",Hybrid,16,13,4,1,1,6,141100.0
India,35-44 years old,Bachelor's degree,Full-stack developer,"1,000-4,999",Fully remote,10,6,4,1,1,2,24500.0
Australia,25-34 years old,Some college,Data scientist/ML engineer,"5,000-9,999",In-person,1,0,5,1,1,10,69900.0
Poland,35-44 years old,Master's degree,Mobile developer,"1,000-4,999",Hybrid,16,13,5,1,1,10,
Russia,35-44 years old,"Other doctoral degree (Ph.D, Ed.D, etc.)",Full-stack developer,"1,000-4,999",In-person,14,13,6,0,1,10,44300.0
India,25-34 years old,Bachelor's degree,Mobile developer,500-999,Fully remote,12,11,6,1,1,7,51600.0
United States,18-24 years old,Master's degree,Full-stack developer,20-99,Hybrid,3,2,3,1,1,4,125600.0
United States,18-24 years old,Bachelor's degree,Front-end developer,20-99,Hybrid,4,4,1,1,1,4,132700.0
India,25-34 years old,Some college,Back-end developer,500-999,In-person,7,4,1,0,1,7,41000.0
India,45-54 years old,"Other doctoral degree (Ph.D, Ed.D, etc.)",Full-stack developer,"1,000-4,999",Hybrid,22,21,10,1,1,8,28400.0
Ukraine,25-34 years old,Some college,Full-stack developer,100-499,Hybrid,10,10,7,0,1,7,
Germany,35-44 years old,Some college,Back-end developer,10-19,Hybrid,6,6,3,1,0,6,92800.0
United Kingdom,25-34 years old,Bachelor's degree,Full-stack developer,100-499,Hybrid,8,6,1,1,1,10,138600.0
Russia,25-34 years old,Master's degree,Full-stack developer,"10,000 or more",Hybrid,13,11,5,1,1,8,
Russia,45-54 years old,Bachelor's degree,Full-stack developer,20-99,Fully remote,24,21,4,1,1,6,34900.0
United Kingdom,35-44 years old,Associate's degree,Full-stack developer,"1,000-4,999",Hybrid,19,17,3,1,1,8,
United States,18-24 years old,Master's degree,Full-stack developer,"10,000 or more",In-person,3,0,2,1,0,8,211300.0
India,25-34 years old,Bachelor's degree,Front-end developer,100-499,Fully remote,5,5,3,1,1,6,24500.0
Germany,18-24 years old,Associate's degree,DevOps/SRE/platform engineer,"10,000 or more",Hybrid,2,2,5,1,1,7,107200.0
Poland,25-34 years old,Bachelor's degree,Full-stack developer,"10,000 or more",In-person,3,0,7,1,1,8,56600.0
Brazil,35-44 years old,Associate's degree,Full-stack developer,20-99,In-person,10,8,3,0,1,8,49400.0
France,18-24 years old,Bachelor's degree,Data scientist/ML engineer,2-9 employees,Hybrid,2,0,5,1,1,4,
Russia,25-34 years old,Master's degree,Full-stack developer,10-19,In-person,10,7,2,1,1,7,59300.0
Netherlands,25-34 years old,Master's degree,Data scientist/ML engineer,20-99,Fully remote,12,8,4,0,0,5,115400.0
Italy,45-54 years old,Associate's degree,Full-stack developer,"10,000 or more",Hybrid,23,21,3,0,0,9,60300.0
Russia,65 years or older,Some college,Full-stack developer,20-99,Fully remote,38,37,6,1,1,7,39800.0
United States,18-24 years old,High school/GED,Full-stack developer,"10,000 or more",Fully remote,3,1,5,1,1,8,113000.0
United States,35-44 years old,Associate's degree,Full-stack developer,10-19,Hybrid,20,16,3,1,1,2,190200.0
India,25-34 years old,High school/GED,Data scientist/ML engineer,"10,000 or more",Hybrid,5,5,5,0,1,6,28700.0
Canada,25-34 years old,Bachelor's degree,Full-stack developer,20-99,Hybrid,5,5,3,1,1,4,133700.0
France,35-44 years old,Some college,Security professional,"1,000-4,999",Fully remote,11,11,4,1,0,6,75500.0
India,45-54 years old,Bachelor's degree,Back-end developer,2-9 employees,Hybrid,24,22,5,0,1,8,53500.0
Spain,55-64 years old,Bachelor's degree,Mobile developer,20-99,In-person,27,27,3,1,1,10,126200.0
India,35-44 years old,Some college,Full-stack developer,20-99,Hybrid,19,15,1,1,1,9,36800.0
Ukraine,25-34 years old,Bachelor's degree,Full-stack developer,Just me,Hybrid,6,2,5,1,1,3,29100.0
Germany,35-44 years old,Associate's degree,Front-end developer,10-19,In-person,11,9,6,1,1,5,100300.0
United States,25-34 years old,Master's degree,Full-stack developer,500-999,Hybrid,8,7,5,0,1,8,
United States,35-44 years old,Bachelor's degree,Data scientist/ML engineer,100-499,In-person,14,12,4,1,0,4,266300.0
United States,25-34 years old,Some college,Back-end developer,"1,000-4,999",Fully remote,4,4,4,0,1,2,81700.0
United States,35-44 years old,Bachelor's degree,Desktop/embedded developer,"1,000-4,999",In-person,17,15,3,1,0,10,128000.0
Brazil,25-34 years old,Associate's degree,Full-stack developer,"5,000-9,999",Hybrid,7,3,5,1,1,6,41300.0
United States,25-34 years old,Master's degree,Front-end developer,"10,000 or more",Hybrid,6,4,6,1,0,6,126200.0
Australia,45-54 years old,"Other doctoral degree (Ph.D, Ed.D, etc.)",Front-end developer,"5,000-9,999",Fully remote,26,24,2,1,0,5,123700.0
India,18-24 years old,High school/GED,Data scientist/ML engineer,100-499,Hybrid,7,6,3,1,1,6,28800.0
United States,25-34 years old,Master's degree,Full-stack developer,20-99,Hybrid,14,10,5,1,1,10,99400.0
Australia,25-34 years old,Bachelor's degree,Mobile developer,100-499,Hybrid,7,4,3,1,1,4,134200.0
Germany,18-24 years old,High school/GED,Data/business analyst,100-499,In-person,8,5,4,1,1,7,68200.0
Canada,18-24 years old,High school/GED,DevOps/SRE/platform engineer,20-99,Hybrid,4,0,6,1,1,8,75700.0
India,25-34 years old,Master's degree,Front-end developer,100-499,Hybrid,5,2,3,1,1,5,23900.0
United States,45-54 years old,Bachelor's degree,Back-end developer,2-9 employees,Hybrid,13,13,7,1,1,8,256200.0
India,25-34 years old,"Other doctoral degree (Ph.D, Ed.D, etc.)",Full-stack developer,20-99,Hybrid,13,10,7,1,0,8,26600.0
United Kingdom,55-64 years old,Bachelor's degree,Data/business analyst,"1,000-4,999",In-person,25,25,2,1,0,10,61200.0
United States,35-44 years old,Some college,Data/business analyst,10-19,In-person,16,12,4,1,1,7,114100.0
United Kingdom,25-34 years old,Master's degree,Full-stack developer,10-19,Fully remote,5,2,1,1,1,6,86000.0
Russia,35-44 years old,"Professional degree (JD, MD, etc.)",Back-end developer,20-99,Hybrid,17,14,4,1,1,6,53800.0
United States,25-34 years old,Master's degree,DevOps/SRE/platform engineer,100-499,Fully remote,4,4,1,1,1,6,140100.0
Ukraine,35-44 years old,Master's degree,Full-stack developer,20-99,Hybrid,8,8,1,1,1,2,
United States,25-34 years old,Bachelor's degree,Full-stack developer,100-499,Hybrid,8,6,5,0,1,5,157000.0
Australia,25-34 years old,High school/GED,Engineer (other),10-19,In-person,2,1,4,1,1,3,52400.0
Australia,45-54 years old,Associate's degree,DevOps/SRE/platform engineer,10-19,In-person,20,17,5,1,1,9,117600.0
India,55-64 years old,Bachelor's degree,Mobile developer,20-99,In-person,23,22,4,1,0,2,42000.0
Sweden,45-54 years old,"Other doctoral degree (Ph.D, Ed.D, etc.)",Full-stack developer,100-499,Fully remote,17,16,3,1,1,6,113400.0
India,25-34 years old,Master's degree,Full-stack developer,20-99,Fully remote,9,6,4,1,1,5,56200.0
United States,35-44 years old,Master's degree,Front-end developer,"5,000-9,999",Hybrid,6,6,6,1,1,8,179100.0
Canada,25-34 years old,Bachelor's degree,Back-end developer,100-499,In-person,3,1,7,0,0,6,93900.0
Italy,25-34 years old,Master's degree,Full-stack developer,500-999,Hybrid,9,5,7,1,1,1,62300.0
Russia,25-34 years old,Master's degree,DevOps/SRE/platform engineer,500-999,Hybrid,6,3,9,1,1,9,
India,35-44 years old,Bachelor's degree,Mobile developer,100-499,Hybrid,21,18,5,1,1,8,69600.0
United Kingdom,25-34 years old,Bachelor's degree,Full-stack developer,"10,000 or more",Hybrid,15,11,5,1,1,1,87300.0
United States,25-34 years old,Master's degree,Full-stack developer,2-9 employees,Fully remote,3,2,6,1,1,8,121400.0
Germany,45-54 years old,Bachelor's degree,Full-stack developer,20-99,Fully remote,24,22,1,0,1,5,136300.0
United Kingdom,25-34 years old,"Other doctoral degree (Ph.D, Ed.D, etc.)",Back-end developer,20-99,In-person,8,7,3,1,1,10,86700.0
India,18-24 years old,Bachelor's degree,Full-stack developer,"10,000 or more",Hybrid,4,0,4,1,1,6,32000.0
Germany,18-24 years old,Some college,Back-end developer,"10,000 or more",In-person,4,0,4,1,1,5,82700.0
Ukraine,55-64 years old,Bachelor's degree,Back-end developer,"10,000 or more",In-person,30,28,5,0,1,2,35700.0
Germany,25-34 years old,Bachelor's degree,DevOps/SRE/platform engineer,100-499,Fully remote,8,4,3,1,0,2,127700.0
Australia,25-34 years old,Bachelor's degree,Full-stack developer,"10,000 or more",Hybrid,8,4,1,1,1,2,119200.0
India,35-44 years old,Some college,Front-end developer,2-9 employees,In-person,15,13,1,1,1,2,31100.0
Sweden,45-54 years old,"Other doctoral degree (Ph.D, Ed.D, etc.)",Data scientist/ML engineer,"1,000-4,999",Hybrid,21,18,3,1,1,7,138100.0
United States,25-34 years old,Master's degree,Front-end developer,"10,000 or more",Hybrid,3,2,3,1,1,9,85600.0
Canada,35-44 years old,Some college,Data/business analyst,"5,000-9,999",Hybrid,15,12,2,1,1,6,89500.0
Netherlands,35-44 years old,Some college,Front-end developer,20-99,Hybrid,16,13,1,1,1,6,71700.0
Australia,35-44 years old,Bachelor's degree,Mobile developer,"1,000-4,999",In-person,9,8,9,1,1,3,127700.0
United States,25-34 years old,Master's degree,Full-stack developer,20-99,Hybrid,11,8,3,1,1,1,212300.0
India,45-54 years old,Associate's degree,Front-end developer,2-9 employees,In-person,17,15,3,1,1,10,46200.0
Canada,25-34 years old,High school/GED,Front-end developer,"1,000-4,999",Hybrid,4,3,5,1,1,7,88100.0
India,25-34 years old,Bachelor's degree,Engineer (other),10-19,In-person,4,4,3,1,0,8,48600.0
France,25-34 years old,Master's degree,Full-stack developer,2-9 employees,In-person,6,3,7,1,1,9,70300.0
India,18-24 years old,Bachelor's degree,Full-stack developer,500-999,Hybrid,4,0,7,0,0,3,23700.0
India,18-24 years old,Master's degree,Front-end developer,"1,000-4,999",In-person,8,7,7,1,1,5,35500.0
United States,35-44 years old,"Other doctoral degree (Ph.D, Ed.D, etc.)",Full-stack developer,2-9 employees,Hybrid,9,9,3,1,1,7,165500.0
United States,18-24 years old,Some college,Front-end developer,Just me,Fully remote,13,9,4,1,1,5,115100.0
Australia,25-34 years old,Bachelor's degree,Engineer (other),"10,000 or more",Hybrid,6,6,7,1,1,2,128900.0
Germany,25-34 years old,High school/GED,Data/business analyst,2-9 employees,Hybrid,8,5,2,1,1,9,55100.0
United Kingdom,18-24 years old,Associate's degree,Full-stack developer,500-999,Hybrid,7,3,3,0,0,5,92700.0
India,55-64 years old,High school/GED,Full-stack developer,"10,000 or more",In-person,39,36,5,0,0,3,38100.0
United States,25-34 years old,Bachelor's degree,Front-end developer,100-499,Hybrid,6,2,2,0,1,6,88800.0
Germany,25-34 years old,Master's degree,Front-end developer,10-19,Fully remote,3,2,5,1,1,9,96500.0
United States,25-34 years old,Bachelor's degree,Desktop/embedded developer,100-499,In-person,5,3,9,1,1,4,89400.0
Australia,25-34 years old,Associate's degree,Data scientist/ML engineer,"1,000-4,999",Fully remote,7,5,2,1,1,6,105800.0
Italy,18-24 years old,High school/GED,Front-end developer,"5,000-9,999",Fully remote,0,0,5,1,1,4,43900.0
Russia,35-44 years old,Bachelor's degree,Full-stack developer,500-999,Fully remote,16,12,3,1,0,9,45800.0
United Kingdom,55-64 years old,Some college,Data scientist/ML engineer,2-9 employees,In-person,36,33,11,0,0,7,131300.0
Canada,25-34 years old,Bachelor's degree,Full-stack developer,10-19,Hybrid,6,5,4,1,1,7,79000.0
Ukraine,35-44 years old,Bachelor's degree,Full-stack developer,100-499,Hybrid,12,11,4,1,0,8,28100.0
United Kingdom,35-44 years old,"Professional degree (JD, MD, etc.)",Data scientist/ML engineer,"1,000-4,999",In-person,11,10,3,1,0,10,117800.0
France,45-54 years old,High school/GED,Front-end developer,500-999,Hybrid,25,23,3,0,1,3,63000.0
Canada,25-34 years old,Master's degree,Desktop/embedded developer,2-9 employees,Fully remote,6,3,2,1,0,9,86600.0
Brazil,25-34 years old,High school/GED,Back-end developer,"5,000-9,999",Fully remote,12,11,2,0,1,7,40000.0
France,25-34 years old,Bachelor's degree,Full-stack developer,500-999,In-person,12,11,5,0,1,8,87700.0
France,35-44 years old,Bachelor's degree,Back-end developer,"10,000 or more",Hybrid,13,13,1,1,0,9,92800.0
Brazil,35-44 years old,Master's degree,Front-end developer,100-499,In-person,16,12,5,1,0,6,
Australia,25-34 years old,Bachelor's degree,Full-stack developer,100-499,In-person,12,8,5,1,1,9,137100.0
India,25-34 years old,Bachelor's degree,Desktop/embedded developer,100-499,Hybrid,12,8,3,1,1,8,37300.0
Poland,45-54 years old,Bachelor's degree,Data scientist/ML engineer,"1,000-4,999",Fully remote,18,18,4,1,1,5,71500.0
United States,35-44 years old,High school/GED,Back-end developer,"5,000-9,999",Hybrid,12,10,4,1,1,9,157300.0
Spain,65 years or older,Bachelor's degree,DevOps/SRE/platform engineer,"1,000-4,999",Fully remote,31,31,6,1,0,2,135100.0
India,35-44 years old,Master's degree,DevOps/SRE/platform engineer,20-99,Hybrid,14,13,3,1,1,7,55400.0
India,25-34 years old,Bachelor's degree,DevOps/SRE/platform engineer,"1,000-4,999",Hybrid,10,7,7,0,0,1,30300.0
Netherlands,35-44 years old,Master's degree,Desktop/embedded developer,20-99,Fully remote,9,8,8,1,1,3,
Canada,35-44 years old,Bachelor's degree,Back-end developer,"10,000 or more",Fully remote,12,11,3,1,1,3,130600.0
India,18-24 years old,Bachelor's degree,Back-end developer,2-9 employees,Fully remote,3,0,6,0,0,9,26900.0
United States,25-34 years old,Bachelor's degree,Data scientist/ML engineer,2-9 employees,Hybrid,6,2,2,1,0,7,243600.0
Sweden,35-44 years old,Some college,Full-stack developer,2-9 employees,Fully remote,14,14,5,0,0,5,144300.0
United States,25-34 years old,Bachelor's degree,Data scientist/ML engineer,20-99,Hybrid,5,3,8,1,0,6,129900.0
United States,35-44 years old,Master's degree,Front-end developer,2-9 employees,Fully remote,12,11,4,1,0,9,163900.0
France,35-44 years old,Bachelor's degree,Full-stack developer,2-9 employees,Fully remote,8,7,6,0,1,7,75900.0
Canada,55-64 years old,Master's degree,Front-end developer,20-99,In-person,31,29,5,0,1,2,
Poland,18-24 years old,Master's degree,Full-stack developer,2-9 employees,Fully remote,1,1,3,0,0,9,50600.0
Brazil,25-34 years old,Bachelor's degree,Full-stack developer,"5,000-9,999",In-person,4,3,3,1,0,7,48900.0
Spain,35-44 years old,Master's degree,DevOps/SRE/platform engineer,2-9 employees,Fully remote,13,11,4,0,1,4,90100.0
Ukraine,25-34 years old,Bachelor's degree,Back-end developer,"10,000 or more",Hybrid,7,6,2,1,1,8,42800.0
Netherlands,35-44 years old,Bachelor's degree,Front-end developer,"10,000 or more",Hybrid,14,10,6,0,1,7,116400.0
United States,35-44 years old,Associate's degree,Full-stack developer,20-99,In-person,12,8,5,1,1,4,187800.0
Germany,18-24 years old,Associate's degree,Front-end developer,2-9 employees,In-person,8,7,5,1,1,8,89300.0
France,25-34 years old,Master's degree,Full-stack developer,2-9 employees,Fully remote,4,3,3,1,1,8,95600.0
United Kingdom,25-34 years old,Master's degree,Data scientist/ML engineer,500-999,Hybrid,9,5,5,1,1,10,108600.0
United States,25-34 years old,Bachelor's degree,DevOps/SRE/platform engineer,500-999,Fully remote,9,8,5,1,0,5,176000.0
Canada,55-64 years old,High school/GED,DevOps/SRE/platform engineer,20-99,Hybrid,39,39,1,1,1,7,150400.0
Russia,45-54 years old,Bachelor's degree,Full-stack developer,20-99,Hybrid,16,16,4,1,0,6,35600.0
India,35-44 years old,Master's degree,Front-end developer,100-499,Hybrid,16,13,6,1,1,5,
France,35-44 years old,Bachelor's degree,Data scientist/ML engineer,20-99,In-person,10,10,6,1,1,7,86300.0
Canada,25-34 years old,Bachelor's degree,Full-stack developer,"10,000 or more",Hybrid,4,3,6,1,1,8,78500.0
India,45-54 years old,Master's degree,Full-stack developer,100-499,Hybrid,19,18,6,1,1,7,56300.0
United Kingdom,35-44 years old,Bachelor's degree,DevOps/SRE/platform engineer,20-99,Fully remote,11,9,1,0,1,3,83800.0
United States,35-44 years old,"Other doctoral degree (Ph.D, Ed.D, etc.)",Data scientist/ML engineer,10-19,Hybrid,12,12,7,1,1,10,212200.0
United Kingdom,45-54 years old,Bachelor's degree,Back-end developer,"1,000-4,999",In-person,20,16,6,0,1,8,87700.0
Netherlands,25-34 years old,"Other doctoral degree (Ph.D, Ed.D, etc.)",Full-stack developer,20-99,Fully remote,12,8,1,1,0,7,117700.0
Poland,35-44 years old,Associate's degree,Back-end developer,10-19,Hybrid,15,12,3,1,1,4,59300.0
India,25-34 years old,Some college,Back-end developer,20-99,Hybrid,8,6,4,0,0,4,25200.0
United States,25-34 years old,Master's degree,Back-end developer,20-99,Fully remote,8,4,3,1,0,5,200500.0
Netherlands,25-34 years old,Master's degree,Back-end developer,"1,000-4,999",Hybrid,7,4,1,0,1,10,87000.0
India,55-64 years old,Master's degree,Front-end developer,10-19,Hybrid,29,29,5,1,1,4,36200.0
United States,45-54 years old,Bachelor's degree,Data scientist/ML engineer,"1,000-4,999",Hybrid,19,17,2,1,1,8,140100.0
Germany,35-44 years old,"Other doctoral degree (Ph.D, Ed.D, etc.)",Data scientist/ML engineer,20-99,In-person,13,11,5,1,1,8,125100.0
Poland,35-44 years old,Some college,Front-end developer,100-499,Hybrid,10,9,2,1,1,3,37300.0
Australia,35-44 years old,High school/GED,Full-stack developer,"1,000-4,999",Hybrid,9,9,5,0,1,8,110600.0
Italy,55-64 years old,Bachelor's degree,Back-end developer,100-499,Hybrid,24,22,1,1,1,7,129700.0
United States,25-34 years old,Master's degree,Full-stack developer,"1,000-4,999",In-person,12,9,5,1,1,7,256600.0
India,25-34 years old,Master's degree,Back-end developer,20-99,In-person,7,3,4,1,1,1,45800.0
Canada,25-34 years old,Bachelor's degree,Engineer (other),"10,000 or more",Fully remote,8,8,4,1,1,9,81700.0
Australia,35-44 years old,Bachelor's degree,Front-end developer,100-499,Hybrid,15,15,6,1,1,7,111900.0
United States,35-44 years old,High school/GED,Full-stack developer,20-99,Hybrid,10,8,5,0,0,7,
India,25-34 years old,Bachelor's degree,Full-stack developer,20-99,Hybrid,4,2,7,1,1,6,22900.0
India,18-24 years old,Bachelor's degree,Full-stack developer,2-9 employees,Hybrid,11,9,8,1,1,8,32100.0
Netherlands,45-54 years old,Master's degree,Full-stack developer,"1,000-4,999",Hybrid,28,25,5,1,0,9,135800.0
United States,18-24 years old,Master's degree,Back-end developer,20-99,Fully remote,2,1,1,0,1,7,137400.0
Sweden,35-44 years old,"Other doctoral degree (Ph.D, Ed.D, etc.)",Back-end developer,"10,000 or more",Hybrid,15,13,2,1,1,7,132600.0
United Kingdom,55-64 years old,Some college,Full-stack developer,20-99,Hybrid,27,26,5,1,1,4,97400.0
India,25-34 years old,Bachelor's degree,Full-stack developer,100-499,In-person,7,6,1,0,1,6,28000.0
India,25-34 years old,Bachelor's degree,Front-end developer,"1,000-4,999",Hybrid,3,3,4,0,1,7,29000.0
United States,35-44 years old,Master's degree,Front-end developer,"10,000 or more",Fully remote,10,6,2,1,1,8,178100.0
Brazil,35-44 years old,Bachelor's degree,DevOps/SRE/platform engineer,10-19,Fully remote,12,8,3,1,1,10,55800.0
Netherlands,25-34 years old,"Professional degree (JD, MD, etc.)",Full-stack developer,"10,000 or more",Hybrid,8,5,1,1,1,4,104000.0
United States,55-64 years old,Bachelor's degree,DevOps/SRE/platform engineer,"10,000 or more",In-person,28,25,3,1,0,7,216700.0
Canada,18-24 years old,High school/GED,Front-end developer,"10,000 or more",Hybrid,5,1,4,1,1,7,107100.0
Netherlands,25-34 years old,Some college,Full-stack developer,"10,000 or more",Fully remote,6,2,2,1,0,9,65600.0
India,35-44 years old,Master's degree,Full-stack developer,"10,000 or more",In-person,10,10,6,1,1,9,39800.0
Germany,45-54 years old,Master's degree,Back-end developer,500-999,Fully remote,23,23,7,0,0,8,
India,25-34 years old,Some college,Back-end developer,"10,000 or more",Hybrid,10,6,4,1,1,4,25000.0
India,35-44 years old,High school/GED,Full-stack developer,100-499,In-person,14,12,3,1,1,8,28800.0
Germany,25-34 years old,Bachelor's degree,DevOps/SRE/platform engineer,100-499,Hybrid,10,8,3,1,0,7,114200.0
United States,25-34 years old,Master's degree,Full-stack developer,500-999,Hybrid,6,6,7,1,1,10,120900.0
Germany,18-24 years old,Some college,Back-end developer,"10,000 or more",In-person,7,6,1,1,1,10,83100.0
Ukraine,45-54 years old,Bachelor's degree,Back-end developer,2-9 employees,Hybrid,23,19,3,1,0,7,33700.0
United States,25-34 years old,Bachelor's degree,Back-end developer,"5,000-9,999",In-person,7,4,3,0,1,10,195300.0
United States,25-34 years old,"Other doctoral degree (Ph.D, Ed.D, etc.)",DevOps/SRE/platform engineer,20-99,Fully remote,3,1,4,1,0,1,105900.0
Netherlands,25-34 years old,Associate's degree,Engineer (other),20-99,Fully remote,5,4,3,0,1,9,73300.0
United States,45-54 years old,Master's degree,Full-stack developer,2-9 employees,Fully remote,25,23,4,1,1,10,132700.0
India,35-44 years old,Bachelor's degree,Back-end developer,20-99,Hybrid,17,16,6,1,1,10,59200.0
Germany,35-44 years old,High school/GED,DevOps/SRE/platform engineer,"10,000 or more",In-person,19,15,5,0,0,8,151200.0
Ukraine,25-34 years old,Bachelor's degree,Back-end developer,100-499,Hybrid,4,0,4,0,0,4,47900.0
United States,35-44 years old,Some college,Front-end developer,"1,000-4,999",Fully remote,19,15,5,1,1,10,136300.0
Ukraine,35-44 years old,Master's degree,Security professional,10-19,Hybrid,6,6,5,1,1,6,55200.0
Brazil,45-54 years old,Bachelor's degree,Front-end developer,"10,000 or more",Hybrid,24,23,6,1,1,7,47100.0
France,45-54 years old,High school/GED,Full-stack developer,"10,000 or more",Hybrid,22,19,8,1,1,1,98700.0
Brazil,18-24 years old,Associate's degree,DevOps/SRE/platform engineer,100-499,In-person,7,4,2,1,1,6,46300.0
United States,35-44 years old,Master's degree,Data/business analyst,20-99,In-person,12,8,1,1,1,5,151400.0
United States,18-24 years old,Bachelor's degree,Data scientist/ML engineer,100-499,In-person,8,5,2,1,1,6,
India,25-34 years old,Bachelor's degree,Back-end developer,100-499,Hybrid,3,1,5,1,0,5,33500.0
United States,25-34 years old,Bachelor's degree,Data/business analyst,20-99,In-person,4,3,6,1,1,6,126200.0
Italy,25-34 years old,"Professional degree (JD, MD, etc.)",Data/business analyst,"10,000 or more",Hybrid,3,2,3,1,1,4,54900.0
Canada,25-34 years old,Bachelor's degree,Mobile developer,"5,000-9,999",Hybrid,1,0,4,1,1,10,109300.0
Germany,35-44 years old,Master's degree,Back-end developer,20-99,Hybrid,14,12,7,1,1,8,95700.0
Netherlands,25-34 years old,High school/GED,Data scientist/ML engineer,"10,000 or more",In-person,10,10,6,1,0,10,79100.0
Italy,35-44 years old,High school/GED,Front-end developer,Just me,Hybrid,22,20,1,0,1,1,54200.0
Sweden,25-34 years old,Bachelor's degree,Full-stack developer,100-499,Hybrid,6,5,3,0,1,9,69600.0
Netherlands,18-24 years old,Bachelor's degree,Front-end developer,500-999,Fully remote,6,5,3,1,1,3,77700.0
India,35-44 years old,Master's degree,Data scientist/ML engineer,2-9 employees,Hybrid,14,13,8,1,1,8,49000.0
United States,25-34 years old,Bachelor's degree,Mobile developer,10-19,In-person,9,6,5,1,1,10,118200.0
United States,25-34 years old,Bachelor's degree,DevOps/SRE/platform engineer,20-99,In-person,4,4,6,1,1,4,174100.0
United States,35-44 years old,Master's degree,Full-stack developer,"1,000-4,999",Hybrid,15,13,3,1,1,10,239300.0
United States,25-34 years old,Some college,Back-end developer,"10,000 or more",Hybrid,8,7,5,1,1,6,198000.0
Ukraine,18-24 years old,High school/GED,Back-end developer,"1,000-4,999",Hybrid,4,0,8,0,1,6,18900.0
Ukraine,25-34 years old,Master's degree,Mobile developer,500-999,Hybrid,5,5,3,1,1,8,45500.0
France,55-64 years old,Bachelor's degree,Full-stack developer,100-499,In-person,32,28,5,1,0,9,117100.0
Brazil,35-44 years old,Master's degree,Data scientist/ML engineer,20-99,Hybrid,14,14,2,1,1,9,
United Kingdom,35-44 years old,Bachelor's degree,Front-end developer,"10,000 or more",Hybrid,10,9,3,0,0,7,82200.0
United States,35-44 years old,Bachelor's degree,Mobile developer,100-499,Fully remote,12,12,2,1,1,5,158600.0
Russia,25-34 years old,High school/GED,Back-end developer,20-99,In-person,11,11,2,1,1,5,48100.0
India,25-34 years old,Master's degree,Front-end developer,10-19,Fully remote,9,8,4,1,1,5,41500.0
Poland,35-44 years old,Bachelor's degree,Engineer (other),"10,000 or more",Hybrid,20,16,2,1,1,4,82500.0
India,18-24 years old,High school/GED,Data scientist/ML engineer,Just me,In-person,6,2,4,1,0,6,23800.0
Spain,25-34 years old,Master's degree,Full-stack developer,"10,000 or more",Fully remote,9,6,4,1,1,9,73500.0
France,25-34 years old,Bachelor's degree,Full-stack developer,20-99,Fully remote,12,8,1,1,1,10,115300.0
France,25-34 years old,Master's degree,DevOps/SRE/platform engineer,"1,000-4,999",In-person,14,10,4,1,1,8,111100.0
United States,65 years or older,High school/GED,Back-end developer,20-99,Hybrid,29,29,5,1,0,4,218600.0
India,18-24 years old,High school/GED,Desktop/embedded developer,"10,000 or more",Fully remote,3,0,6,0,1,8,21700.0
United Kingdom,25-34 years old,Some college,Desktop/embedded developer,100-499,Fully remote,10,9,5,1,1,5,110000.0
India,25-34 years old,Associate's degree,Security professional,10-19,Fully remote,5,4,3,0,0,8,26900.0
Russia,55-64 years old,Master's degree,Back-end developer,20-99,Fully remote,28,26,4,1,1,5,40400.0
Australia,18-24 years old,Master's degree,Data scientist/ML engineer,20-99,In-person,3,0,2,1,1,4,122900.0
Germany,25-34 years old,Bachelor's degree,Full-stack developer,"10,000 or more",Fully remote,3,3,1,0,0,8,89300.0
India,35-44 years old,Master's degree,Back-end developer,"5,000-9,999",In-person,10,8,3,1,0,8,22900.0
Netherlands,35-44 years old,Bachelor's degree,Full-stack developer,"10,000 or more",In-person,20,18,7,1,1,4,
United States,25-34 years old,"Professional degree (JD, MD, etc.)",DevOps/SRE/platform engineer,2-9 employees,Fully remote,6,5,6,0,1,7,219000.0
United States,25-34 years old,"Professional degree (JD, MD, etc.)",DevOps/SRE/platform engineer,500-999,In-person,9,5,2,1,1,9,167100.0
United States,25-34 years old,Bachelor's degree,Full-stack developer,"10,000 or more",Hybrid,7,7,1,1,1,8,191900.0
United States,25-34 years old,Some college,Back-end developer,"5,000-9,999",Hybrid,11,8,4,1,1,8,123900.0
Germany,25-34 years old,Master's degree,Desktop/embedded developer,10-19,Fully remote,10,8,5,1,1,8,
India,25-34 years old,Bachelor's degree,Data scientist/ML engineer,"1,000-4,999",Hybrid,8,8,1,0,1,6,
Brazil,25-34 years old,Master's degree,Front-end developer,"1,000-4,999",Hybrid,4,3,1,1,1,4,59900.0
France,25-34 years old,Some college,Security professional,100-499,In-person,6,4,2,1,1,8,115500.0
United Kingdom,35-44 years old,Bachelor's degree,DevOps/SRE/platform engineer,2-9 employees,In-person,16,14,5,0,1,9,160600.0
India,55-64 years old,Bachelor's degree,Back-end developer,2-9 employees,Fully remote,27,26,3,0,1,9,49000.0
Spain,35-44 years old,Some college,Back-end developer,"10,000 or more",Hybrid,13,12,7,1,1,8,52800.0
Brazil,18-24 years old,Bachelor's degree,Front-end developer,20-99,In-person,4,3,6,1,0,6,38000.0
India,18-24 years old,High school/GED,DevOps/SRE/platform engineer,100-499,Hybrid,4,4,3,0,0,7,19800.0
Germany,55-64 years old,Bachelor's degree,Back-end developer,"5,000-9,999",Hybrid,23,23,3,0,1,8,149400.0
United States,25-34 years old,Master's degree,Data scientist/ML engineer,"1,000-4,999",Hybrid,7,7,5,0,0,7,154600.0
India,18-24 years old,Bachelor's degree,Full-stack developer,"10,000 or more",In-person,5,1,4,1,1,7,25700.0
Italy,35-44 years old,Master's degree,Mobile developer,2-9 employees,In-person,16,14,3,0,1,10,65500.0
United States,35-44 years old,Some college,Data scientist/ML engineer,"1,000-4,999",Hybrid,14,14,5,1,0,10,228600.0
Brazil,35-44 years old,Master's degree,Back-end developer,2-9 employees,Fully remote,21,17,6,0,0,8,61700.0
United States,25-34 years old,"Professional degree (JD, MD, etc.)",Back-end developer,Just me,Hybrid,11,9,2,1,1,9,263900.0
Ukraine,18-24 years old,Bachelor's degree,Full-stack developer,10-19,Hybrid,6,6,7,0,0,5,38100.0
India,55-64 years old,"Professional degree (JD, MD, etc.)",DevOps/SRE/platform engineer,500-999,In-person,33,32,3,1,1,7,77200.0
India,25-34 years old,Bachelor's degree,Data scientist/ML engineer,"1,000-4,999",Hybrid,9,6,6,1,1,7,43500.0
Canada,35-44 years old,Bachelor's degree,Front-end developer,100-499,Fully remote,12,12,5,1,0,2,124500.0
Canada,35-44 years old,Master's degree,Full-stack developer,2-9 employees,Hybrid,18,15,3,0,0,9,108400.0
Canada,35-44 years old,High school/GED,Full-stack developer,"1,000-4,999",In-person,14,14,4,1,1,5,70500.0
United Kingdom,25-34 years old,High school/GED,Back-end developer,2-9 employees,Fully remote,5,4,7,1,1,10,55300.0
India,25-34 years old,Bachelor's degree,Full-stack developer,10-19,Hybrid,9,6,3,0,1,8,31500.0
Germany,35-44 years old,Master's degree,Back-end developer,100-499,Hybrid,16,12,1,0,0,9,106200.0
Canada,45-54 years old,Master's degree,Full-stack developer,20-99,Hybrid,18,17,2,1,1,7,152700.0
France,55-64 years old,High school/GED,Back-end developer,100-499,In-person,35,32,1,0,1,4,113500.0
India,18-24 years old,"Other doctoral degree (Ph.D, Ed.D, etc.)",Front-end developer,"1,000-4,999",In-person,5,2,4,1,1,9,29400.0
Brazil,25-34 years old,Master's degree,Mobile developer,10-19,Fully remote,12,11,3,0,0,8,38400.0
Ukraine,55-64 years old,"Other doctoral degree (Ph.D, Ed.D, etc.)",Back-end developer,"10,000 or more",Hybrid,24,23,7,1,1,8,
Poland,35-44 years old,Bachelor's degree,Desktop/embedded developer,500-999,Fully remote,11,10,2,1,0,5,45700.0
United States,45-54 years old,Master's degree,Full-stack developer,Just me,Fully remote,22,20,4,1,1,7,264100.0
Germany,25-34 years old,Master's degree,Front-end developer,"1,000-4,999",Hybrid,12,8,4,1,1,6,145300.0
Germany,35-44 years old,Bachelor's degree,Mobile developer,100-499,Hybrid,13,13,6,1,1,7,
India,35-44 years old,"Other doctoral degree (Ph.D, Ed.D, etc.)",Full-stack developer,"1,000-4,999",Fully remote,16,13,8,1,1,7,32600.0
Germany,35-44 years old,Bachelor's degree,Full-stack developer,"5,000-9,999",Hybrid,9,9,4,1,1,4,92000.0
Germany,25-34 years old,Bachelor's degree,Full-stack developer,"10,000 or more",Hybrid,3,2,2,1,1,7,
United States,18-24 years old,"Professional degree (JD, MD, etc.)",Front-end developer,"10,000 or more",Fully remote,6,2,6,0,0,2,160300.0
United States,35-44 years old,"Other doctoral degree (Ph.D, Ed.D, etc.)",Desktop/embedded developer,100-499,In-person,12,8,3,1,1,3,167400.0
United States,25-34 years old,Bachelor's degree,Full-stack developer,500-999,In-person,5,3,3,1,1,4,124800.0
India,25-34 years old,Some college,Full-stack developer,Just me,Hybrid,8,7,2,1,1,7,29200.0
United States,55-64 years old,Master's degree,DevOps/SRE/platform engineer,"10,000 or more",Fully remote,28,25,3,1,0,8,227000.0
United States,25-34 years old,"Professional degree (JD, MD, etc.)",Back-end developer,Just me,Fully remote,12,10,6,0,1,8,175300.0
United States,45-54 years old,Bachelor's degree,Back-end developer,"1,000-4,999",Hybrid,25,24,11,1,0,5,232100.0
Spain,25-34 years old,Master's degree,Data/business analyst,2-9 employees,Hybrid,2,0,3,1,1,6,75400.0
Netherlands,35-44 years old,Master's degree,Back-end developer,20-99,Hybrid,9,9,3,0,1,5,
Germany,55-64 years old,Some college,Mobile developer,10-19,Hybrid,22,21,2,1,1,2,162400.0
Spain,18-24 years old,"Other doctoral degree (Ph.D, Ed.D, etc.)",Engineer (other),10-19,In-person,3,0,4,1,0,7,87300.0
United States,18-24 years old,Bachelor's degree,Full-stack developer,2-9 employees,Hybrid,7,4,2,1,1,7,140000.0
Canada,25-34 years old,Bachelor's degree,Back-end developer,20-99,Hybrid,5,4,5,1,0,10,166200.0
United States,18-24 years old,Bachelor's degree,Front-end developer,100-499,Hybrid,5,3,3,1,0,8,
Australia,35-44 years old,Bachelor's degree,DevOps/SRE/platform engineer,100-499,Hybrid,11,7,5,1,0,10,119000.0
United States,45-54 years old,Master's degree,Back-end developer,100-499,In-person,23,22,4,1,1,5,294800.0
United States,25-34 years old,"Other doctoral degree (Ph.D, Ed.D, etc.)",Data scientist/ML engineer,100-499,Hybrid,6,3,3,1,1,8,165300.0
India,25-34 years old,Master's degree,Engineer (other),"10,000 or more",In-person,5,5,5,0,0,7,26600.0
Russia,25-34 years old,Master's degree,DevOps/SRE/platform engineer,"1,000-4,999",Hybrid,8,5,2,1,1,5,49300.0
United States,35-44 years old,High school/GED,Mobile developer,Just me,Hybrid,12,8,6,1,0,5,
India,18-24 years old,Master's degree,Desktop/embedded developer,10-19,In-person,3,0,3,1,1,5,30000.0
India,35-44 years old,Bachelor's degree,Mobile developer,20-99,In-person,19,15,5,1,1,10,49900.0
Netherlands,35-44 years old,Some college,Full-stack developer,"10,000 or more",In-person,14,13,6,1,1,1,110500.0
India,35-44 years old,Some college,Data scientist/ML engineer,2-9 employees,Hybrid,18,15,2,0,1,9,25300.0
Canada,25-34 years old,Master's degree,Data scientist/ML engineer,"1,000-4,999",In-person,8,6,3,1,0,8,
India,35-44 years old,"Other doctoral degree (Ph.D, Ed.D, etc.)",Back-end developer,2-9 employees,In-person,14,12,6,1,1,7,45800.0
United Kingdom,18-24 years old,Master's degree,Full-stack developer,20-99,In-person,3,0,2,1,1,9,76000.0
United States,25-34 years old,Bachelor's degree,Front-end developer,"5,000-9,999",Hybrid,7,4,2,0,0,2,
India,45-54 years old,Associate's degree,Full-stack developer,20-99,Fully remote,20,20,5,1,0,7,
Spain,35-44 years old,Bachelor's degree,Back-end developer,100-499,Hybrid,21,18,2,0,1,5,130300.0
Brazil,18-24 years old,High school/GED,Back-end developer,"10,000 or more",Hybrid,4,4,8,1,1,1,40500.0
Italy,25-34 years old,Bachelor's degree,Security professional,2-9 employees,Hybrid,10,10,8,1,1,7,
Netherlands,25-34 years old,Master's degree,Full-stack developer,100-499,Fully remote,7,7,6,1,0,8,110200.0
Germany,25-34 years old,"Other doctoral degree (Ph.D, Ed.D, etc.)",DevOps/SRE/platform engineer,20-99,In-person,3,3,4,1,0,7,126100.0
France,25-34 years old,Bachelor's degree,Full-stack developer,"10,000 or more",Hybrid,6,5,4,1,1,6,66700.0
Netherlands,18-24 years old,Associate's degree,Front-end developer,"5,000-9,999",Hybrid,4,2,2,1,1,9,87500.0
India,25-34 years old,Master's degree,Front-end developer,10-19,Hybrid,2,2,5,0,0,6,30800.0
United States,35-44 years old,Master's degree,Front-end developer,"10,000 or more",Hybrid,13,11,4,1,0,7,
India,35-44 years old,Master's degree,DevOps/SRE/platform engineer,20-99,Fully remote,11,11,5,0,0,10,
United States,35-44 years old,Associate's degree,Data scientist/ML engineer,2-9 employees,Fully remote,19,17,6,1,1,9,145400.0
India,18-24 years old,Bachelor's degree,Data scientist/ML engineer,100-499,Hybrid,3,0,5,1,1,8,29700.0
Ukraine,55-64 years old,"Other doctoral degree (Ph.D, Ed.D, etc.)",Back-end developer,"1,000-4,999",Hybrid,35,32,4,0,1,8,
Spain,45-54 years old,Some college,Data scientist/ML engineer,"1,000-4,999",Fully remote,19,17,2,1,0,9,96200.0
Canada,35-44 years old,Master's degree,Back-end developer,100-499,Hybrid,8,8,3,1,1,4,89600.0
India,45-54 years old,Bachelor's degree,Full-stack developer,100-499,Fully remote,25,24,8,1,0,3,36400.0
India,55-64 years old,Bachelor's degree,Mobile developer,"10,000 or more",Hybrid,32,30,4,1,0,5,40500.0
United Kingdom,25-34 years old,Master's degree,Mobile developer,"10,000 or more",In-person,13,9,2,1,1,8,119500.0
United Kingdom,25-34 years old,Bachelor's degree,Back-end developer,"1,000-4,999",Hybrid,8,7,4,0,1,8,108500.0
Netherlands,35-44 years old,Master's degree,Mobile developer,20-99,Fully remote,22,18,3,1,1,1,181800.0
Ukraine,35-44 years old,Bachelor's degree,Data scientist/ML engineer,"5,000-9,999",Fully remote,16,14,7,1,1,2,
India,35-44 years old,"Other doctoral degree (Ph.D, Ed.D, etc.)",Back-end developer,"1,000-4,999",Fully remote,12,12,4,1,1,10,67800.0
United States,25-34 years old,Bachelor's degree,Back-end developer,"10,000 or more",Fully remote,10,6,6,1,1,7,143900.0
India,18-24 years old,Some college,Engineer (other),10-19,Hybrid,7,5,1,1,0,7,34600.0
Germany,25-34 years old,Bachelor's degree,Data scientist/ML engineer,"1,000-4,999",In-person,4,3,5,1,1,7,73300.0
United States,45-54 years old,Master's degree,Back-end developer,"10,000 or more",Hybrid,18,18,2,1,1,10,230400.0
Spain,35-44 years old,Master's degree,Front-end developer,100-499,In-person,15,11,5,1,0,4,77600.0
Italy,25-34 years old,Bachelor's degree,Front-end developer,"1,000-4,999",Fully remote,2,0,4,1,1,8,50100.0
Ukraine,25-34 years old,Bachelor's degree,Front-end developer,"10,000 or more",Fully remote,5,5,4,0,1,3,32300.0
Spain,25-34 years old,Master's degree,Front-end developer,100-499,Fully remote,0,0,3,1,0,7,59900.0
Italy,45-54 years old,Master's degree,Front-end developer,"1,000-4,999",Hybrid,23,20,5,1,0,6,
Russia,35-44 years old,Master's degree,Front-end developer,Just me,In-person,15,15,7,1,1,5,46500.0
Brazil,35-44 years old,Master's degree,Mobile developer,100-499,Hybrid,13,11,4,1,1,6,
United States,25-34 years old,Bachelor's degree,Security professional,20-99,In-person,11,10,3,1,0,8,123800.0
United States,35-44 years old,Less than high school,Desktop/embedded developer,10-19,Hybrid,11,8,3,1,0,9,120900.0
United States,25-34 years old,High school/GED,Mobile developer,"1,000-4,999",Hybrid,11,9,2,0,1,8,138600.0
India,35-44 years old,"Other doctoral degree (Ph.D, Ed.D, etc.)",DevOps/SRE/platform engineer,2-9 employees,Fully remote,16,14,2,1,0,7,45700.0
Australia,25-34 years old,Some college,Full-stack developer,"10,000 or more",Hybrid,2,0,1,1,1,9,89500.0
Germany,25-34 years old,Bachelor's degree,Mobile developer,100-499,Fully remote,17,13,3,1,1,8,77800.0
India,35-44 years old,"Other doctoral degree (Ph.D, Ed.D, etc.)",Full-stack developer,"1,000-4,999",Hybrid,16,12,3,0,0,9,
United States,55-64 years old,Associate's degree,Back-end developer,20-99,Fully remote,26,25,3,0,1,6,167700.0
United States,18-24 years old,Master's degree,Front-end developer,10-19,In-person,2,0,4,1,1,8,150100.0
India,45-54 years old,Master's degree,Front-end developer,20-99,In-person,23,19,6,1,1,3,46600.0
United States,25-34 years old,"Other doctoral degree (Ph.D, Ed.D, etc.)",Front-end developer,20-99,Fully remote,9,5,5,1,1,10,163600.0
United States,25-34 years old,Bachelor's degree,Data scientist/ML engineer,"10,000 or more",Hybrid,9,5,2,1,0,7,184000.0
India,18-24 years old,Bachelor's degree,Full-stack developer,"5,000-9,999",Hybrid,2,1,6,0,1,9,18700.0
Germany,25-34 years old,"Professional degree (JD, MD, etc.)",Engineer (other),"10,000 or more",Fully remote,8,7,5,1,1,7,117400.0
United States,25-34 years old,Bachelor's degree,Back-end developer,"1,000-4,999",Hybrid,6,4,1,1,1,2,189200.0
France,18-24 years old,Bachelor's degree,Data/business analyst,"1,000-4,999",Hybrid,3,0,4,1,0,7,67400.0
India,25-34 years old,Master's degree,Back-end developer,100-499,In-person,7,5,2,1,1,8,
United States,45-54 years old,Bachelor's degree,Front-end developer,20-99,Hybrid,17,13,7,1,1,2,
Canada,18-24 years old,"Other doctoral degree (Ph.D, Ed.D, etc.)",Back-end developer,"1,000-4,999",Hybrid,7,3,6,1,1,3,
India,35-44 years old,Master's degree,Desktop/embedded developer,10-19,In-person,9,9,2,0,1,2,
United States,25-34 years old,High school/GED,Full-stack developer,100-499,Hybrid,7,5,10,1,1,3,108200.0
Ukraine,35-44 years old,Some college,Back-end developer,20-99,Hybrid,20,16,4,1,1,7,
United Kingdom,25-34 years old,Associate's degree,Full-stack developer,100-499,Fully remote,6,2,3,1,1,9,73600.0
Germany,25-34 years old,Bachelor's degree,Front-end developer,20-99,In-person,11,8,6,1,1,7,109700.0
Spain,25-34 years old,Master's degree,Data/business analyst,2-9 employees,Fully remote,4,4,4,1,0,9,
Ukraine,18-24 years old,High school/GED,Full-stack developer,100-499,Fully remote,9,7,2,0,0,6,
United States,25-34 years old,Bachelor's degree,Front-end developer,10-19,Fully remote,5,4,4,1,0,9,152400.0
Australia,35-44 years old,"Professional degree (JD, MD, etc.)",Data scientist/ML engineer,10-19,Hybrid,11,9,3,1,1,4,151900.0
Australia,45-54 years old,Bachelor's degree,Full-stack developer,100-499,In-person,24,22,3,0,1,7,134800.0
United States,35-44 years old,Bachelor's degree,Full-stack developer,20-99,In-person,14,11,1,1,1,7,148500.0
Brazil,35-44 years old,"Other doctoral degree (Ph.D, Ed.D, etc.)",Full-stack developer,"10,000 or more",Hybrid,11,9,1,1,1,3,54000.0
United States,18-24 years old,Bachelor's degree,Full-stack developer,500-999,In-person,3,0,5,0,1,5,126100.0
Canada,25-34 years old,"Professional degree (JD, MD, etc.)",Full-stack developer,"10,000 or more",Fully remote,8,5,9,1,1,7,95700.0
France,25-34 years old,Master's degree,Back-end developer,10-19,Fully remote,13,9,5,1,0,8,
India,25-34 years old,Master's degree,Back-end developer,20-99,In-person,1,0,3,1,0,9,36100.0
Russia,25-34 years old,Master's degree,Data scientist/ML engineer,500-999,Hybrid,8,5,4,0,1,8,61200.0
Netherlands,25-34 years old,Bachelor's degree,Data scientist/ML engineer,10-19,Fully remote,7,7,7,0,1,5,122700.0
Ukraine,25-34 years old,Master's degree,Data scientist/ML engineer,10-19,Hybrid,6,6,4,1,1,3,43600.0
India,25-34 years old,Master's degree,Front-end developer,"1,000-4,999",Hybrid,10,9,1,1,0,7,27000.0
United States,45-54 years old,Bachelor's degree,Back-end developer,"1,000-4,999",Fully remote,23,20,6,0,0,6,175900.0
Australia,35-44 years old,Bachelor's degree,Back-end developer,20-99,In-person,12,11,10,1,0,7,130400.0
United States,25-34 years old,Master's degree,Back-end developer,20-99,Fully remote,11,7,5,1,1,6,145300.0
Germany,45-54 years old,Bachelor's degree,Front-end developer,"1,000-4,999",Fully remote,20,20,2,1,1,6,72200.0
Australia,55-64 years old,Master's degree,Mobile developer,2-9 employees,In-person,29,27,2,1,1,9,
United States,25-34 years old,Bachelor's degree,Full-stack developer,"10,000 or more",In-person,7,7,5,1,1,8,144900.0
India,25-34 years old,Bachelor's degree,Back-end developer,"10,000 or more",Fully remote,6,3,2,1,0,8,30200.0
Germany,25-34 years old,High school/GED,Front-end developer,"10,000 or more",Hybrid,4,3,3,0,0,4,62200.0
India,55-64 years old,Bachelor's degree,DevOps/SRE/platform engineer,20-99,In-person,26,26,2,1,1,6,48100.0
Germany,45-54 years old,Bachelor's degree,Full-stack developer,Just me,In-person,26,24,8,1,0,8,
United States,18-24 years old,Bachelor's degree,Full-stack developer,"10,000 or more",In-person,2,0,6,0,1,7,111000.0
United States,25-34 years old,Master's degree,DevOps/SRE/platform engineer,20-99,Fully remote,7,6,3,1,1,7,227100.0
Australia,25-34 years old,Master's degree,Full-stack developer,20-99,Hybrid,6,5,5,0,1,10,82900.0
India,25-34 years old,Master's degree,Front-end developer,20-99,Hybrid,0,0,2,1,0,4,18800.0
Canada,25-34 years old,Master's degree,DevOps/SRE/platform engineer,20-99,Fully remote,9,6,5,0,1,4,
United States,45-54 years old,Bachelor's degree,Mobile developer,"1,000-4,999",Hybrid,25,21,7,1,1,7,194100.0
France,35-44 years old,Master's degree,Full-stack developer,"10,000 or more",Hybrid,16,14,1,1,1,6,90300.0
Italy,45-54 years old,High school/GED,Back-end developer,"5,000-9,999",Fully remote,13,12,3,1,1,7,54100.0
Canada,45-54 years old,Bachelor's degree,Full-stack developer,"1,000-4,999",In-person,28,24,5,1,0,7,
Canada,35-44 years old,Bachelor's degree,Front-end developer,20-99,Fully remote,14,10,7,1,1,3,107900.0
United States,25-34 years old,Bachelor's degree,Front-end developer,100-499,In-person,11,7,3,1,1,5,167400.0
India,35-44 years old,Bachelor's degree,Security professional,20-99,Hybrid,17,14,3,1,0,7,44800.0
Spain,25-34 years old,High school/GED,Back-end developer,2-9 employees,Hybrid,3,2,4,1,0,4,50100.0
Australia,35-44 years old,Bachelor's degree,Front-end developer,10-19,Fully remote,16,14,4,1,1,9,113800.0
United Kingdom,25-34 years old,"Other doctoral degree (Ph.D, Ed.D, etc.)",Back-end developer,500-999,Hybrid,5,4,3,1,1,8,
Russia,35-44 years old,Bachelor's degree,Full-stack developer,2-9 employees,In-person,6,6,3,1,1,7,54800.0
United States,25-34 years old,Master's degree,Back-end developer,"10,000 or more",In-person,11,9,4,0,1,7,182600.0
France,18-24 years old,Bachelor's degree,Full-stack developer,"10,000 or more",Hybrid,1,0,1,0,1,10,76400.0
India,25-34 years old,Bachelor's degree,Data scientist/ML engineer,10-19,Hybrid,4,2,3,1,1,8,29400.0
France,18-24 years old,High school/GED,Front-end developer,100-499,Hybrid,0,0,3,1,1,2,55500.0
United States,35-44 years old,Associate's degree,Full-stack developer,"5,000-9,999",Fully remote,15,13,7,1,1,5,167200.0
Ukraine,35-44 years old,Master's degree,Back-end developer,"10,000 or more",Fully remote,16,12,2,1,1,3,47300.0
Netherlands,25-34 years old,Bachelor's degree,Full-stack developer,"10,000 or more",Hybrid,10,7,3,1,1,10,96800.0
United States,25-34 years old,Some college,Full-stack developer,20-99,Hybrid,1,1,4,0,0,6,85200.0
Canada,18-24 years old,Bachelor's degree,DevOps/SRE/platform engineer,2-9 employees,In-person,2,0,1,0,1,4,99000.0
Poland,18-24 years old,Bachelor's degree,Data/business analyst,20-99,Fully remote,1,1,6,1,1,6,59900.0
United States,25-34 years old,Master's degree,Full-stack developer,100-499,In-person,15,11,4,0,1,10,233500.0
United States,45-54 years old,Bachelor's degree,Data scientist/ML engineer,20-99,Hybrid,23,20,4,1,1,4,281200.0
India,25-34 years old,Bachelor's degree,Back-end developer,"5,000-9,999",Hybrid,8,8,6,1,0,6,
United States,25-34 years old,Bachelor's degree,Back-end developer,20-99,Fully remote,9,5,1,1,1,5,184000.0
United Kingdom,18-24 years old,Less than high school,Desktop/embedded developer,"10,000 or more",Hybrid,4,0,2,0,1,8,68100.0
Germany,25-34 years old,Bachelor's degree,Full-stack developer,20-99,Fully remote,8,4,4,0,1,1,143800.0
Germany,25-34 years old,Bachelor's degree,Full-stack developer,20-99,In-person,6,4,3,0,1,10,99000.0
United Kingdom,35-44 years old,Bachelor's degree,Full-stack developer,100-499,Hybrid,15,14,12,1,1,9,109200.0
Italy,25-34 years old,Master's degree,Full-stack developer,20-99,Hybrid,9,9,4,1,1,6,78200.0
Netherlands,18-24 years old,Master's degree,Full-stack developer,"5,000-9,999",Fully remote,4,3,3,1,0,9,162000.0
Canada,25-34 years old,Bachelor's degree,Back-end developer,100-499,Hybrid,13,9,2,1,1,6,105500.0
India,25-34 years old,Bachelor's degree,Back-end developer,"10,000 or more",Hybrid,3,2,1,0,1,5,
United States,25-34 years old,Bachelor's degree,Data scientist/ML engineer,"10,000 or more",In-person,8,4,5,0,1,6,142500.0
United States,55-64 years old,Master's degree,Back-end developer,"10,000 or more",Hybrid,30,26,6,1,1,9,211500.0
Brazil,35-44 years old,Some college,Full-stack developer,100-499,In-person,16,13,7,1,1,7,43600.0
India,25-34 years old,"Other doctoral degree (Ph.D, Ed.D, etc.)",Full-stack developer,100-499,Hybrid,7,4,3,1,1,5,28600.0
India,25-34 years old,Bachelor's degree,Mobile developer,20-99,In-person,8,7,2,1,1,2,40400.0
Russia,25-34 years old,Bachelor's degree,Full-stack developer,500-999,Hybrid,2,2,4,1,1,7,49500.0
Germany,25-34 years old,Master's degree,DevOps/SRE/platform engineer,"10,000 or more",In-person,6,5,1,0,1,9,150100.0
Russia,35-44 years old,High school/GED,Back-end developer,2-9 employees,Hybrid,14,14,3,1,1,9,43400.0
Russia,35-44 years old,Bachelor's degree,Mobile developer,"5,000-9,999",In-person,7,6,8,1,1,9,53400.0
United States,25-34 years old,Bachelor's degree,Back-end developer,"10,000 or more",Hybrid,13,11,6,1,1,7,
Ukraine,25-34 years old,Some college,Full-stack developer,"10,000 or more",Hybrid,6,4,6,1,1,6,41000.0
United States,25-34 years old,Master's degree,Front-end developer,20-99,Fully remote,0,0,3,1,0,10,168800.0
Sweden,45-54 years old,Master's degree,Front-end developer,20-99,Hybrid,23,20,5,1,1,10,152000.0
Germany,35-44 years old,Some college,Front-end developer,20-99,In-person,12,12,5,1,1,8,102000.0
Poland,25-34 years old,Bachelor's degree,Back-end developer,"5,000-9,999",Fully remote,6,5,4,0,1,6,70800.0
Brazil,18-24 years old,Some college,Full-stack developer,10-19,Hybrid,8,4,5,0,0,10,39500.0
United Kingdom,35-44 years old,Master's degree,Front-end developer,20-99,Fully remote,16,14,2,1,1,6,116200.0
Canada,18-24 years old,Bachelor's degree,Mobile developer,20-99,Hybrid,6,2,1,1,1,8,88400.0
Ukraine,25-34 years old,Bachelor's degree,Data/business analyst,100-499,Hybrid,8,6,3,1,1,5,31100.0
Ukraine,25-34 years old,Bachelor's degree,Front-end developer,100-499,Hybrid,6,5,2,1,1,9,26900.0
France,35-44 years old,Bachelor's degree,Full-stack developer,500-999,Fully remote,19,17,2,1,0,9,77100.0
France,25-34 years old,Master's degree,Full-stack developer,"10,000 or more",In-person,1,1,1,0,1,7,128000.0
India,25-34 years old,Master's degree,DevOps/SRE/platform engineer,20-99,Fully remote,9,5,4,1,1,7,33500.0
Australia,45-54 years old,Bachelor's degree,DevOps/SRE/platform engineer,"5,000-9,999",Hybrid,24,20,6,1,0,10,
Canada,25-34 years old,Master's degree,Data/business analyst,"1,000-4,999",Fully remote,8,7,5,1,1,4,134000.0
Australia,25-34 years old,Bachelor's degree,Front-end developer,2-9 employees,Hybrid,6,2,3,1,1,7,152600.0
France,25-34 years old,High school/GED,DevOps/SRE/platform engineer,"5,000-9,999",Hybrid,1,0,4,1,1,7,
India,18-24 years old,High school/GED,DevOps/SRE/platform engineer,2-9 employees,Fully remote,5,2,1,1,1,9,31600.0
United States,35-44 years old,Bachelor's degree,Front-end developer,"1,000-4,999",Fully remote,13,13,2,1,1,8,
United States,18-24 years old,Master's degree,Data scientist/ML engineer,"1,000-4,999",Hybrid,8,6,5,1,1,7,249000.0
Canada,25-34 years old,"Professional degree (JD, MD, etc.)",Full-stack developer,"1,000-4,999",Hybrid,3,1,6,0,1,4,
India,35-44 years old,High school/GED,Front-end developer,20-99,Hybrid,17,15,4,0,1,6,20600.0
Canada,35-44 years old,Bachelor's degree,Data/business analyst,500-999,Hybrid,22,19,3,1,1,3,106700.0
United States,35-44 years old,Associate's degree,Full-stack developer,"5,000-9,999",Fully remote,11,11,5,1,1,4,186900.0
India,25-34 years old,Master's degree,Data scientist/ML engineer,"1,000-4,999",In-person,5,1,3,1,1,5,29900.0
India,18-24 years old,Master's degree,Back-end developer,"5,000-9,999",In-person,4,0,4,1,1,6,38000.0
India,35-44 years old,Associate's degree,DevOps/SRE/platform engineer,"1,000-4,999",Fully remote,12,12,3,1,1,6,30900.0
United States,25-34 years old,Master's degree,Desktop/embedded developer,20-99,Hybrid,7,7,4,0,1,8,130000.0
Brazil,45-54 years old,Master's degree,Mobile developer,10-19,Hybrid,20,18,2,1,1,1,
United States,45-54 years old,Some college,Data scientist/ML engineer,"1,000-4,999",Hybrid,29,25,3,1,1,9,164900.0
United States,45-54 years old,Bachelor's degree,Back-end developer,"5,000-9,999",Fully remote,17,17,3,1,1,10,224300.0
Ukraine,25-34 years old,Bachelor's degree,Full-stack developer,10-19,In-person,4,0,9,1,1,10,21300.0
United States,25-34 years old,High school/GED,Data scientist/ML engineer,10-19,Hybrid,8,8,3,1,1,6,130500.0
Australia,35-44 years old,Bachelor's degree,Back-end developer,Just me,Fully remote,6,5,6,0,1,6,
Sweden,25-34 years old,Some college,Desktop/embedded developer,100-499,Hybrid,6,4,6,1,1,7,118000.0
United Kingdom,25-34 years old,Bachelor's degree,Full-stack developer,100-499,Hybrid,14,14,6,1,1,8,132400.0
United Kingdom,45-54 years old,Master's degree,Mobile developer,100-499,In-person,23,20,2,0,1,5,121800.0
India,45-54 years old,Bachelor's degree,Back-end developer,20-99,Fully remote,17,17,4,1,0,8,52800.0
Germany,25-34 years old,High school/GED,Mobile developer,100-499,Fully remote,6,5,9,1,1,5,80700.0
Germany,18-24 years old,High school/GED,Desktop/embedded developer,"5,000-9,999",Hybrid,4,1,3,1,0,8,
United States,25-34 years old,Bachelor's degree,Full-stack developer,10-19,In-person,8,5,6,0,1,8,171600.0
India,35-44 years old,Bachelor's degree,Front-end developer,20-99,Hybrid,14,14,5,1,1,1,57800.0
Australia,45-54 years old,Bachelor's degree,Mobile developer,"1,000-4,999",Hybrid,18,17,2,0,1,9,151700.0
United States,25-34 years old,Some college,Data scientist/ML engineer,"10,000 or more",Fully remote,13,10,5,1,1,4,144900.0
Brazil,18-24 years old,Master's degree,Back-end developer,20-99,In-person,4,2,3,1,0,10,48600.0
France,45-54 years old,Master's degree,Data/business analyst,"10,000 or more",In-person,24,22,7,1,1,7,91000.0
United States,25-34 years old,Master's degree,Full-stack developer,2-9 employees,In-person,7,3,4,1,0,6,
United States,25-34 years old,Bachelor's degree,Back-end developer,2-9 employees,Hybrid,13,9,6,1,0,3,
India,55-64 years old,Master's degree,Data scientist/ML engineer,100-499,In-person,28,27,4,1,1,8,
Brazil,18-24 years old,Bachelor's degree,Full-stack developer,"1,000-4,999",Fully remote,5,2,6,1,1,6,37100.0
India,35-44 years old,Master's degree,Back-end developer,100-499,In-person,11,9,8,1,1,10,26900.0
France,18-24 years old,Some college,Data scientist/ML engineer,500-999,Hybrid,2,0,4,1,1,9,54000.0
France,25-34 years old,Master's degree,Front-end developer,Just me,Hybrid,8,7,6,1,0,3,95900.0
Netherlands,35-44 years old,Bachelor's degree,Full-stack developer,100-499,Hybrid,14,11,4,1,1,7,78000.0
United States,25-34 years old,Master's degree,Front-end developer,20-99,Fully remote,3,2,2,1,0,6,158400.0
United Kingdom,65 years or older,Master's degree,Front-end developer,100-499,Hybrid,33,33,2,0,0,8,162400.0
United States,25-34 years old,Bachelor's degree,Front-end developer,100-499,Hybrid,9,7,8,1,1,5,122700.0
United States,25-34 years old,"Professional degree (JD, MD, etc.)",DevOps/SRE/platform engineer,"5,000-9,999",In-person,4,3,6,1,1,9,161000.0
India,25-34 years old,Bachelor's degree,Full-stack developer,100-499,Fully remote,6,5,8,0,1,10,37300.0
Brazil,25-34 years old,"Other doctoral degree (Ph.D, Ed.D, etc.)",Data scientist/ML engineer,500-999,Fully remote,5,5,4,1,1,7,51900.0
Sweden,25-34 years old,Master's degree,Data scientist/ML engineer,100-499,In-person,4,0,4,0,0,10,82200.0
India,18-24 years old,"Other doctoral degree (Ph.D, Ed.D, etc.)",Data scientist/ML engineer,"10,000 or more",Fully remote,2,0,1,1,1,6,33100.0
United Kingdom,25-34 years old,High school/GED,Back-end developer,"5,000-9,999",Hybrid,7,6,2,1,1,6,71600.0
India,25-34 years old,Bachelor's degree,Back-end developer,"5,000-9,999",Hybrid,5,3,2,1,0,8,36000.0
France,35-44 years old,Master's degree,Back-end developer,"1,000-4,999",Fully remote,19,15,4,1,1,6,98200.0
India,35-44 years old,"Professional degree (JD, MD, etc.)",Data scientist/ML engineer,100-499,In-person,16,15,3,1,1,5,60200.0
Germany,35-44 years old,High school/GED,Back-end developer,20-99,Fully remote,14,14,3,1,0,5,121200.0
United Kingdom,18-24 years old,Less than high school,Back-end developer,"5,000-9,999",Hybrid,9,7,5,1,1,9,58800.0
France,25-34 years old,Bachelor's degree,Front-end developer,10-19,Hybrid,5,5,2,0,1,8,94600.0
United States,35-44 years old,Master's degree,DevOps/SRE/platform engineer,2-9 employees,Hybrid,18,14,6,1,1,8,127100.0
United Kingdom,25-34 years old,Master's degree,Full-stack developer,"1,000-4,999",Hybrid,7,3,3,1,1,6,73700.0
Germany,18-24 years old,Bachelor's degree,Engineer (other),10-19,Hybrid,11,9,3,1,1,10,70800.0
United States,35-44 years old,Less than high school,Full-stack developer,"10,000 or more",Hybrid,22,18,3,0,0,9,184700.0
United States,35-44 years old,Bachelor's degree,Back-end developer,"5,000-9,999",Hybrid,15,12,2,1,1,2,185600.0
Russia,25-34 years old,Bachelor's degree,Front-end developer,500-999,In-person,8,6,6,1,1,6,34400.0
Spain,18-24 years old,Master's degree,Full-stack developer,20-99,Hybrid,9,6,4,1,1,3,87600.0
United States,35-44 years old,Bachelor's degree,Mobile developer,"1,000-4,999",Hybrid,16,12,3,1,1,5,158400.0
Brazil,35-44 years old,Master's degree,Back-end developer,100-499,In-person,12,10,4,0,1,10,90000.0
United Kingdom,35-44 years old,Master's degree,Full-stack developer,20-99,Hybrid,18,15,4,1,1,9,147300.0
Ukraine,35-44 years old,Bachelor's degree,Data scientist/ML engineer,"10,000 or more",Fully remote,16,12,8,1,0,2,65000.0
Russia,35-44 years old,Bachelor's degree,Desktop/embedded developer,10-19,In-person,14,13,2,1,1,2,34700.0
Canada,25-34 years old,Master's degree,Data/business analyst,"5,000-9,999",Fully remote,3,2,4,1,0,8,141700.0
United States,25-34 years old,Bachelor's degree,Back-end developer,"5,000-9,999",Hybrid,0,0,3,0,0,5,111700.0
Germany,35-44 years old,Master's degree,Full-stack developer,"10,000 or more",Hybrid,14,13,3,1,1,1,82300.0
Brazil,35-44 years old,High school/GED,Full-stack developer,100-499,In-person,18,15,5,1,1,9,39700.0
Ukraine,35-44 years old,Master's degree,Data scientist/ML engineer,100-499,Fully remote,12,11,2,0,1,6,62400.0
India,25-34 years old,Some college,Front-end developer,"10,000 or more",Hybrid,11,9,5,1,1,6,27000.0
Netherlands,25-34 years old,High school/GED,Engineer (other),"5,000-9,999",In-person,5,3,1,0,1,3,74300.0
France,45-54 years old,Bachelor's degree,Data scientist/ML engineer,"5,000-9,999",Hybrid,19,17,2,1,1,7,
United States,35-44 years old,"Other doctoral degree (Ph.D, Ed.D, etc.)",Mobile developer,"5,000-9,999",Hybrid,13,12,7,1,1,8,184200.0
United Kingdom,45-54 years old,"Other doctoral degree (Ph.D, Ed.D, etc.)",Security professional,100-499,Fully remote,21,20,2,0,1,5,151800.0
United States,35-44 years old,Associate's degree,Back-end developer,2-9 employees,Fully remote,14,14,5,1,1,9,162800.0
France,35-44 years old,Some college,Full-stack developer,20-99,In-person,14,10,6,1,0,8,78700.0
Canada,35-44 years old,Bachelor's degree,Full-stack developer,"1,000-4,999",Fully remote,16,16,3,1,1,6,122600.0
Sweden,45-54 years old,Bachelor's degree,Back-end developer,100-499,Fully remote,29,26,6,1,1,7,125900.0
Ukraine,35-44 years old,Master's degree,Back-end developer,500-999,Hybrid,14,12,2,1,1,3,61600.0
United States,35-44 years old,Bachelor's degree,Full-stack developer,500-999,Hybrid,17,16,2,1,0,9,221400.0
United States,25-34 years old,Master's degree,Back-end developer,100-499,Hybrid,6,2,6,1,1,9,201600.0
Poland,25-34 years old,Master's degree,Back-end developer,20-99,Hybrid,12,8,6,1,0,6,60800.0
France,35-44 years old,Bachelor's degree,Full-stack developer,"1,000-4,999",Hybrid,16,15,5,1,0,8,74800.0
Netherlands,25-34 years old,Master's degree,Back-end developer,"10,000 or more",Fully remote,8,8,3,1,1,8,101600.0
India,25-34 years old,Associate's degree,Full-stack developer,"5,000-9,999",In-person,9,5,6,1,1,9,25500.0
Spain,25-34 years old,Some college,Back-end developer,10-19,Hybrid,0,0,7,1,1,8,40200.0
Germany,25-34 years old,Master's degree,Full-stack developer,100-499,Fully remote,4,3,5,1,0,7,104800.0
India,25-34 years old,Bachelor's degree,DevOps/SRE/platform engineer,"10,000 or more",In-person,3,3,2,0,0,8,36900.0
United States,25-34 years old,Less than high school,Full-stack developer,500-999,Hybrid,4,2,3,1,1,10,77100.0
Spain,45-54 years old,"Professional degree (JD, MD, etc.)",DevOps/SRE/platform engineer,100-499,Hybrid,21,20,2,1,1,7,84500.0
United Kingdom,25-34 years old,Bachelor's degree,Front-end developer,20-99,Hybrid,5,4,6,1,1,3,70200.0
Sweden,25-34 years old,Bachelor's degree,Back-end developer,20-99,In-person,7,3,5,1,1,9,116900.0
Brazil,18-24 years old,Master's degree,Front-end developer,20-99,In-person,4,0,5,1,0,8,
United States,35-44 years old,Bachelor's degree,Back-end developer,20-99,Hybrid,14,10,3,0,1,5,194600.0
Canada,25-34 years old,"Other doctoral degree (Ph.D, Ed.D, etc.)",Full-stack developer,500-999,Hybrid,10,8,3,0,1,7,120200.0
United States,45-54 years old,High school/GED,Data scientist/ML engineer,100-499,Hybrid,20,18,3,1,1,3,91000.0
United Kingdom,35-44 years old,Master's degree,Mobile developer,"1,000-4,999",In-person,13,10,9,0,1,7,92100.0
India,35-44 years old,Master's degree,Data/business analyst,20-99,Hybrid,12,11,4,1,0,6,29800.0
France,25-34 years old,Bachelor's degree,Desktop/embedded developer,100-499,Fully remote,10,6,3,0,1,5,
United Kingdom,35-44 years old,Master's degree,Back-end developer,"1,000-4,999",Hybrid,14,13,4,1,1,4,101200.0
India,25-34 years old,"Professional degree (JD, MD, etc.)",Back-end developer,"10,000 or more",Hybrid,0,0,3,0,1,6,29800.0
United States,55-64 years old,Master's degree,Front-end developer,20-99,In-person,33,31,4,1,0,10,155900.0
India,35-44 years old,Bachelor's degree,DevOps/SRE/platform engineer,20-99,Hybrid,19,16,6,1,0,7,
Italy,25-34 years old,Bachelor's degree,Back-end developer,100-499,Fully remote,2,2,1,1,1,4,43400.0
Germany,25-34 years old,"Professional degree (JD, MD, etc.)",Mobile developer,"1,000-4,999",Hybrid,3,2,4,1,1,9,88100.0
Poland,25-34 years old,Bachelor's degree,Back-end developer,"10,000 or more",Hybrid,6,4,4,0,1,5,48000.0
United States,35-44 years old,Master's degree,Front-end developer,100-499,Hybrid,14,10,2,1,0,9,146000.0
India,25-34 years old,Bachelor's degree,Data/business analyst,"5,000-9,999",In-person,6,6,5,1,1,1,
Canada,35-44 years old,Some college,Mobile developer,100-499,Hybrid,8,6,2,1,1,10,83600.0
Poland,25-34 years old,High school/GED,Desktop/embedded developer,2-9 employees,Hybrid,3,2,3,0,0,7,36900.0
United Kingdom,35-44 years old,"Other doctoral degree (Ph.D, Ed.D, etc.)",Back-end developer,"10,000 or more",Hybrid,18,17,5,1,1,8,
United Kingdom,35-44 years old,Bachelor's degree,Full-stack developer,20-99,Hybrid,9,9,7,1,1,6,
Poland,35-44 years old,Some college,Full-stack developer,10-19,Hybrid,16,16,3,1,1,9,66100.0
India,35-44 years old,Master's degree,Desktop/embedded developer,"10,000 or more",In-person,13,13,3,0,0,8,33600.0
United States,25-34 years old,Bachelor's degree,Back-end developer,20-99,Fully remote,3,0,3,1,1,2,103500.0
India,18-24 years old,Master's degree,Front-end developer,10-19,Hybrid,7,3,6,1,1,2,25400.0
United States,35-44 years old,Some college,Back-end developer,20-99,Hybrid,14,12,5,1,1,6,149200.0
Sweden,25-34 years old,"Professional degree (JD, MD, etc.)",Back-end developer,100-499,Hybrid,5,4,1,1,1,2,87300.0
United Kingdom,25-34 years old,Bachelor's degree,Front-end developer,2-9 employees,Fully remote,7,6,4,0,0,2,74700.0
Germany,18-24 years old,Master's degree,Mobile developer,20-99,Fully remote,7,3,5,1,1,6,80800.0
Russia,25-34 years old,High school/GED,Full-stack developer,"1,000-4,999",Hybrid,7,7,5,0,0,5,29400.0
Russia,18-24 years old,Bachelor's degree,Data scientist/ML engineer,"10,000 or more",Hybrid,5,5,3,1,1,6,41000.0
India,45-54 years old,Bachelor's degree,Back-end developer,100-499,Fully remote,22,21,5,1,1,6,45100.0
Spain,25-34 years old,"Other doctoral degree (Ph.D, Ed.D, etc.)",Data scientist/ML engineer,500-999,Hybrid,5,1,7,1,1,3,63000.0
United States,25-34 years old,Some college,Data/business analyst,"1,000-4,999",Fully remote,5,4,5,1,1,7,93000.0
Russia,18-24 years old,Master's degree,Back-end developer,2-9 employees,Hybrid,10,10,4,0,0,6,52400.0
India,35-44 years old,High school/GED,Full-stack developer,20-99,In-person,16,14,2,1,0,8,38900.0
United Kingdom,25-34 years old,Associate's degree,Full-stack developer,"1,000-4,999",Fully remote,12,12,3,0,1,10,62800.0
India,45-54 years old,Bachelor's degree,Full-stack developer,"1,000-4,999",Fully remote,26,24,2,0,1,6,39200.0
Italy,45-54 years old,Master's degree,Data scientist/ML engineer,20-99,Hybrid,24,21,2,0,1,8,104500.0
United States,25-34 years old,Master's degree,Full-stack developer,Just me,Fully remote,10,6,3,1,1,5,121500.0
Germany,45-54 years old,"Other doctoral degree (Ph.D, Ed.D, etc.)",Full-stack developer,Just me,Fully remote,23,20,4,1,1,9,
Canada,65 years or older,"Professional degree (JD, MD, etc.)",Desktop/embedded developer,100-499,In-person,30,30,2,1,1,8,97400.0
Canada,45-54 years old,High school/GED,Front-end developer,500-999,Hybrid,24,20,6,1,1,5,104800.0
Poland,45-54 years old,Master's degree,Back-end developer,500-999,Hybrid,24,24,5,1,1,7,92100.0
Brazil,25-34 years old,Bachelor's degree,Front-end developer,"1,000-4,999",Fully remote,7,3,2,0,0,9,42200.0
Netherlands,35-44 years old,Master's degree,Data scientist/ML engineer,"10,000 or more",Hybrid,17,13,4,1,1,8,119300.0
United States,18-24 years old,High school/GED,Full-stack developer,"10,000 or more",In-person,4,4,4,1,1,2,
India,18-24 years old,Master's degree,Front-end developer,"1,000-4,999",In-person,0,0,4,1,1,1,34100.0
India,65 years or older,Some college,DevOps/SRE/platform engineer,100-499,In-person,38,34,5,1,1,8,
Sweden,25-34 years old,Bachelor's degree,Back-end developer,10-19,Hybrid,6,2,6,1,1,7,86800.0
India,35-44 years old,High school/GED,Data scientist/ML engineer,100-499,Hybrid,10,10,2,1,1,7,29000.0
United States,35-44 years old,Some college,DevOps/SRE/platform engineer,500-999,Hybrid,8,8,7,1,1,10,151200.0
Canada,45-54 years old,Bachelor's degree,DevOps/SRE/platform engineer,"10,000 or more",In-person,18,17,7,1,1,4,102200.0
Germany,65 years or older,Master's degree,Front-end developer,10-19,Hybrid,40,39,2,0,1,2,103900.0
India,25-34 years old,Master's degree,Data scientist/ML engineer,"5,000-9,999",Hybrid,3,2,6,0,1,4,38800.0
Brazil,18-24 years old,Bachelor's degree,Data scientist/ML engineer,"10,000 or more",Hybrid,5,2,5,1,1,8,42100.0
United States,25-34 years old,Some college,Data scientist/ML engineer,"5,000-9,999",Hybrid,7,3,2,1,1,4,194400.0
Canada,18-24 years old,Bachelor's degree,Back-end developer,"5,000-9,999",In-person,7,5,1,1,1,7,123800.0
Germany,18-24 years old,Master's degree,Full-stack developer,20-99,Hybrid,8,5,5,1,0,9,146500.0
India,25-34 years old,Some college,Back-end developer,Just me,Hybrid,12,8,2,1,1,9,30500.0
Ukraine,35-44 years old,Bachelor's degree,Full-stack developer,20-99,In-person,15,13,2,1,0,5,
India,35-44 years old,High school/GED,Back-end developer,"5,000-9,999",Hybrid,12,11,3,0,0,9,19800.0
India,25-34 years old,Bachelor's degree,Back-end developer,2-9 employees,Fully remote,3,1,5,1,0,10,28300.0
Spain,35-44 years old,Some college,Data/business analyst,20-99,Hybrid,18,18,1,1,1,10,60400.0
United States,25-34 years old,High school/GED,Data/business analyst,500-999,Fully remote,3,3,6,1,1,9,102600.0
United States,18-24 years old,Associate's degree,Data scientist/ML engineer,500-999,Fully remote,7,3,3,1,1,2,115600.0
India,35-44 years old,Bachelor's degree,Engineer (other),100-499,Hybrid,18,15,3,1,1,7,24200.0
Canada,35-44 years old,Bachelor's degree,Security professional,"10,000 or more",Fully remote,11,10,2,1,1,6,102600.0
India,35-44 years old,Master's degree,DevOps/SRE/platform engineer,Just me,In-person,19,15,5,1,1,5,43200.0
Canada,18-24 years old,High school/GED,Full-stack developer,100-499,In-person,5,4,1,0,0,6,51000.0
United States,45-54 years old,High school/GED,Back-end developer,100-499,Fully remote,25,25,6,1,0,10,141900.0
India,35-44 years old,Some college,Front-end developer,20-99,Hybrid,14,11,1,1,1,10,
United Kingdom,35-44 years old,Master's degree,Full-stack developer,100-499,In-person,11,8,1,0,1,3,130100.0
United States,35-44 years old,Bachelor's degree,Data scientist/ML engineer,"1,000-4,999",Fully remote,10,10,3,1,0,4,177900.0
Germany,45-54 years old,Master's degree,Full-stack developer,"1,000-4,999",In-person,23,21,6,1,0,9,129400.0
United Kingdom,35-44 years old,Bachelor's degree,Back-end developer,2-9 employees,Hybrid,15,12,2,0,1,7,
Sweden,35-44 years old,Associate's degree,Full-stack developer,"5,000-9,999",In-person,13,11,1,1,1,8,104000.0
United States,65 years or older,High school/GED,Front-end developer,"10,000 or more",Hybrid,30,29,3,1,0,6,113700.0
Germany,35-44 years old,Bachelor's degree,Front-end developer,10-19,Hybrid,16,13,2,1,1,5,152000.0
India,25-34 years old,Bachelor's degree,Data scientist/ML engineer,100-499,Fully remote,11,11,3,1,1,6,58800.0
Australia,35-44 years old,Master's degree,Back-end developer,100-499,Fully remote,15,13,7,1,1,6,201600.0
Russia,25-34 years old,Master's degree,Front-end developer,10-19,Hybrid,8,7,2,1,1,10,43400.0
Russia,25-34 years old,Bachelor's degree,Data scientist/ML engineer,100-499,Hybrid,8,7,10,0,0,4,42400.0
India,35-44 years old,Bachelor's degree,Data scientist/ML engineer,20-99,Fully remote,16,13,4,1,1,10,
India,45-54 years old,Some college,Back-end developer,"10,000 or more",Hybrid,26,23,8,0,1,9,33000.0
Germany,45-54 years old,Bachelor's degree,Full-stack developer,100-499,Hybrid,25,21,6,1,0,7,134200.0
India,25-34 years old,"Professional degree (JD, MD, etc.)",Full-stack developer,"10,000 or more",In-person,8,4,2,1,0,6,29200.0
Brazil,25-34 years old,Some college,Data scientist/ML engineer,2-9 employees,In-person,6,3,5,0,0,8,46500.0
United States,25-34 years old,"Other doctoral degree (Ph.D, Ed.D, etc.)",Back-end developer,10-19,Hybrid,8,4,4,1,1,7,
France,65 years or older,Bachelor's degree,Full-stack developer,100-499,Hybrid,36,36,1,1,0,6,126300.0
Ukraine,65 years or older,Bachelor's degree,Full-stack developer,"10,000 or more",In-person,34,34,4,1,1,6,52700.0
India,35-44 years old,Some college,Data scientist/ML engineer,500-999,In-person,17,13,4,0,1,3,35100.0
France,35-44 years old,Master's degree,Front-end developer,"1,000-4,999",In-person,16,13,8,1,1,6,
United States,35-44 years old,Bachelor's degree,Back-end developer,100-499,In-person,14,14,4,1,0,5,125200.0
United States,35-44 years old,Bachelor's degree,Front-end developer,2-9 employees,In-person,17,16,5,1,1,1,168300.0
United States,18-24 years old,Bachelor's degree,Full-stack developer,"1,000-4,999",Hybrid,5,2,3,1,0,5,105700.0
United States,25-34 years old,High school/GED,Back-end developer,"1,000-4,999",Fully remote,3,1,4,1,0,5,94200.0
United States,35-44 years old,Bachelor's degree,Back-end developer,2-9 employees,Hybrid,13,11,4,1,1,5,
United Kingdom,35-44 years old,Bachelor's degree,Back-end developer,10-19,Hybrid,15,12,3,1,1,10,79200.0
Poland,25-34 years old,Master's degree,DevOps/SRE/platform engineer,100-499,In-person,4,0,2,0,1,9,61000.0
United States,55-64 years old,Master's degree,Front-end developer,100-499,In-person,32,32,5,1,1,2,171000.0
Spain,25-34 years old,Bachelor's degree,Data scientist/ML engineer,"5,000-9,999",Hybrid,5,5,4,1,1,5,77500.0
Australia,25-34 years old,Master's degree,Full-stack developer,100-499,Hybrid,9,6,4,1,1,6,155100.0
Brazil,35-44 years old,Bachelor's degree,Full-stack developer,"1,000-4,999",Fully remote,17,16,6,1,1,5,52200.0
Germany,35-44 years old,Master's degree,Full-stack developer,"1,000-4,999",In-person,14,10,3,1,1,6,102100.0
United States,35-44 years old,High school/GED,Desktop/embedded developer,"1,000-4,999",Fully remote,15,14,1,1,0,9,165600.0
Brazil,25-34 years old,Some college,Back-end developer,500-999,Hybrid,8,5,2,0,1,7,46500.0
Spain,25-34 years old,Bachelor's degree,Back-end developer,"5,000-9,999",Fully remote,7,4,4,1,1,6,54200.0
India,35-44 years old,Master's degree,Desktop/embedded developer,"1,000-4,999",Hybrid,11,10,3,0,1,7,47300.0
Brazil,35-44 years old,High school/GED,Engineer (other),"10,000 or more",Fully remote,19,17,2,1,1,5,37100.0
United States,25-34 years old,Some college,Full-stack developer,"1,000-4,999",Hybrid,7,4,2,1,1,5,99000.0
Brazil,35-44 years old,Bachelor's degree,Full-stack developer,10-19,Hybrid,18,14,8,1,1,5,64700.0
United States,25-34 years old,Less than high school,Full-stack developer,20-99,Fully remote,1,0,4,1,1,8,124100.0
Canada,35-44 years old,Master's degree,Data scientist/ML engineer,20-99,Hybrid,18,16,4,1,1,4,138700.0
Canada,45-54 years old,Bachelor's degree,Full-stack developer,2-9 employees,Fully remote,24,23,4,1,1,9,143900.0
India,25-34 years old,"Professional degree (JD, MD, etc.)",Front-end developer,"1,000-4,999",In-person,7,5,4,0,1,6,27400.0
United States,18-24 years old,High school/GED,Front-end developer,500-999,In-person,3,1,5,1,1,7,108800.0
Ukraine,35-44 years old,Bachelor's degree,Full-stack developer,500-999,Hybrid,17,13,12,1,1,7,29200.0
United Kingdom,35-44 years old,Master's degree,Full-stack developer,100-499,Hybrid,22,19,3,1,1,5,151500.0
Canada,35-44 years old,Master's degree,Back-end developer,100-499,Hybrid,9,7,2,1,1,9,108500.0
Canada,45-54 years old,Bachelor's degree,Full-stack developer,Just me,In-person,25,22,2,1,1,7,99500.0
Russia,35-44 years old,Bachelor's degree,Full-stack developer,2-9 employees,Hybrid,13,9,4,1,1,9,41400.0
United States,55-64 years old,Master's degree,Front-end developer,"1,000-4,999",In-person,31,28,2,1,1,7,137900.0
Russia,25-34 years old,High school/GED,Desktop/embedded developer,20-99,Fully remote,4,4,5,1,1,2,33800.0
United States,25-34 years old,Master's degree,Full-stack developer,2-9 employees,Hybrid,6,4,2,1,1,2,151800.0
United States,25-34 years old,Bachelor's degree,Front-end developer,20-99,In-person,9,5,4,1,1,5,138600.0
France,25-34 years old,"Other doctoral degree (Ph.D, Ed.D, etc.)",Full-stack developer,20-99,Hybrid,3,2,3,1,0,9,75900.0
Italy,35-44 years old,Bachelor's degree,Desktop/embedded developer,Just me,Fully remote,19,15,6,1,1,5,53800.0
United States,25-34 years old,High school/GED,DevOps/SRE/platform engineer,100-499,Hybrid,2,0,3,1,1,7,103200.0
Germany,45-54 years old,Bachelor's degree,Data scientist/ML engineer,Just me,Hybrid,26,22,5,1,0,4,98800.0
United Kingdom,35-44 years old,"Other doctoral degree (Ph.D, Ed.D, etc.)",Back-end developer,Just me,Hybrid,12,11,4,0,0,8,139500.0
India,35-44 years old,Master's degree,Front-end developer,"5,000-9,999",Fully remote,8,8,3,1,1,8,27500.0
Italy,25-34 years old,Bachelor's degree,Data scientist/ML engineer,20-99,Hybrid,8,6,3,1,1,9,49200.0
France,18-24 years old,Bachelor's degree,Full-stack developer,500-999,In-person,2,0,5,1,0,6,73200.0
Spain,18-24 years old,Bachelor's degree,Front-end developer,20-99,Hybrid,6,2,4,1,0,10,85300.0
India,25-34 years old,High school/GED,DevOps/SRE/platform engineer,"10,000 or more",Hybrid,4,1,5,1,1,9,
India,18-24 years old,Some college,Back-end developer,"1,000-4,999",In-person,6,3,7,1,1,6,29100.0
United Kingdom,35-44 years old,Bachelor's degree,Back-end developer,20-99,Hybrid,10,9,5,1,1,9,73800.0
Germany,45-54 years old,Bachelor's degree,Desktop/embedded developer,20-99,Hybrid,19,19,4,1,0,6,116900.0
Brazil,45-54 years old,Associate's degree,Full-stack developer,10-19,Hybrid,21,21,3,1,1,8,35000.0
India,35-44 years old,Master's degree,Back-end developer,"5,000-9,999",Fully remote,14,10,5,1,0,6,27400.0
Germany,25-34 years old,Bachelor's degree,Full-stack developer,100-499,Hybrid,9,5,4,0,1,5,119000.0
Russia,45-54 years old,Bachelor's degree,Full-stack developer,20-99,Hybrid,18,15,3,0,1,8,43600.0
Poland,45-54 years old,Some college,Full-stack developer,"10,000 or more",In-person,22,22,4,1,1,10,71000.0
United States,25-34 years old,Bachelor's degree,Back-end developer,100-499,Fully remote,10,10,2,1,1,8,251400.0
Russia,35-44 years old,Master's degree,Full-stack developer,100-499,In-person,20,20,1,1,1,10,45000.0
Canada,25-34 years old,Master's degree,Front-end developer,"10,000 or more",Fully remote,6,5,2,1,1,10,112700.0
France,35-44 years old,Associate's degree,Back-end developer,"10,000 or more",Hybrid,15,14,2,1,1,6,72900.0
India,65 years or older,Bachelor's degree,Full-stack developer,"1,000-4,999",Hybrid,34,30,5,1,0,7,34600.0
Germany,18-24 years old,"Professional degree (JD, MD, etc.)",Full-stack developer,"10,000 or more",Hybrid,9,6,2,1,1,4,123900.0
Netherlands,45-54 years old,Bachelor's degree,Full-stack developer,"10,000 or more",Fully remote,24,22,3,1,0,6,113000.0
India,35-44 years old,Associate's degree,Back-end developer,"10,000 or more",Fully remote,14,11,3,1,1,8,32000.0
United States,55-64 years old,Master's degree,Full-stack developer,20-99,Fully remote,33,32,5,1,1,7,164300.0
India,25-34 years old,Some college,Desktop/embedded developer,100-499,Hybrid,5,4,4,1,1,10,23200.0
United States,45-54 years old,Bachelor's degree,Back-end developer,20-99,In-person,23,19,6,1,1,3,171200.0
Brazil,18-24 years old,Some college,Back-end developer,"10,000 or more",Hybrid,5,3,4,1,1,7,
United States,25-34 years old,Bachelor's degree,Data scientist/ML engineer,10-19,Hybrid,2,2,1,1,1,7,147200.0
India,18-24 years old,Bachelor's degree,Back-end developer,20-99,Hybrid,7,5,1,1,1,4,32000.0
Russia,55-64 years old,High school/GED,Front-end developer,Just me,Hybrid,27,25,5,1,1,8,46600.0
United Kingdom,35-44 years old,Master's degree,DevOps/SRE/platform engineer,500-999,Hybrid,11,9,4,1,1,9,147100.0
India,45-54 years old,Bachelor's degree,Full-stack developer,"1,000-4,999",In-person,21,17,1,1,1,9,22800.0
United Kingdom,55-64 years old,Bachelor's degree,Engineer (other),20-99,Fully remote,31,30,3,1,1,10,161400.0
United States,18-24 years old,Bachelor's degree,Mobile developer,"1,000-4,999",Fully remote,0,0,6,1,1,8,122200.0
United States,25-34 years old,Master's degree,Full-stack developer,100-499,Hybrid,3,1,5,1,1,9,
Canada,18-24 years old,Bachelor's degree,Mobile developer,20-99,Fully remote,0,0,7,1,1,3,96600.0
Brazil,25-34 years old,Master's degree,Data scientist/ML engineer,"10,000 or more",Hybrid,7,5,4,1,0,6,57400.0
Russia,25-34 years old,Master's degree,Mobile developer,500-999,In-person,2,1,9,1,1,5,34300.0
Netherlands,25-34 years old,Master's degree,Desktop/embedded developer,20-99,Fully remote,2,2,3,0,1,8,81500.0
Ukraine,25-34 years old,Bachelor's degree,Desktop/embedded developer,"10,000 or more",In-person,14,11,4,1,1,5,48600.0
Italy,18-24 years old,Master's degree,Full-stack developer,100-499,In-person,1,0,3,1,1,7,60600.0
Poland,25-34 years old,Bachelor's degree,Back-end developer,"1,000-4,999",In-person,4,4,4,1,1,6,
Spain,25-34 years old,Some college,Full-stack developer,"1,000-4,999",Hybrid,6,4,5,0,1,8,48700.0
France,55-64 years old,Some college,Back-end developer,100-499,Hybrid,29,27,4,1,1,7,91400.0
United States,35-44 years old,"Other doctoral degree (Ph.D, Ed.D, etc.)",Engineer (other),100-499,In-person,15,14,4,1,0,6,85500.0
United States,55-64 years old,Associate's degree,Full-stack developer,20-99,Fully remote,32,31,3,0,1,4,
United States,25-34 years old,Master's degree,Data scientist/ML engineer,100-499,Fully remote,6,4,5,1,1,4,
Ukraine,25-34 years old,Bachelor's degree,Full-stack developer,20-99,In-person,1,1,5,0,1,8,22500.0
France,35-44 years old,Bachelor's degree,Full-stack developer,100-499,Hybrid,19,16,2,1,0,2,118400.0
Netherlands,25-34 years old,Master's degree,Back-end developer,"1,000-4,999",Fully remote,9,5,5,0,1,6,101600.0
India,25-34 years old,Some college,Full-stack developer,500-999,Hybrid,11,10,3,1,0,8,
Germany,25-34 years old,Master's degree,Data/business analyst,"5,000-9,999",In-person,2,0,4,1,0,6,73300.0
United States,18-24 years old,Master's degree,Full-stack developer,2-9 employees,In-person,2,2,5,1,1,8,163700.0
Russia,25-34 years old,Bachelor's degree,Full-stack developer,2-9 employees,Fully remote,12,11,3,1,1,8,58100.0
Spain,25-34 years old,Bachelor's degree,Full-stack developer,20-99,Hybrid,4,4,5,1,1,9,
Netherlands,35-44 years old,Some college,Back-end developer,"10,000 or more",Hybrid,12,11,8,1,0,5,
United States,18-24 years old,Bachelor's degree,Full-stack developer,"5,000-9,999",Hybrid,4,2,3,0,0,8,145200.0
United States,25-34 years old,High school/GED,Back-end developer,"10,000 or more",Hybrid,3,3,2,1,0,7,120600.0
India,35-44 years old,Bachelor's degree,Back-end developer,20-99,In-person,13,11,4,1,0,7,36900.0
India,25-34 years old,"Professional degree (JD, MD, etc.)",Full-stack developer,500-999,In-person,4,4,4,0,1,6,36800.0
Australia,25-34 years old,Bachelor's degree,Full-stack developer,500-999,In-person,4,3,2,1,1,9,125300.0
United States,45-54 years old,Master's degree,DevOps/SRE/platform engineer,500-999,In-person,28,24,6,1,1,4,230700.0
United Kingdom,25-34 years old,Bachelor's degree,Back-end developer,"1,000-4,999",In-person,10,6,4,1,0,8,63900.0
United Kingdom,18-24 years old,Associate's degree,Back-end developer,100-499,Hybrid,5,2,2,1,1,3,76300.0
Germany,25-34 years old,Bachelor's degree,Desktop/embedded developer,"1,000-4,999",In-person,10,7,2,1,1,7,75700.0
United States,25-34 years old,Master's degree,Data scientist/ML engineer,"5,000-9,999",Hybrid,6,4,5,0,1,4,
Sweden,35-44 years old,Some college,Data scientist/ML engineer,20-99,In-person,10,10,4,1,1,7,94600.0
India,35-44 years old,Master's degree,DevOps/SRE/platform engineer,"10,000 or more",Hybrid,13,10,2,1,0,7,41600.0
Brazil,18-24 years old,Bachelor's degree,Full-stack developer,100-499,Fully remote,3,2,2,1,1,8,34600.0
United States,35-44 years old,Less than high school,Full-stack developer,"1,000-4,999",In-person,13,9,2,1,0,4,
Australia,25-34 years old,Bachelor's degree,Back-end developer,"1,000-4,999",Hybrid,3,3,3,1,1,5,96300.0
United States,25-34 years old,Bachelor's degree,DevOps/SRE/platform engineer,500-999,Fully remote,7,3,6,1,0,7,200300.0
France,35-44 years old,Bachelor's degree,Full-stack developer,20-99,Hybrid,18,18,6,0,1,8,90100.0
United Kingdom,25-34 years old,Master's degree,Front-end developer,"1,000-4,999",In-person,3,0,4,1,1,7,111900.0
United States,25-34 years old,Master's degree,Desktop/embedded developer,2-9 employees,Fully remote,7,4,4,1,1,8,119900.0
United States,18-24 years old,Master's degree,Back-end developer,"10,000 or more",In-person,9,7,4,1,1,8,196200.0
Ukraine,25-34 years old,Master's degree,Full-stack developer,10-19,Hybrid,5,5,5,1,0,9,53600.0
United States,25-34 years old,"Professional degree (JD, MD, etc.)",Back-end developer,20-99,In-person,8,7,8,1,1,8,168000.0
Brazil,45-54 years old,"Professional degree (JD, MD, etc.)",Full-stack developer,"10,000 or more",Hybrid,23,20,4,1,1,6,
France,18-24 years old,Some college,Full-stack developer,10-19,Hybrid,2,0,1,1,1,3,67500.0
India,25-34 years old,Bachelor's degree,Full-stack developer,10-19,Fully remote,3,0,5,1,1,8,28300.0
United States,25-34 years old,Less than high school,Data scientist/ML engineer,"5,000-9,999",Fully remote,10,6,9,0,1,10,110800.0
United States,35-44 years old,Bachelor's degree,Mobile developer,20-99,Hybrid,13,10,5,1,1,7,140100.0
Canada,35-44 years old,"Professional degree (JD, MD, etc.)",Front-end developer,2-9 employees,Fully remote,10,10,4,1,1,4,152200.0
United Kingdom,35-44 years old,Associate's degree,Front-end developer,20-99,Hybrid,13,11,2,1,1,6,
Spain,35-44 years old,Master's degree,Back-end developer,"10,000 or more",Hybrid,17,17,5,1,1,6,
France,45-54 years old,Master's degree,Full-stack developer,20-99,Fully remote,28,27,5,1,1,4,94600.0
Australia,25-34 years old,Some college,Full-stack developer,"1,000-4,999",Hybrid,7,6,4,1,1,6,111000.0
United States,25-34 years old,Bachelor's degree,Back-end developer,100-499,Hybrid,7,4,2,1,1,8,198100.0
France,45-54 years old,Bachelor's degree,Data scientist/ML engineer,20-99,In-person,18,16,7,1,0,6,98200.0
United States,65 years or older,Some college,Data/business analyst,10-19,Hybrid,38,36,4,1,1,10,176400.0
India,45-54 years old,Bachelor's degree,Back-end developer,"10,000 or more",In-person,27,25,7,1,0,5,41600.0
Brazil,25-34 years old,Bachelor's degree,Back-end developer,100-499,Hybrid,6,4,1,0,1,3,30400.0
Netherlands,25-34 years old,Bachelor's degree,Back-end developer,2-9 employees,Fully remote,3,0,6,1,0,8,91100.0
India,25-34 years old,Some college,Back-end developer,20-99,In-person,7,7,4,1,1,3,27200.0
Netherlands,35-44 years old,Bachelor's degree,Front-end developer,100-499,Hybrid,18,15,6,1,1,2,122300.0
Germany,25-34 years old,High school/GED,Data scientist/ML engineer,100-499,Fully remote,0,0,6,1,1,6,
Spain,25-34 years old,Master's degree,Data scientist/ML engineer,10-19,Hybrid,10,6,3,1,1,9,121500.0
United States,45-54 years old,Bachelor's degree,Front-end developer,20-99,Hybrid,25,21,9,1,1,7,175200.0
United States,25-34 years old,Master's degree,Back-end developer,"5,000-9,999",Hybrid,5,5,2,1,1,9,
Netherlands,45-54 years old,Master's degree,Data/business analyst,100-499,In-person,21,18,4,1,1,9,133900.0
Canada,25-34 years old,Master's degree,Data scientist/ML engineer,Just me,Fully remote,9,8,3,1,1,3,229400.0
United Kingdom,25-34 years old,Bachelor's degree,Back-end developer,2-9 employees,In-person,7,4,6,1,1,2,103600.0
Canada,25-34 years old,Associate's degree,Back-end developer,100-499,Fully remote,2,1,5,1,1,5,80000.0
Ukraine,35-44 years old,Bachelor's degree,DevOps/SRE/platform engineer,2-9 employees,Hybrid,9,6,3,1,1,9,38500.0
France,18-24 years old,High school/GED,Back-end developer,10-19,In-person,7,5,4,1,1,7,
France,25-34 years old,"Professional degree (JD, MD, etc.)",Back-end developer,"1,000-4,999",In-person,9,7,2,1,1,10,89000.0
Poland,55-64 years old,Bachelor's degree,Full-stack developer,100-499,In-person,32,28,3,1,1,5,46300.0
Spain,25-34 years old,"Other doctoral degree (Ph.D, Ed.D, etc.)",DevOps/SRE/platform engineer,100-499,Hybrid,8,4,4,1,0,6,90500.0
India,35-44 years old,Master's degree,Front-end developer,500-999,Hybrid,10,10,4,1,0,1,
Canada,35-44 years old,High school/GED,Front-end developer,"5,000-9,999",Fully remote,10,9,5,1,0,9,80500.0
Canada,25-34 years old,Master's degree,DevOps/SRE/platform engineer,10-19,In-person,6,4,5,0,1,4,
United States,35-44 years old,Bachelor's degree,Mobile developer,10-19,Hybrid,9,6,6,1,1,10,135700.0
United Kingdom,25-34 years old,Bachelor's degree,DevOps/SRE/platform engineer,10-19,In-person,3,3,1,0,1,5,112200.0
United States,25-34 years old,Bachelor's degree,Full-stack developer,"10,000 or more",Hybrid,7,4,3,1,1,10,145200.0
United States,25-34 years old,"Professional degree (JD, MD, etc.)",Back-end developer,500-999,Hybrid,9,7,3,1,1,8,145100.0
Russia,35-44 years old,Bachelor's degree,Back-end developer,2-9 employees,Hybrid,14,12,7,0,1,7,25600.0
United States,25-34 years old,Master's degree,Full-stack developer,20-99,Hybrid,9,7,3,0,1,3,152900.0
Canada,35-44 years old,Bachelor's degree,Mobile developer,"1,000-4,999",Fully remote,18,16,6,1,1,3,132900.0
India,25-34 years old,Bachelor's degree,Mobile developer,Just me,Hybrid,11,8,3,1,1,5,27900.0
United Kingdom,25-34 years old,Bachelor's degree,Back-end developer,"1,000-4,999",Hybrid,6,6,3,1,1,6,105300.0
United States,25-34 years old,Bachelor's degree,Full-stack developer,"10,000 or more",In-person,7,5,6,1,1,7,138600.0
Germany,25-34 years old,Bachelor's degree,Full-stack developer,2-9 employees,Hybrid,6,2,2,1,1,4,111400.0
Spain,45-54 years old,Bachelor's degree,Back-end developer,10-19,Fully remote,22,22,3,1,0,8,110000.0
India,25-34 years old,Master's degree,Full-stack developer,Just me,In-person,14,10,5,1,1,2,37700.0
India,45-54 years old,Associate's degree,Front-end developer,2-9 employees,Fully remote,24,21,9,1,1,9,35300.0
Germany,55-64 years old,"Other doctoral degree (Ph.D, Ed.D, etc.)",Front-end developer,500-999,Hybrid,36,34,3,1,0,9,84700.0
United States,35-44 years old,Some college,Mobile developer,2-9 employees,Hybrid,7,7,1,1,0,9,89300.0
India,25-34 years old,Bachelor's degree,Full-stack developer,100-499,Fully remote,4,2,5,1,1,6,22600.0
United States,25-34 years old,High school/GED,Back-end developer,100-499,Fully remote,10,8,3,1,1,4,143600.0
Germany,35-44 years old,High school/GED,DevOps/SRE/platform engineer,"10,000 or more",In-person,13,13,1,1,1,7,117100.0
Spain,25-34 years old,"Professional degree (JD, MD, etc.)",Back-end developer,100-499,Fully remote,11,9,1,1,1,8,78000.0
United Kingdom,18-24 years old,Master's degree,Full-stack developer,10-19,Hybrid,3,1,2,1,1,5,104800.0
Canada,25-34 years old,Master's degree,Full-stack developer,20-99,Hybrid,3,2,5,0,1,8,141400.0
United States,45-54 years old,Master's degree,DevOps/SRE/platform engineer,"1,000-4,999",Hybrid,20,19,5,1,1,1,263200.0
Spain,35-44 years old,Master's degree,Data scientist/ML engineer,2-9 employees,Fully remote,7,7,2,0,1,9,
India,25-34 years old,Master's degree,DevOps/SRE/platform engineer,20-99,Hybrid,2,2,4,1,1,5,31000.0
Sweden,35-44 years old,Master's degree,Full-stack developer,"10,000 or more",Fully remote,17,15,6,1,0,9,91700.0
United States,25-34 years old,Bachelor's degree,Data scientist/ML engineer,Just me,Hybrid,12,8,7,1,0,7,137900.0
Ukraine,25-34 years old,Bachelor's degree,Front-end developer,10-19,Hybrid,6,6,5,1,1,6,
Canada,45-54 years old,Master's degree,Full-stack developer,"10,000 or more",Hybrid,17,15,5,1,1,8,124800.0
United States,25-34 years old,High school/GED,Engineer (other),2-9 employees,Hybrid,8,4,7,1,1,6,140100.0
Sweden,25-34 years old,Master's degree,Front-end developer,2-9 employees,Hybrid,2,1,3,1,1,8,50200.0
United States,18-24 years old,Some college,Mobile developer,10-19,Hybrid,5,5,4,1,1,6,105100.0
Brazil,45-54 years old,Master's degree,DevOps/SRE/platform engineer,"1,000-4,999",Hybrid,20,18,6,1,1,9,52800.0
Russia,35-44 years old,Bachelor's degree,Back-end developer,"10,000 or more",Fully remote,10,9,5,1,1,10,42200.0
United States,35-44 years old,Bachelor's degree,Front-end developer,500-999,Hybrid,15,12,1,1,1,8,181300.0
India,35-44 years old,High school/GED,Back-end developer,10-19,In-person,11,10,5,1,1,7,40200.0
United Kingdom,25-34 years old,Master's degree,Desktop/embedded developer,10-19,Hybrid,11,9,3,1,0,7,89700.0
France,25-34 years old,Some college,Front-end developer,100-499,Hybrid,7,3,5,1,0,10,80200.0
Spain,25-34 years old,Master's degree,Data scientist/ML engineer,"1,000-4,999",In-person,4,1,7,1,0,6,75400.0
Poland,18-24 years old,Master's degree,Full-stack developer,"1,000-4,999",Hybrid,3,0,3,1,1,9,48100.0
India,25-34 years old,Bachelor's degree,Desktop/embedded developer,500-999,Fully remote,8,5,5,0,0,1,35600.0
Australia,45-54 years old,"Other doctoral degree (Ph.D, Ed.D, etc.)",Back-end developer,"10,000 or more",Hybrid,18,18,2,1,1,9,134100.0
Sweden,18-24 years old,High school/GED,Full-stack developer,20-99,Fully remote,2,0,6,1,1,6,70400.0
United States,25-34 years old,Bachelor's degree,Data scientist/ML engineer,10-19,Fully remote,12,9,5,1,1,5,140600.0
United States,25-34 years old,Bachelor's degree,Full-stack developer,"10,000 or more",In-person,8,7,2,0,1,4,104400.0
Germany,25-34 years old,Bachelor's degree,Full-stack developer,20-99,Fully remote,9,5,1,1,0,3,
Russia,45-54 years old,Some college,Full-stack developer,20-99,Hybrid,26,24,2,1,1,9,38000.0
United States,25-34 years old,Master's degree,Back-end developer,100-499,Fully remote,8,7,6,1,0,6,227000.0
Russia,25-34 years old,"Professional degree (JD, MD, etc.)",Back-end developer,100-499,In-person,3,3,5,0,1,10,59000.0
Italy,35-44 years old,Some college,Data scientist/ML engineer,20-99,In-person,12,9,5,1,1,6,
United States,25-34 years old,Associate's degree,Desktop/embedded developer,"10,000 or more",In-person,8,7,7,0,1,10,128000.0
Germany,25-34 years old,"Other doctoral degree (Ph.D, Ed.D, etc.)",Back-end developer,10-19,In-person,8,6,1,0,1,8,156700.0
India,25-34 years old,High school/GED,Back-end developer,100-499,Hybrid,7,6,6,0,1,4,30400.0
India,35-44 years old,Bachelor's degree,Full-stack developer,Just me,Hybrid,9,9,7,1,1,5,33000.0
Germany,65 years or older,Bachelor's degree,Desktop/embedded developer,"5,000-9,999",Hybrid,41,37,5,1,1,10,107200.0
Poland,35-44 years old,Bachelor's degree,Back-end developer,10-19,Hybrid,13,10,5,1,0,6,66600.0
Canada,25-34 years old,Master's degree,Full-stack developer,"5,000-9,999",In-person,7,5,2,1,1,2,119200.0
Sweden,45-54 years old,"Other doctoral degree (Ph.D, Ed.D, etc.)",Full-stack developer,10-19,Hybrid,27,24,3,1,1,6,127000.0
India,25-34 years old,Bachelor's degree,Back-end developer,100-499,In-person,6,3,5,0,1,9,43400.0
United Kingdom,18-24 years old,Master's degree,Data scientist/ML engineer,"1,000-4,999",In-person,3,0,3,1,1,10,113100.0
Australia,25-34 years old,Master's degree,Full-stack developer,20-99,Hybrid,3,2,3,1,0,1,132600.0
India,25-34 years old,Bachelor's degree,Full-stack developer,20-99,In-person,9,8,5,0,0,7,36400.0
Germany,25-34 years old,High school/GED,Full-stack developer,"1,000-4,999",Hybrid,10,6,2,0,1,5,81500.0
France,35-44 years old,Master's degree,Data/business analyst,10-19,In-person,12,12,5,1,1,10,109100.0
Spain,45-54 years old,Bachelor's degree,Desktop/embedded developer,"10,000 or more",Fully remote,20,18,6,0,1,6,100000.0
India,25-34 years old,Associate's degree,Full-stack developer,10-19,Fully remote,7,6,6,1,1,10,26300.0
United Kingdom,25-34 years old,"Other doctoral degree (Ph.D, Ed.D, etc.)",Full-stack developer,"1,000-4,999",In-person,5,2,4,0,1,7,83200.0
Sweden,18-24 years old,Master's degree,DevOps/SRE/platform engineer,"5,000-9,999",Hybrid,2,2,8,1,1,9,92300.0
United States,18-24 years old,"Other doctoral degree (Ph.D, Ed.D, etc.)",Full-stack developer,100-499,Hybrid,2,0,1,1,0,10,193300.0
Germany,25-34 years old,Bachelor's degree,Security professional,10-19,In-person,4,2,1,0,1,3,123700.0
Canada,25-34 years old,Master's degree,Full-stack developer,10-19,Hybrid,5,3,3,1,1,4,114500.0
United States,45-54 years old,Bachelor's degree,Full-stack developer,"10,000 or more",Fully remote,21,19,3,1,1,5,296200.0
Canada,25-34 years old,"Other doctoral degree (Ph.D, Ed.D, etc.)",Desktop/embedded developer,"1,000-4,999",In-person,9,5,6,1,1,7,91500.0
United States,18-24 years old,"Other doctoral degree (Ph.D, Ed.D, etc.)",Front-end developer,100-499,Hybrid,4,2,3,1,1,5,154900.0
Spain,25-34 years old,"Other doctoral degree (Ph.D, Ed.D, etc.)",Security professional,20-99,Fully remote,0,0,5,0,1,10,56800.0
Netherlands,25-34 years old,"Other doctoral degree (Ph.D, Ed.D, etc.)",Data scientist/ML engineer,Just me,Hybrid,4,3,4,0,1,4,88800.0
United States,18-24 years old,Less than high school,Back-end developer,"1,000-4,999",Fully remote,0,0,3,1,1,4,78300.0
United States,35-44 years old,Master's degree,Desktop/embedded developer,"10,000 or more",Fully remote,20,17,4,1,0,4,129000.0
Poland,18-24 years old,Bachelor's degree,DevOps/SRE/platform engineer,2-9 employees,Hybrid,4,0,4,1,1,6,51800.0
India,35-44 years old,Master's degree,Back-end developer,"5,000-9,999",Hybrid,16,12,5,1,1,2,39900.0
United Kingdom,25-34 years old,"Other doctoral degree (Ph.D, Ed.D, etc.)",Full-stack developer,10-19,Fully remote,12,9,2,1,1,8,139300.0
India,25-34 years old,High school/GED,Full-stack developer,"5,000-9,999",Fully remote,1,1,3,1,1,5,
United States,25-34 years old,Bachelor's degree,Full-stack developer,100-499,Hybrid,6,6,7,1,1,10,140100.0
India,35-44 years old,Master's degree,DevOps/SRE/platform engineer,"1,000-4,999",In-person,13,10,5,1,1,4,61700.0
India,25-34 years old,Bachelor's degree,Back-end developer,"10,000 or more",Fully remote,5,3,5,0,1,3,39100.0
Germany,35-44 years old,Associate's degree,Full-stack developer,"1,000-4,999",Fully remote,12,10,5,1,1,6,97000.0
Poland,18-24 years old,High school/GED,Data scientist/ML engineer,"10,000 or more",Hybrid,1,0,5,1,1,5,37900.0
United Kingdom,35-44 years old,Some college,Full-stack developer,20-99,Hybrid,20,20,5,1,1,9,76900.0
Canada,25-34 years old,Master's degree,Front-end developer,"10,000 or more",Hybrid,8,8,2,1,1,7,99100.0
Germany,35-44 years old,Bachelor's degree,DevOps/SRE/platform engineer,"10,000 or more",In-person,18,15,1,1,1,7,187800.0
India,35-44 years old,High school/GED,Back-end developer,2-9 employees,Hybrid,16,13,6,1,1,8,25300.0
United States,45-54 years old,"Other doctoral degree (Ph.D, Ed.D, etc.)",Full-stack developer,100-499,In-person,17,15,4,0,1,8,122100.0
India,25-34 years old,Master's degree,Back-end developer,"10,000 or more",Hybrid,6,6,4,0,1,1,26000.0
France,18-24 years old,Bachelor's degree,Data scientist/ML engineer,2-9 employees,Hybrid,5,5,3,1,1,8,88500.0
Brazil,18-24 years old,Bachelor's degree,Back-end developer,100-499,In-person,4,0,4,1,1,8,42400.0
Germany,45-54 years old,Master's degree,Full-stack developer,"1,000-4,999",In-person,24,23,3,1,1,4,178300.0
France,25-34 years old,Bachelor's degree,Full-stack developer,2-9 employees,In-person,8,7,5,1,1,8,109400.0
United States,35-44 years old,Master's degree,Data scientist/ML engineer,"5,000-9,999",Fully remote,20,18,4,1,0,10,194100.0
Spain,25-34 years old,Master's degree,Back-end developer,20-99,In-person,4,4,4,0,0,5,69500.0
Spain,25-34 years old,Some college,Data scientist/ML engineer,20-99,In-person,6,2,3,1,1,2,74200.0
India,18-24 years old,"Professional degree (JD, MD, etc.)",Front-end developer,500-999,Fully remote,0,0,5,0,1,9,
United Kingdom,55-64 years old,Bachelor's degree,Front-end developer,100-499,Hybrid,35,32,6,1,1,4,86100.0
Canada,35-44 years old,Bachelor's degree,Mobile developer,"10,000 or more",Hybrid,9,7,6,0,1,8,86900.0
Germany,55-64 years old,"Other doctoral degree (Ph.D, Ed.D, etc.)",Full-stack developer,"1,000-4,999",Hybrid,23,22,3,0,1,6,191800.0
Russia,25-34 years old,Bachelor's degree,Full-stack developer,100-499,Hybrid,5,5,1,0,1,9,32800.0
Poland,35-44 years old,Master's degree,Front-end developer,"1,000-4,999",In-person,13,11,2,1,1,10,49800.0
France,35-44 years old,Master's degree,Full-stack developer,"5,000-9,999",Hybrid,13,12,8,0,0,6,110800.0
United Kingdom,25-34 years old,Some college,Front-end developer,"10,000 or more",Hybrid,8,8,2,1,1,10,79600.0
United States,45-54 years old,"Other doctoral degree (Ph.D, Ed.D, etc.)",Engineer (other),"1,000-4,999",Hybrid,22,18,4,1,0,1,129400.0
United States,55-64 years old,Bachelor's degree,DevOps/SRE/platform engineer,100-499,Hybrid,24,22,1,0,1,7,243100.0
India,45-54 years old,Bachelor's degree,Front-end developer,100-499,Hybrid,26,26,5,1,1,8,36000.0
United States,35-44 years old,"Professional degree (JD, MD, etc.)",Mobile developer,"10,000 or more",In-person,10,9,4,1,1,6,
Sweden,25-34 years old,Bachelor's degree,Full-stack developer,"5,000-9,999",Fully remote,3,2,3,1,1,8,74400.0
India,25-34 years old,Master's degree,Back-end developer,2-9 employees,Hybrid,12,8,5,0,1,5,39700.0
Spain,55-64 years old,Master's degree,Back-end developer,"1,000-4,999",Fully remote,29,27,3,1,1,3,
Australia,18-24 years old,Bachelor's degree,Back-end developer,100-499,Fully remote,3,1,3,1,0,9,113300.0
Australia,35-44 years old,Some college,Full-stack developer,2-9 employees,In-person,13,13,4,1,1,5,92100.0
United States,35-44 years old,High school/GED,Mobile developer,500-999,Fully remote,16,15,2,1,1,4,116500.0
Germany,35-44 years old,Master's degree,Data scientist/ML engineer,20-99,Fully remote,12,11,3,0,1,4,149000.0
India,65 years or older,Associate's degree,Front-end developer,"1,000-4,999",Fully remote,44,40,4,1,1,9,35400.0
Sweden,25-34 years old,Bachelor's degree,Full-stack developer,20-99,Hybrid,4,0,4,1,1,2,102600.0
Spain,25-34 years old,Bachelor's degree,Back-end developer,10-19,Fully remote,9,7,4,0,1,7,79400.0
India,18-24 years old,Bachelor's degree,Mobile developer,2-9 employees,Hybrid,1,0,2,1,1,4,30700.0
India,25-34 years old,Master's degree,Front-end developer,100-499,Fully remote,9,9,4,1,1,8,28300.0
United Kingdom,25-34 years old,"Other doctoral degree (Ph.D, Ed.D, etc.)",Front-end developer,20-99,Hybrid,8,5,4,1,0,8,108300.0
India,25-34 years old,Bachelor's degree,Mobile developer,"10,000 or more",Fully remote,3,3,6,1,1,7,38400.0
Australia,45-54 years old,Bachelor's degree,Front-end developer,Just me,Hybrid,26,22,4,1,1,7,129400.0
Australia,55-64 years old,Master's degree,Front-end developer,"10,000 or more",Fully remote,31,31,4,1,1,7,132000.0
Brazil,25-34 years old,Bachelor's degree,Back-end developer,100-499,Fully remote,8,7,5,1,1,7,50000.0
Brazil,25-34 years old,"Professional degree (JD, MD, etc.)",Back-end developer,"10,000 or more",Hybrid,4,2,4,1,0,5,
United Kingdom,45-54 years old,Bachelor's degree,Desktop/embedded developer,20-99,In-person,22,19,4,0,1,8,64800.0
India,18-24 years old,Bachelor's degree,Back-end developer,2-9 employees,In-person,3,1,7,1,1,8,
Australia,18-24 years old,"Other doctoral degree (Ph.D, Ed.D, etc.)",Front-end developer,"1,000-4,999",Fully remote,4,1,3,1,1,9,73300.0
Spain,25-34 years old,Bachelor's degree,Full-stack developer,"1,000-4,999",Fully remote,10,7,6,0,1,3,
United States,35-44 years old,Bachelor's degree,Full-stack developer,100-499,Hybrid,7,6,3,1,1,6,193700.0
India,25-34 years old,Some college,Back-end developer,Just me,Fully remote,7,6,4,1,1,6,30600.0
United States,55-64 years old,"Other doctoral degree (Ph.D, Ed.D, etc.)",Full-stack developer,100-499,In-person,31,27,2,1,1,10,236800.0
Australia,25-34 years old,Master's degree,Mobile developer,20-99,In-person,6,2,6,1,1,8,100500.0
United States,25-34 years old,Bachelor's degree,Back-end developer,20-99,Hybrid,6,3,1,1,1,7,119300.0
France,25-34 years old,Master's degree,Front-end developer,100-499,Hybrid,8,4,6,1,0,10,74500.0
India,25-34 years old,Bachelor's degree,Full-stack developer,"1,000-4,999",Hybrid,1,0,4,1,1,4,23300.0
Australia,35-44 years old,Bachelor's degree,Full-stack developer,"10,000 or more",Fully remote,14,10,5,1,0,6,89100.0
United Kingdom,35-44 years old,Master's degree,Back-end developer,10-19,In-person,12,9,8,1,1,7,
India,35-44 years old,Master's degree,Mobile developer,"1,000-4,999",Fully remote,16,14,3,1,1,7,39000.0
India,35-44 years old,Bachelor's degree,Back-end developer,20-99,Hybrid,10,10,2,1,0,7,29400.0
India,45-54 years old,High school/GED,DevOps/SRE/platform engineer,20-99,Fully remote,23,19,2,1,1,8,40800.0
Netherlands,35-44 years old,High school/GED,Full-stack developer,"1,000-4,999",Fully remote,18,17,9,1,0,8,
Brazil,35-44 years old,Master's degree,Full-stack developer,"5,000-9,999",Hybrid,17,15,4,1,1,8,47000.0
India,18-24 years old,Master's degree,Data scientist/ML engineer,"10,000 or more",In-person,5,4,6,1,1,8,46900.0
Germany,18-24 years old,Master's degree,Front-end developer,"5,000-9,999",Fully remote,4,0,3,1,1,8,88600.0
United States,25-34 years old,Master's degree,Back-end developer,10-19,In-person,10,7,1,1,0,5,204800.0
Australia,35-44 years old,Master's degree,Full-stack developer,20-99,In-person,11,11,5,1,1,8,
India,25-34 years old,Master's degree,Full-stack developer,"5,000-9,999",In-person,4,4,7,1,0,8,25000.0
Russia,25-34 years old,Some college,Back-end developer,100-499,Fully remote,8,6,1,0,1,8,26700.0
Canada,45-54 years old,Bachelor's degree,DevOps/SRE/platform engineer,20-99,Fully remote,18,18,1,1,1,5,
United Kingdom,45-54 years old,Bachelor's degree,Full-stack developer,100-499,Fully remote,27,24,1,1,0,5,105700.0
United States,45-54 years old,Bachelor's degree,Mobile developer,"10,000 or more",Hybrid,21,20,1,1,0,8,195000.0
United States,25-34 years old,Master's degree,Full-stack developer,"5,000-9,999",In-person,10,7,5,1,0,6,170400.0
United Kingdom,35-44 years old,"Professional degree (JD, MD, etc.)",Front-end developer,100-499,Fully remote,18,16,3,0,1,10,181700.0
Germany,25-34 years old,Bachelor's degree,Full-stack developer,"10,000 or more",Hybrid,10,8,1,1,1,3,61400.0
United States,25-34 years old,"Other doctoral degree (Ph.D, Ed.D, etc.)",Back-end developer,"5,000-9,999",Hybrid,1,1,4,0,1,4,153900.0
Australia,25-34 years old,Bachelor's degree,Full-stack developer,Just me,Hybrid,9,6,4,1,1,4,125500.0
India,25-34 years old,Bachelor's degree,Full-stack developer,2-9 employees,Hybrid,9,8,9,1,1,5,25700.0
India,25-34 years old,Bachelor's degree,Data/business analyst,500-999,Fully remote,11,8,5,1,1,9,27400.0
Netherlands,45-54 years old,Bachelor's degree,Data scientist/ML engineer,20-99,In-person,18,17,9,0,1,6,173900.0
Russia,18-24 years old,Bachelor's degree,Data scientist/ML engineer,"5,000-9,999",In-person,1,0,3,0,1,7,27900.0
India,35-44 years old,Bachelor's degree,Full-stack developer,"10,000 or more",Hybrid,18,15,3,0,0,6,41800.0
Netherlands,25-34 years old,"Other doctoral degree (Ph.D, Ed.D, etc.)",Mobile developer,20-99,Hybrid,7,3,4,0,1,9,
France,25-34 years old,Master's degree,Back-end developer,"5,000-9,999",In-person,7,4,4,1,1,6,57300.0
Italy,25-34 years old,Bachelor's degree,DevOps/SRE/platform engineer,100-499,Fully remote,11,10,1,1,1,9,69200.0
United States,25-34 years old,High school/GED,Full-stack developer,100-499,Hybrid,7,5,6,1,0,7,
Sweden,35-44 years old,"Other doctoral degree (Ph.D, Ed.D, etc.)",Full-stack developer,"5,000-9,999",Fully remote,12,10,5,1,1,5,125500.0
India,25-34 years old,Bachelor's degree,Security professional,500-999,Hybrid,2,2,4,1,0,6,32300.0
India,25-34 years old,"Other doctoral degree (Ph.D, Ed.D, etc.)",Back-end developer,"1,000-4,999",In-person,8,6,4,1,0,6,45500.0
India,18-24 years old,Bachelor's degree,DevOps/SRE/platform engineer,2-9 employees,Hybrid,4,0,3,0,0,5,24200.0
India,25-34 years old,Bachelor's degree,Back-end developer,500-999,In-person,5,4,6,1,1,3,
Brazil,45-54 years old,Master's degree,Front-end developer,20-99,Hybrid,24,21,5,1,1,9,55400.0
Canada,25-34 years old,Bachelor's degree,DevOps/SRE/platform engineer,100-499,In-person,12,9,5,1,0,7,123800.0
India,35-44 years old,Master's degree,Front-end developer,20-99,In-person,18,14,5,1,0,5,33900.0
United States,35-44 years old,Bachelor's degree,Data scientist/ML engineer,500-999,Hybrid,12,10,3,1,1,6,115500.0
India,55-64 years old,Master's degree,Full-stack developer,10-19,In-person,33,32,2,1,1,7,49700.0
India,45-54 years old,Master's degree,Full-stack developer,10-19,In-person,21,19,3,1,0,8,37200.0
India,35-44 years old,Some college,Full-stack developer,10-19,Fully remote,8,8,7,1,1,7,31400.0
India,35-44 years old,Bachelor's degree,Back-end developer,"5,000-9,999",In-person,13,11,5,1,1,5,36900.0
United States,45-54 years old,High school/GED,Data scientist/ML engineer,2-9 employees,Hybrid,24,24,4,1,1,3,155000.0
Germany,25-34 years old,Some college,Back-end developer,"1,000-4,999",Fully remote,8,5,5,1,1,3,73600.0
Australia,25-34 years old,Master's degree,Front-end developer,2-9 employees,Fully remote,6,5,4,0,0,3,166200.0
United States,18-24 years old,High school/GED,Data scientist/ML engineer,500-999,In-person,6,6,6,1,1,6,195000.0
United States,45-54 years old,Bachelor's degree,Full-stack developer,"5,000-9,999",In-person,18,16,5,1,1,6,171300.0
Germany,35-44 years old,Associate's degree,DevOps/SRE/platform engineer,20-99,Hybrid,10,8,4,1,0,10,127500.0
India,18-24 years old,Bachelor's degree,Data/business analyst,20-99,Hybrid,3,0,2,1,1,1,
United Kingdom,35-44 years old,Some college,Full-stack developer,20-99,Hybrid,17,13,6,1,1,8,105900.0
Ukraine,25-34 years old,Bachelor's degree,Full-stack developer,"1,000-4,999",In-person,9,5,6,0,1,7,35600.0
Poland,18-24 years old,Master's degree,Full-stack developer,20-99,In-person,8,6,8,1,1,4,72900.0
Brazil,65 years or older,Master's degree,Data scientist/ML engineer,100-499,In-person,40,36,7,1,1,10,89000.0
India,25-34 years old,"Other doctoral degree (Ph.D, Ed.D, etc.)",Full-stack developer,10-19,In-person,5,4,3,0,0,9,41100.0
India,18-24 years old,High school/GED,Data scientist/ML engineer,100-499,Hybrid,6,2,2,1,1,5,18200.0
United Kingdom,35-44 years old,Master's degree,Back-end developer,"1,000-4,999",Hybrid,13,12,3,1,1,5,113800.0
Russia,35-44 years old,Master's degree,DevOps/SRE/platform engineer,2-9 employees,Hybrid,9,7,5,1,1,4,75800.0
Spain,18-24 years old,Bachelor's degree,Data scientist/ML engineer,"5,000-9,999",Hybrid,12,10,6,1,1,5,97300.0
Germany,35-44 years old,Master's degree,Data/business analyst,"10,000 or more",In-person,16,14,2,0,0,5,86400.0
India,25-34 years old,Master's degree,Full-stack developer,20-99,Fully remote,9,6,3,0,1,5,24500.0
United States,18-24 years old,Bachelor's degree,Full-stack developer,"5,000-9,999",Fully remote,7,3,2,1,0,7,137700.0
United States,25-34 years old,Master's degree,Full-stack developer,20-99,In-person,7,7,5,0,1,6,99900.0
Australia,35-44 years old,Bachelor's degree,Back-end developer,"1,000-4,999",Hybrid,12,12,10,1,1,7,131100.0
India,25-34 years old,Bachelor's degree,Back-end developer,20-99,Hybrid,5,3,5,1,1,2,
India,55-64 years old,Bachelor's degree,Data/business analyst,"10,000 or more",In-person,34,30,5,0,1,8,31400.0
Australia,35-44 years old,Master's degree,DevOps/SRE/platform engineer,20-99,Fully remote,14,13,4,0,1,10,196600.0
United States,65 years or older,Bachelor's degree,Full-stack developer,"10,000 or more",In-person,33,33,3,1,1,10,175000.0
Germany,25-34 years old,Bachelor's degree,Data scientist/ML engineer,"5,000-9,999",Fully remote,11,9,4,1,1,4,97800.0
United States,55-64 years old,Bachelor's degree,Full-stack developer,20-99,Hybrid,29,29,2,1,0,6,236700.0
Germany,25-34 years old,Master's degree,Full-stack developer,10-19,Hybrid,7,7,2,1,0,10,112500.0
United States,25-34 years old,Master's degree,DevOps/SRE/platform engineer,"5,000-9,999",In-person,9,9,4,1,1,5,169400.0
United Kingdom,18-24 years old,High school/GED,Engineer (other),100-499,Hybrid,4,2,2,0,1,7,46400.0
Netherlands,18-24 years old,Master's degree,Full-stack developer,"10,000 or more",Fully remote,4,2,3,1,1,8,93500.0
France,35-44 years old,Bachelor's degree,DevOps/SRE/platform engineer,"10,000 or more",Fully remote,17,14,5,1,1,1,90400.0
United Kingdom,25-34 years old,Bachelor's degree,DevOps/SRE/platform engineer,"1,000-4,999",Hybrid,6,3,3,1,1,3,106300.0
Australia,25-34 years old,Bachelor's degree,Full-stack developer,100-499,Hybrid,8,5,9,1,0,4,72300.0
United States,35-44 years old,Master's degree,Full-stack developer,20-99,Hybrid,12,12,3,0,1,7,
Australia,25-34 years old,Master's degree,Data scientist/ML engineer,"10,000 or more",Hybrid,6,2,5,1,1,1,152100.0
India,35-44 years old,Master's degree,Data scientist/ML engineer,2-9 employees,In-person,21,19,1,1,1,6,48800.0
India,25-34 years old,Bachelor's degree,Back-end developer,100-499,Hybrid,4,1,4,1,1,4,34800.0
United States,45-54 years old,Bachelor's degree,Full-stack developer,20-99,Fully remote,20,16,2,0,1,9,221600.0
United States,45-54 years old,Some college,Front-end developer,"10,000 or more",Fully remote,27,24,4,0,1,7,134300.0
Ukraine,25-34 years old,"Other doctoral degree (Ph.D, Ed.D, etc.)",Desktop/embedded developer,2-9 employees,Hybrid,10,7,1,0,0,3,44100.0
United States,25-34 years old,Bachelor's degree,Back-end developer,"10,000 or more",In-person,6,2,4,1,1,7,
India,25-34 years old,Bachelor's degree,Full-stack developer,100-499,Fully remote,10,7,4,0,0,7,27900.0
United Kingdom,35-44 years old,Master's degree,DevOps/SRE/platform engineer,2-9 employees,Fully remote,16,16,1,1,1,5,166400.0
India,25-34 years old,High school/GED,Front-end developer,"1,000-4,999",Hybrid,5,5,4,0,0,6,27500.0
Spain,25-34 years old,Master's degree,DevOps/SRE/platform engineer,2-9 employees,Fully remote,13,13,1,1,1,10,121800.0
Russia,18-24 years old,Master's degree,Mobile developer,20-99,Fully remote,1,0,11,1,1,5,44400.0
India,25-34 years old,Master's degree,Data scientist/ML engineer,"5,000-9,999",Hybrid,10,7,3,0,1,8,53200.0
United States,25-34 years old,High school/GED,Data/business analyst,10-19,Hybrid,9,8,5,1,1,8,121900.0
United States,45-54 years old,Bachelor's degree,Data/business analyst,20-99,Hybrid,25,23,5,1,1,6,
Germany,25-34 years old,High school/GED,Front-end developer,20-99,Fully remote,8,4,3,1,1,10,69800.0
India,25-34 years old,Bachelor's degree,Data scientist/ML engineer,500-999,In-person,6,4,1,1,1,8,31100.0
Germany,35-44 years old,Master's degree,Desktop/embedded developer,"5,000-9,999",Hybrid,14,13,7,1,0,1,106600.0
Poland,45-54 years old,Some college,Front-end developer,20-99,In-person,22,22,7,0,1,7,73600.0
India,25-34 years old,Master's degree,Full-stack developer,20-99,Hybrid,10,7,3,1,0,3,34800.0
United States,25-34 years old,Bachelor's degree,Back-end developer,20-99,Fully remote,11,8,3,1,1,5,163800.0
India,25-34 years old,Master's degree,Full-stack developer,100-499,Hybrid,2,2,8,0,1,5,20500.0
Poland,55-64 years old,Bachelor's degree,Back-end developer,100-499,In-person,30,27,3,1,1,8,
Germany,18-24 years old,Bachelor's degree,Full-stack developer,Just me,Fully remote,4,0,10,0,1,5,87500.0
India,55-64 years old,Bachelor's degree,Mobile developer,"5,000-9,999",In-person,31,27,3,0,1,10,42700.0
Germany,35-44 years old,Master's degree,Back-end developer,"10,000 or more",Fully remote,19,15,4,0,0,3,89300.0
Germany,25-34 years old,Bachelor's degree,Full-stack developer,"10,000 or more",Hybrid,7,5,8,1,1,6,82300.0
India,18-24 years old,Bachelor's degree,Front-end developer,2-9 employees,Hybrid,9,9,5,1,0,7,22200.0
Italy,25-34 years old,High school/GED,Full-stack developer,100-499,Hybrid,10,6,2,1,1,6,46400.0
Poland,25-34 years old,Bachelor's degree,Data scientist/ML engineer,"5,000-9,999",In-person,6,5,3,1,1,3,59300.0
Brazil,25-34 years old,Master's degree,Back-end developer,20-99,Hybrid,9,5,1,1,0,5,49500.0
Spain,35-44 years old,Master's degree,Back-end developer,"10,000 or more",In-person,12,10,1,0,1,7,
France,55-64 years old,Associate's degree,DevOps/SRE/platform engineer,"10,000 or more",Hybrid,29,28,5,1,1,8,105500.0
Netherlands,35-44 years old,Bachelor's degree,Front-end developer,10-19,Hybrid,15,15,5,1,1,8,99100.0
India,35-44 years old,Associate's degree,DevOps/SRE/platform engineer,100-499,Hybrid,12,12,4,1,1,7,28200.0
Germany,18-24 years old,"Other doctoral degree (Ph.D, Ed.D, etc.)",Back-end developer,Just me,Fully remote,4,0,5,1,1,10,84800.0
United States,25-34 years old,Bachelor's degree,Back-end developer,20-99,Hybrid,3,2,1,0,0,8,160200.0
India,18-24 years old,Master's degree,Back-end developer,"5,000-9,999",Hybrid,1,0,3,1,1,9,41600.0
India,35-44 years old,Master's degree,Full-stack developer,"10,000 or more",Fully remote,16,12,3,1,1,1,39000.0
Canada,55-64 years old,Master's degree,Full-stack developer,"10,000 or more",In-person,36,32,5,1,1,5,155900.0
Germany,35-44 years old,"Other doctoral degree (Ph.D, Ed.D, etc.)",Full-stack developer,2-9 employees,Fully remote,11,8,4,1,1,8,103600.0
Canada,18-24 years old,High school/GED,DevOps/SRE/platform engineer,"10,000 or more",In-person,4,1,4,0,0,5,73300.0
Brazil,25-34 years old,"Other doctoral degree (Ph.D, Ed.D, etc.)",Data scientist/ML engineer,"10,000 or more",Hybrid,9,5,7,1,1,6,46900.0
United States,25-34 years old,Master's degree,Full-stack developer,"10,000 or more",Fully remote,2,0,7,1,1,7,223100.0
India,25-34 years old,Bachelor's degree,Full-stack developer,"10,000 or more",Fully remote,5,2,5,1,0,7,23600.0
United States,45-54 years old,Master's degree,Data/business analyst,100-499,Hybrid,22,18,7,1,1,5,202500.0
United States,35-44 years old,Master's degree,Full-stack developer,20-99,In-person,11,10,4,1,1,9,129400.0
Germany,35-44 years old,Master's degree,Front-end developer,Just me,Fully remote,16,13,7,1,0,7,186600.0
Poland,25-34 years old,Associate's degree,Front-end developer,Just me,Fully remote,7,5,8,1,1,8,58800.0
India,25-34 years old,Master's degree,Data scientist/ML engineer,"1,000-4,999",Hybrid,3,3,4,0,1,9,38700.0
Australia,18-24 years old,High school/GED,Full-stack developer,20-99,In-person,4,3,7,1,1,3,
Russia,25-34 years old,Master's degree,Mobile developer,100-499,Fully remote,12,10,4,0,1,7,50400.0
India,25-34 years old,"Other doctoral degree (Ph.D, Ed.D, etc.)",Back-end developer,10-19,In-person,12,10,3,1,0,3,
France,35-44 years old,Master's degree,Full-stack developer,"10,000 or more",Fully remote,8,6,4,1,1,3,120900.0
United States,35-44 years old,Bachelor's degree,Back-end developer,10-19,Hybrid,15,14,1,1,1,8,167800.0
Poland,18-24 years old,Master's degree,Back-end developer,100-499,Hybrid,3,1,1,1,1,8,56400.0
United States,25-34 years old,Bachelor's degree,Full-stack developer,100-499,Hybrid,5,5,6,1,1,2,141800.0
Brazil,25-34 years old,Bachelor's degree,Mobile developer,Just me,Hybrid,7,4,6,1,1,9,32900.0
Germany,25-34 years old,Master's degree,Full-stack developer,"1,000-4,999",Fully remote,6,5,1,1,0,5,
Ukraine,45-54 years old,Some college,DevOps/SRE/platform engineer,100-499,Hybrid,22,20,3,0,1,8,42000.0
Germany,18-24 years old,Some college,Back-end developer,100-499,Fully remote,4,0,3,1,1,8,96300.0
United States,25-34 years old,Master's degree,Full-stack developer,"5,000-9,999",Hybrid,5,2,2,1,1,8,110400.0
Germany,25-34 years old,Bachelor's degree,Full-stack developer,20-99,In-person,5,4,2,0,1,7,107100.0
Netherlands,45-54 years old,Master's degree,Back-end developer,"10,000 or more",Hybrid,25,21,4,1,1,3,153600.0
France,25-34 years old,Bachelor's degree,Desktop/embedded developer,"10,000 or more",Hybrid,11,7,5,1,1,3,59200.0
Sweden,25-34 years old,High school/GED,Mobile developer,"10,000 or more",Hybrid,10,8,3,1,1,4,93200.0
Australia,25-34 years old,Master's degree,Front-end developer,20-99,Hybrid,5,4,1,1,0,10,115700.0
United Kingdom,35-44 years old,Master's degree,Back-end developer,10-19,In-person,15,13,1,1,1,5,102300.0
United States,55-64 years old,Bachelor's degree,Full-stack developer,100-499,Hybrid,31,31,3,1,1,4,182500.0
United States,25-34 years old,Master's degree,Mobile developer,20-99,Hybrid,12,8,4,1,1,10,
Italy,45-54 years old,Bachelor's degree,Mobile developer,2-9 employees,Fully remote,20,20,6,1,1,1,121700.0
Ukraine,55-64 years old,Master's degree,Back-end developer,20-99,Hybrid,29,27,6,1,1,8,51700.0
India,45-54 years old,High school/GED,Full-stack developer,100-499,Hybrid,24,21,10,0,1,9,
Canada,35-44 years old,Bachelor's degree,Data scientist/ML engineer,2-9 employees,Fully remote,13,9,5,1,1,8,127000.0
Brazil,35-44 years old,Associate's degree,Data scientist/ML engineer,"10,000 or more",Fully remote,14,11,1,1,1,10,
United Kingdom,25-34 years old,Some college,Front-end developer,"1,000-4,999",Hybrid,8,7,5,1,1,6,81200.0
Australia,35-44 years old,Bachelor's degree,Back-end developer,10-19,In-person,18,14,4,0,1,3,128200.0
United States,25-34 years old,Associate's degree,DevOps/SRE/platform engineer,"5,000-9,999",Fully remote,4,4,6,0,0,5,133900.0
Russia,35-44 years old,"Other doctoral degree (Ph.D, Ed.D, etc.)",Full-stack developer,"10,000 or more",In-person,16,13,1,1,1,3,54600.0
India,25-34 years old,Bachelor's degree,Back-end developer,20-99,Fully remote,4,3,4,1,0,7,35800.0
Germany,35-44 years old,Bachelor's degree,Full-stack developer,10-19,Hybrid,18,14,2,1,0,10,127600.0
Germany,45-54 years old,Master's degree,Full-stack developer,20-99,Hybrid,21,20,4,1,1,7,153300.0
United Kingdom,25-34 years old,Bachelor's degree,Data/business analyst,"10,000 or more",Fully remote,4,4,8,0,1,6,79700.0
Canada,45-54 years old,Bachelor's degree,Front-end developer,10-19,In-person,23,19,1,0,0,9,
Brazil,25-34 years old,Bachelor's degree,Data scientist/ML engineer,"5,000-9,999",Hybrid,6,5,3,1,1,7,36600.0
United Kingdom,45-54 years old,Bachelor's degree,Back-end developer,"1,000-4,999",Hybrid,21,19,1,0,1,10,84400.0
France,25-34 years old,Bachelor's degree,DevOps/SRE/platform engineer,"1,000-4,999",Fully remote,11,7,5,1,1,10,
India,25-34 years old,Bachelor's degree,Front-end developer,100-499,Hybrid,8,4,3,1,1,10,
Ukraine,45-54 years old,Master's degree,Full-stack developer,20-99,Fully remote,29,25,2,1,1,8,80200.0
United States,25-34 years old,Some college,Mobile developer,2-9 employees,In-person,13,9,6,1,1,7,173200.0
United Kingdom,45-54 years old,Some college,Full-stack developer,20-99,In-person,19,17,3,1,1,5,91300.0
United States,25-34 years old,Bachelor's degree,Back-end developer,500-999,Hybrid,5,5,5,1,1,10,148900.0
Germany,25-34 years old,Bachelor's degree,Back-end developer,"10,000 or more",Hybrid,5,3,6,1,0,7,77400.0
India,25-34 years old,Bachelor's degree,Full-stack developer,"10,000 or more",Hybrid,6,4,3,1,0,10,
Ukraine,35-44 years old,Master's degree,Full-stack developer,2-9 employees,Hybrid,19,18,2,1,1,9,49800.0
United States,25-34 years old,"Professional degree (JD, MD, etc.)",Data scientist/ML engineer,10-19,Fully remote,7,4,7,1,1,6,169300.0
India,18-24 years old,Master's degree,Back-end developer,"10,000 or more",In-person,6,3,5,0,1,9,30400.0
Netherlands,25-34 years old,Bachelor's degree,Back-end developer,"10,000 or more",In-person,8,7,4,1,1,7,107900.0
United States,18-24 years old,"Other doctoral degree (Ph.D, Ed.D, etc.)",Front-end developer,2-9 employees,Fully remote,2,0,6,1,1,8,97800.0
Australia,55-64 years old,Bachelor's degree,Back-end developer,"1,000-4,999",In-person,26,25,7,1,1,7,119600.0
Spain,55-64 years old,Some college,Data scientist/ML engineer,20-99,Hybrid,28,24,2,1,0,10,110100.0
Brazil,25-34 years old,Bachelor's degree,DevOps/SRE/platform engineer,20-99,Fully remote,3,2,2,1,0,6,
United States,35-44 years old,Master's degree,Full-stack developer,"1,000-4,999",In-person,4,3,5,1,0,3,106200.0
India,25-34 years old,High school/GED,Front-end developer,"5,000-9,999",In-person,11,7,1,1,1,9,31700.0
United States,35-44 years old,Master's degree,Back-end developer,20-99,Hybrid,21,18,3,1,1,8,267100.0
United States,35-44 years old,Master's degree,Front-end developer,"1,000-4,999",In-person,16,12,5,1,1,3,210300.0
United States,55-64 years old,Bachelor's degree,Back-end developer,"1,000-4,999",Hybrid,24,24,9,1,1,7,192700.0
Spain,25-34 years old,Master's degree,Back-end developer,100-499,In-person,4,3,1,1,0,8,75600.0
United Kingdom,35-44 years old,Bachelor's degree,Full-stack developer,500-999,In-person,12,11,5,0,1,6,115900.0
India,25-34 years old,Bachelor's degree,Front-end developer,Just me,Hybrid,5,2,2,1,1,9,24400.0
India,65 years or older,Bachelor's degree,Full-stack developer,Just me,Fully remote,40,38,2,0,1,10,40000.0
United Kingdom,18-24 years old,Bachelor's degree,Full-stack developer,500-999,Fully remote,8,4,5,0,0,9,64100.0
India,35-44 years old,Bachelor's degree,Engineer (other),100-499,Fully remote,11,9,3,1,1,7,
Spain,35-44 years old,Master's degree,Back-end developer,2-9 employees,Hybrid,14,14,4,1,0,7,97500.0
United States,35-44 years old,"Other doctoral degree (Ph.D, Ed.D, etc.)",Front-end developer,100-499,Hybrid,21,17,1,1,1,7,177700.0
Russia,18-24 years old,"Other doctoral degree (Ph.D, Ed.D, etc.)",Full-stack developer,"5,000-9,999",Hybrid,7,7,2,1,1,7,39500.0
France,55-64 years old,Some college,DevOps/SRE/platform engineer,100-499,Hybrid,37,37,5,0,1,3,143700.0
Sweden,25-34 years old,High school/GED,Full-stack developer,100-499,Fully remote,2,2,2,1,1,8,
United States,35-44 years old,Bachelor's degree,Back-end developer,"1,000-4,999",In-person,24,20,4,0,1,10,176100.0
United States,25-34 years old,Master's degree,Front-end developer,10-19,Hybrid,8,4,3,1,1,7,139600.0
Germany,25-34 years old,"Other doctoral degree (Ph.D, Ed.D, etc.)",DevOps/SRE/platform engineer,100-499,Hybrid,6,3,1,1,0,2,107600.0
Russia,25-34 years old,Master's degree,DevOps/SRE/platform engineer,10-19,In-person,7,6,2,1,1,6,
Brazil,25-34 years old,Bachelor's degree,Full-stack developer,100-499,Hybrid,5,3,8,1,1,3,31400.0
Canada,25-34 years old,High school/GED,DevOps/SRE/platform engineer,500-999,Hybrid,8,6,5,0,0,10,103300.0
United States,25-34 years old,Master's degree,Desktop/embedded developer,10-19,In-person,1,1,1,0,0,4,132600.0
India,25-34 years old,Some college,Engineer (other),2-9 employees,Fully remote,8,4,5,1,0,3,28600.0
India,35-44 years old,High school/GED,Mobile developer,10-19,Hybrid,20,16,4,1,0,7,33200.0
United Kingdom,45-54 years old,Master's degree,Front-end developer,500-999,Fully remote,20,20,1,1,1,2,178600.0
India,18-24 years old,Bachelor's degree,Data scientist/ML engineer,10-19,Hybrid,3,2,5,0,1,8,41800.0
India,25-34 years old,Some college,Front-end developer,20-99,Hybrid,8,6,2,0,1,9,20800.0
Canada,18-24 years old,Bachelor's degree,Front-end developer,"1,000-4,999",Fully remote,8,5,3,0,0,5,149300.0
Ukraine,18-24 years old,High school/GED,Full-stack developer,20-99,Fully remote,1,0,3,1,1,10,24400.0
France,35-44 years old,Master's degree,Full-stack developer,100-499,In-person,18,14,1,1,1,8,
France,35-44 years old,Bachelor's degree,Full-stack developer,"10,000 or more",In-person,11,11,2,1,1,4,
Italy,25-34 years old,Master's degree,Data/business analyst,"10,000 or more",Hybrid,7,5,1,1,0,8,55100.0
United States,25-34 years old,Bachelor's degree,Full-stack developer,20-99,Hybrid,8,8,4,1,1,3,128000.0
United States,18-24 years old,Bachelor's degree,Full-stack developer,500-999,Fully remote,4,0,5,1,0,6,138100.0
Poland,45-54 years old,High school/GED,Back-end developer,"1,000-4,999",Hybrid,17,17,4,0,0,1,69500.0
Germany,55-64 years old,Bachelor's degree,Front-end developer,"10,000 or more",Hybrid,24,22,4,0,1,6,110400.0
Germany,18-24 years old,Master's degree,Data/business analyst,100-499,Hybrid,0,0,3,0,1,9,71100.0
United States,25-34 years old,Master's degree,Desktop/embedded developer,500-999,Hybrid,11,9,8,1,0,8,166500.0
United Kingdom,45-54 years old,Bachelor's degree,Full-stack developer,"10,000 or more",Hybrid,20,20,1,1,0,4,110700.0
Germany,45-54 years old,Bachelor's degree,Mobile developer,2-9 employees,Hybrid,16,16,7,1,1,4,79400.0
India,25-34 years old,Master's degree,Full-stack developer,"1,000-4,999",Hybrid,6,4,5,0,1,8,38700.0
Germany,18-24 years old,Bachelor's degree,Engineer (other),100-499,Hybrid,0,0,3,1,0,8,74100.0
India,18-24 years old,Some college,Full-stack developer,"10,000 or more",Fully remote,1,0,4,1,1,4,31500.0
Ukraine,35-44 years old,Bachelor's degree,Data scientist/ML engineer,"10,000 or more",Hybrid,16,13,1,0,1,8,36100.0
Italy,25-34 years old,Bachelor's degree,Full-stack developer,10-19,Fully remote,2,1,7,1,1,8,58400.0
Australia,18-24 years old,Less than high school,Mobile developer,20-99,Hybrid,8,5,3,1,1,8,93600.0
Italy,35-44 years old,Bachelor's degree,Full-stack developer,20-99,Hybrid,13,12,5,1,1,6,87100.0
India,18-24 years old,Bachelor's degree,Full-stack developer,2-9 employees,Fully remote,5,2,7,0,1,9,27600.0
Australia,35-44 years old,"Other doctoral degree (Ph.D, Ed.D, etc.)",DevOps/SRE/platform engineer,100-499,Hybrid,11,11,5,0,1,6,105100.0
India,25-34 years old,Bachelor's degree,Full-stack developer,100-499,Fully remote,9,7,1,0,1,8,34100.0
Poland,18-24 years old,Some college,Data scientist/ML engineer,500-999,Fully remote,6,4,4,1,1,8,46000.0
United States,35-44 years old,Bachelor's degree,Data scientist/ML engineer,"1,000-4,999",In-person,17,13,4,1,0,8,160300.0
Australia,25-34 years old,Bachelor's degree,Front-end developer,2-9 employees,Fully remote,10,7,5,1,0,6,80200.0
United States,55-64 years old,Associate's degree,Back-end developer,"1,000-4,999",In-person,31,27,8,1,0,7,236100.0
India,25-34 years old,Bachelor's degree,Mobile developer,"10,000 or more",In-person,11,7,7,1,1,7,28700.0
Australia,25-34 years old,"Professional degree (JD, MD, etc.)",DevOps/SRE/platform engineer,100-499,Fully remote,7,4,4,1,1,5,131100.0
Poland,35-44 years old,Master's degree,Back-end developer,2-9 employees,Hybrid,14,12,3,1,1,1,56200.0
Germany,25-34 years old,Some college,Full-stack developer,2-9 employees,Fully remote,7,4,5,1,1,3,102600.0
France,45-54 years old,Master's degree,Full-stack developer,20-99,Hybrid,19,19,5,1,1,2,119600.0
United States,25-34 years old,Associate's degree,Full-stack developer,"5,000-9,999",Hybrid,7,3,2,1,1,5,162300.0
France,25-34 years old,Bachelor's degree,Front-end developer,20-99,In-person,10,6,6,1,1,6,64900.0
United States,18-24 years old,"Professional degree (JD, MD, etc.)",DevOps/SRE/platform engineer,"5,000-9,999",Hybrid,8,5,3,0,1,9,178400.0
Australia,25-34 years old,"Professional degree (JD, MD, etc.)",Data scientist/ML engineer,"5,000-9,999",In-person,13,9,3,1,1,3,124700.0
United Kingdom,45-54 years old,Some college,Data scientist/ML engineer,100-499,In-person,18,16,5,1,1,4,95800.0
Ukraine,35-44 years old,High school/GED,Back-end developer,20-99,Hybrid,20,16,5,1,1,7,45300.0
Germany,25-34 years old,Bachelor's degree,Back-end developer,500-999,Fully remote,7,4,2,1,1,7,98600.0
Germany,25-34 years old,Bachelor's degree,Data scientist/ML engineer,"5,000-9,999",Hybrid,9,7,3,1,1,10,91600.0
Germany,35-44 years old,Master's degree,Data scientist/ML engineer,2-9 employees,Hybrid,11,9,4,1,0,8,87900.0
India,55-64 years old,Some college,Desktop/embedded developer,"10,000 or more",In-person,32,28,6,1,1,5,35800.0
United States,18-24 years old,Bachelor's degree,Full-stack developer,"1,000-4,999",In-person,5,2,9,1,1,8,120800.0
Australia,25-34 years old,Bachelor's degree,Front-end developer,100-499,Hybrid,5,1,4,0,1,5,109000.0
India,25-34 years old,High school/GED,Back-end developer,100-499,Hybrid,7,7,3,1,0,8,37500.0
United Kingdom,45-54 years old,Master's degree,Full-stack developer,100-499,Hybrid,24,24,4,1,1,2,138600.0
United States,18-24 years old,Master's degree,Desktop/embedded developer,100-499,In-person,3,1,4,1,1,4,
United States,25-34 years old,Associate's degree,Full-stack developer,500-999,In-person,13,9,1,1,1,3,
Canada,35-44 years old,Some college,Mobile developer,2-9 employees,Fully remote,11,11,6,1,1,6,107500.0
Spain,18-24 years old,Some college,Full-stack developer,10-19,Fully remote,5,4,1,1,1,7,69400.0
Germany,25-34 years old,Bachelor's degree,Front-end developer,20-99,In-person,0,0,8,1,1,5,
United States,25-34 years old,Bachelor's degree,DevOps/SRE/platform engineer,100-499,Hybrid,16,12,1,1,1,10,216800.0
United States,25-34 years old,Bachelor's degree,Back-end developer,100-499,Hybrid,13,9,3,1,1,6,149000.0
Russia,25-34 years old,Bachelor's degree,DevOps/SRE/platform engineer,"1,000-4,999",Fully remote,4,4,10,1,1,7,42500.0
Brazil,25-34 years old,Associate's degree,Data scientist/ML engineer,20-99,Fully remote,4,0,5,1,1,7,47700.0
Sweden,25-34 years old,Master's degree,Mobile developer,2-9 employees,Hybrid,10,6,4,1,1,9,72600.0
United States,35-44 years old,Some college,Back-end developer,2-9 employees,Hybrid,9,8,8,1,1,6,126200.0
Russia,35-44 years old,Master's degree,Full-stack developer,Just me,Fully remote,15,13,4,1,1,10,86500.0
Spain,35-44 years old,Bachelor's degree,Back-end developer,2-9 employees,Hybrid,17,13,3,1,1,9,57400.0
Russia,25-34 years old,Master's degree,Data scientist/ML engineer,"10,000 or more",Fully remote,5,2,2,1,1,3,57500.0
United States,25-34 years old,Less than high school,Back-end developer,"1,000-4,999",Hybrid,10,8,4,1,1,9,104400.0
Poland,25-34 years old,Master's degree,Full-stack developer,"10,000 or more",Fully remote,9,7,2,0,0,4,51300.0
United Kingdom,25-34 years old,High school/GED,Full-stack developer,Just me,Fully remote,11,8,1,1,0,2,71000.0
United Kingdom,25-34 years old,"Other doctoral degree (Ph.D, Ed.D, etc.)",Back-end developer,"10,000 or more",Hybrid,5,5,2,0,1,5,70500.0
Germany,35-44 years old,Master's degree,Data scientist/ML engineer,"1,000-4,999",In-person,9,8,5,1,0,3,104300.0
Poland,18-24 years old,Bachelor's degree,Full-stack developer,"1,000-4,999",Fully remote,8,4,3,1,0,7,68900.0
Italy,18-24 years old,Bachelor's degree,Back-end developer,20-99,Fully remote,1,1,6,1,1,6,80800.0
Brazil,25-34 years old,Master's degree,Full-stack developer,100-499,Hybrid,4,1,10,1,0,7,34000.0
France,35-44 years old,"Professional degree (JD, MD, etc.)",Data scientist/ML engineer,"10,000 or more",In-person,17,16,5,1,1,7,125800.0
France,25-34 years old,Master's degree,DevOps/SRE/platform engineer,"1,000-4,999",Fully remote,12,11,5,1,1,7,125000.0
Brazil,35-44 years old,Master's degree,Front-end developer,"1,000-4,999",Hybrid,13,12,5,1,1,10,58900.0
India,25-34 years old,Master's degree,Full-stack developer,2-9 employees,Hybrid,14,11,3,1,1,7,52200.0
India,45-54 years old,Bachelor's degree,Full-stack developer,10-19,Fully remote,20,20,6,1,0,7,38300.0
Netherlands,45-54 years old,High school/GED,Back-end developer,"10,000 or more",Hybrid,23,19,12,1,0,6,108000.0
United States,25-34 years old,High school/GED,Front-end developer,100-499,Fully remote,4,3,5,1,1,6,81200.0
Poland,25-34 years old,Master's degree,Back-end developer,"5,000-9,999",Hybrid,11,10,5,1,0,10,61600.0
Australia,25-34 years old,Bachelor's degree,Mobile developer,100-499,Fully remote,3,3,4,1,1,1,
United Kingdom,25-34 years old,Bachelor's degree,Mobile developer,"5,000-9,999",Hybrid,8,7,3,1,1,4,
Russia,35-44 years old,Bachelor's degree,Full-stack developer,2-9 employees,Fully remote,11,10,1,0,1,6,48800.0
Germany,45-54 years old,Master's degree,Full-stack developer,2-9 employees,Hybrid,22,19,3,1,1,9,210100.0
United States,35-44 years old,Bachelor's degree,Back-end developer,100-499,Hybrid,17,15,5,1,0,10,138100.0
India,45-54 years old,Bachelor's degree,Back-end developer,500-999,Hybrid,19,19,1,1,1,2,40400.0
Russia,25-34 years old,Bachelor's degree,Front-end developer,20-99,Hybrid,4,4,5,1,0,4,34200.0
Italy,25-34 years old,Some college,Data scientist/ML engineer,"1,000-4,999",Hybrid,8,8,2,1,1,9,94200.0
Germany,35-44 years old,Master's degree,Full-stack developer,100-499,Fully remote,20,17,1,1,1,5,121800.0
United States,25-34 years old,Bachelor's degree,Data scientist/ML engineer,"10,000 or more",Hybrid,10,7,4,0,1,6,168700.0
India,35-44 years old,Master's degree,Front-end developer,2-9 employees,Fully remote,14,10,6,0,1,1,36100.0
United Kingdom,25-34 years old,Bachelor's degree,Engineer (other),2-9 employees,Fully remote,6,3,5,1,1,7,97300.0
United Kingdom,18-24 years old,Some college,Front-end developer,"10,000 or more",In-person,2,2,2,1,1,9,83300.0
Canada,65 years or older,High school/GED,Data scientist/ML engineer,"1,000-4,999",In-person,40,36,7,1,1,6,111900.0
Australia,25-34 years old,Some college,Full-stack developer,"1,000-4,999",In-person,4,2,6,1,1,9,74100.0
Brazil,65 years or older,Some college,Data scientist/ML engineer,Just me,In-person,38,37,1,0,1,6,66500.0
India,55-64 years old,High school/GED,Full-stack developer,"10,000 or more",Hybrid,29,28,5,1,1,8,46600.0
India,35-44 years old,Master's degree,Front-end developer,"5,000-9,999",Hybrid,11,7,2,0,0,5,
Australia,35-44 years old,"Professional degree (JD, MD, etc.)",Full-stack developer,"5,000-9,999",Hybrid,11,9,5,1,1,7,114800.0
Canada,35-44 years old,"Other doctoral degree (Ph.D, Ed.D, etc.)",Full-stack developer,"10,000 or more",Hybrid,11,10,10,1,1,9,119200.0
United States,45-54 years old,"Other doctoral degree (Ph.D, Ed.D, etc.)",Full-stack developer,500-999,Hybrid,24,20,4,1,0,9,
India,25-34 years old,Bachelor's degree,Full-stack developer,100-499,In-person,14,11,3,1,1,3,30900.0
Netherlands,25-34 years old,Bachelor's degree,Back-end developer,100-499,In-person,6,6,4,0,1,10,100400.0
United States,35-44 years old,Some college,Security professional,"5,000-9,999",Hybrid,11,9,1,1,1,7,117000.0
Brazil,25-34 years old,Some college,Back-end developer,"5,000-9,999",In-person,7,6,5,1,1,5,29900.0
United Kingdom,25-34 years old,Master's degree,Data scientist/ML engineer,500-999,Hybrid,4,4,2,0,1,9,110600.0
United States,25-34 years old,Master's degree,Full-stack developer,20-99,In-person,10,6,2,1,1,8,167600.0
Brazil,35-44 years old,Master's degree,Back-end developer,"5,000-9,999",Hybrid,15,14,2,1,0,7,49900.0
United States,45-54 years old,Master's degree,Full-stack developer,"1,000-4,999",Hybrid,24,24,4,1,1,9,225700.0
India,25-34 years old,Bachelor's degree,Full-stack developer,20-99,Hybrid,8,5,4,1,1,4,18100.0
India,55-64 years old,Bachelor's degree,Full-stack developer,100-499,In-person,35,33,3,1,1,7,45700.0
Brazil,35-44 years old,Bachelor's degree,Back-end developer,"10,000 or more",In-person,19,15,4,1,1,10,72900.0
Netherlands,45-54 years old,"Other doctoral degree (Ph.D, Ed.D, etc.)",Full-stack developer,20-99,Hybrid,19,18,1,0,1,8,175000.0
United States,25-34 years old,"Other doctoral degree (Ph.D, Ed.D, etc.)",Mobile developer,2-9 employees,Fully remote,15,12,2,1,1,7,183600.0
Australia,35-44 years old,Bachelor's degree,Back-end developer,Just me,In-person,15,13,1,1,0,1,157000.0
United States,18-24 years old,Some college,DevOps/SRE/platform engineer,10-19,In-person,2,0,3,1,0,4,119600.0
United Kingdom,35-44 years old,Bachelor's degree,Engineer (other),10-19,In-person,20,17,1,1,1,7,125700.0
United Kingdom,18-24 years old,Bachelor's degree,Desktop/embedded developer,"10,000 or more",Hybrid,9,8,2,1,1,8,69800.0
Canada,45-54 years old,Master's degree,Mobile developer,10-19,Fully remote,22,20,1,1,1,9,143600.0
United States,65 years or older,Some college,Full-stack developer,"10,000 or more",In-person,37,33,5,1,1,9,233300.0
United States,25-34 years old,Associate's degree,DevOps/SRE/platform engineer,2-9 employees,Fully remote,4,4,4,1,1,6,157400.0
Germany,25-34 years old,Bachelor's degree,Full-stack developer,"10,000 or more",Hybrid,11,7,3,0,0,8,114900.0
United States,35-44 years old,"Professional degree (JD, MD, etc.)",Back-end developer,20-99,Fully remote,18,16,4,1,1,7,234500.0
Russia,25-34 years old,Bachelor's degree,Front-end developer,500-999,Hybrid,7,7,3,1,1,7,35800.0
United States,45-54 years old,Master's degree,Mobile developer,10-19,In-person,23,20,1,1,1,10,266700.0
Germany,18-24 years old,Bachelor's degree,Mobile developer,100-499,Hybrid,6,6,4,1,1,8,77900.0
Germany,18-24 years old,Some college,Full-stack developer,2-9 employees,Fully remote,1,1,1,0,0,10,65200.0
United Kingdom,55-64 years old,Associate's degree,Back-end developer,500-999,Fully remote,31,31,1,0,1,8,122200.0
Netherlands,35-44 years old,Master's degree,Data scientist/ML engineer,20-99,Hybrid,13,11,6,1,0,8,195200.0
Germany,45-54 years old,Master's degree,Desktop/embedded developer,"10,000 or more",In-person,22,21,1,1,0,6,
United States,25-34 years old,Bachelor's degree,Full-stack developer,10-19,Hybrid,7,5,4,1,1,3,106500.0
Netherlands,35-44 years old,Bachelor's degree,Back-end developer,20-99,Fully remote,13,12,3,1,1,8,117800.0
United States,35-44 years old,Master's degree,DevOps/SRE/platform engineer,10-19,Hybrid,14,11,1,1,1,7,214400.0
France,35-44 years old,Master's degree,Data scientist/ML engineer,500-999,Hybrid,19,16,1,0,1,7,137000.0
Netherlands,35-44 years old,High school/GED,Back-end developer,2-9 employees,In-person,13,10,2,1,1,5,96900.0
India,35-44 years old,Bachelor's degree,Data scientist/ML engineer,10-19,In-person,13,10,3,1,1,4,
Germany,25-34 years old,Master's degree,Front-end developer,"1,000-4,999",Hybrid,14,11,2,0,0,5,102100.0
United States,25-34 years old,Bachelor's degree,Mobile developer,2-9 employees,Hybrid,12,8,4,1,0,8,151400.0
Netherlands,35-44 years old,"Other doctoral degree (Ph.D, Ed.D, etc.)",Front-end developer,"1,000-4,999",Hybrid,7,5,2,1,1,10,139900.0
Brazil,25-34 years old,Master's degree,Back-end developer,2-9 employees,Hybrid,4,3,8,1,1,10,62500.0
United States,35-44 years old,High school/GED,DevOps/SRE/platform engineer,500-999,In-person,10,7,3,1,1,9,
India,25-34 years old,Master's degree,Full-stack developer,"10,000 or more",Fully remote,6,2,1,1,0,10,
Brazil,35-44 years old,Bachelor's degree,Mobile developer,10-19,In-person,7,3,1,1,1,5,33600.0
India,35-44 years old,Master's degree,Desktop/embedded developer,20-99,Fully remote,16,12,7,1,0,1,31900.0
United States,25-34 years old,Bachelor's degree,Data/business analyst,"10,000 or more",Hybrid,4,2,2,1,1,4,122600.0
United Kingdom,18-24 years old,Bachelor's degree,Full-stack developer,"1,000-4,999",In-person,5,2,5,1,1,8,88600.0
Brazil,18-24 years old,Master's degree,Desktop/embedded developer,100-499,Fully remote,4,0,3,1,0,9,58700.0
India,35-44 years old,Master's degree,Data scientist/ML engineer,500-999,Hybrid,16,12,4,1,0,9,
United States,45-54 years old,Master's degree,Desktop/embedded developer,20-99,In-person,22,19,3,1,1,9,161000.0
Australia,18-24 years old,Bachelor's degree,Full-stack developer,"10,000 or more",In-person,8,6,5,0,1,8,128700.0
India,35-44 years old,Bachelor's degree,Full-stack developer,"1,000-4,999",Fully remote,20,16,2,1,0,5,
United Kingdom,25-34 years old,Bachelor's degree,Front-end developer,"1,000-4,999",Hybrid,8,7,3,1,1,3,83300.0
Brazil,25-34 years old,"Other doctoral degree (Ph.D, Ed.D, etc.)",Back-end developer,"10,000 or more",Hybrid,4,4,2,0,1,7,
India,45-54 years old,Bachelor's degree,Data scientist/ML engineer,500-999,In-person,26,26,4,0,1,6,56700.0
France,25-34 years old,High school/GED,Back-end developer,100-499,Fully remote,0,0,1,1,1,3,67500.0
Germany,25-34 years old,Bachelor's degree,DevOps/SRE/platform engineer,"10,000 or more",In-person,3,1,2,1,1,7,105200.0
United Kingdom,18-24 years old,Bachelor's degree,Back-end developer,20-99,Hybrid,5,1,1,1,1,7,52300.0
Canada,18-24 years old,Master's degree,Full-stack developer,10-19,Hybrid,8,8,3,1,1,8,160700.0
Australia,25-34 years old,Master's degree,Full-stack developer,10-19,Fully remote,4,4,4,1,0,9,74000.0
France,18-24 years old,"Other doctoral degree (Ph.D, Ed.D, etc.)",Front-end developer,"10,000 or more",Hybrid,4,1,1,0,1,7,68500.0
India,35-44 years old,Master's degree,Front-end developer,"1,000-4,999",Hybrid,12,8,4,1,0,10,28900.0
United States,25-34 years old,Bachelor's degree,Front-end developer,20-99,Hybrid,12,8,3,1,1,8,139700.0
United States,25-34 years old,Master's degree,Data scientist/ML engineer,20-99,Hybrid,11,8,4,1,1,6,162800.0
Russia,25-34 years old,Master's degree,Back-end developer,2-9 employees,Fully remote,11,7,2,1,1,6,
Ukraine,25-34 years old,"Other doctoral degree (Ph.D, Ed.D, etc.)",Security professional,10-19,Fully remote,4,3,7,0,1,6,33700.0
United States,35-44 years old,Some college,Data/business analyst,"10,000 or more",In-person,12,10,1,1,1,7,246000.0
Germany,55-64 years old,Associate's degree,Full-stack developer,"1,000-4,999",Hybrid,27,24,5,1,1,6,108900.0
United States,18-24 years old,Some college,Mobile developer,"10,000 or more",Fully remote,2,2,1,0,1,7,123300.0
Ukraine,45-54 years old,Bachelor's degree,Desktop/embedded developer,100-499,Hybrid,21,17,8,1,1,7,50700.0
India,35-44 years old,Some college,Back-end developer,500-999,Hybrid,9,8,4,1,0,4,31600.0
Germany,35-44 years old,Master's degree,Front-end developer,100-499,In-person,12,11,4,1,0,8,82100.0
United States,25-34 years old,Master's degree,DevOps/SRE/platform engineer,"10,000 or more",In-person,6,4,1,1,1,3,202600.0
India,18-24 years old,Bachelor's degree,Data/business analyst,"10,000 or more",In-person,1,0,2,1,1,6,24000.0
India,18-24 years old,Bachelor's degree,Front-end developer,"10,000 or more",Hybrid,7,3,3,1,0,4,23600.0
Germany,35-44 years old,"Professional degree (JD, MD, etc.)",Full-stack developer,500-999,Fully remote,16,12,6,0,1,5,98000.0
India,25-34 years old,Bachelor's degree,Front-end developer,2-9 employees,Fully remote,5,4,2,0,1,7,28000.0
India,45-54 years old,Associate's degree,Full-stack developer,500-999,In-person,25,21,1,0,1,8,59400.0
United States,25-34 years old,Bachelor's degree,Front-end developer,2-9 employees,Hybrid,6,2,5,1,1,7,114500.0
Germany,25-34 years old,Bachelor's degree,Data scientist/ML engineer,10-19,Fully remote,5,5,3,1,0,6,76500.0
Spain,35-44 years old,Some college,Back-end developer,20-99,Hybrid,15,12,5,0,0,7,69000.0
Brazil,25-34 years old,Bachelor's degree,Full-stack developer,20-99,Hybrid,4,0,1,1,0,5,52100.0
Brazil,25-34 years old,"Other doctoral degree (Ph.D, Ed.D, etc.)",Desktop/embedded developer,500-999,Hybrid,12,8,6,0,1,9,57200.0
India,35-44 years old,Master's degree,Back-end developer,20-99,Hybrid,11,9,3,0,1,7,32700.0
Brazil,45-54 years old,Bachelor's degree,Full-stack developer,100-499,In-person,23,20,3,1,0,8,41100.0
Germany,35-44 years old,Bachelor's degree,Desktop/embedded developer,2-9 employees,Hybrid,18,15,4,0,1,6,168300.0
United States,35-44 years old,"Other doctoral degree (Ph.D, Ed.D, etc.)",Data/business analyst,500-999,Hybrid,18,15,7,1,1,8,142000.0
India,35-44 years old,Master's degree,Data scientist/ML engineer,"1,000-4,999",Hybrid,13,12,2,1,1,10,
United States,55-64 years old,Bachelor's degree,Back-end developer,2-9 employees,Hybrid,27,27,3,1,1,3,195400.0
United States,25-34 years old,Bachelor's degree,Front-end developer,"5,000-9,999",Fully remote,8,8,4,0,1,7,131900.0
United States,18-24 years old,Master's degree,Full-stack developer,"1,000-4,999",In-person,6,4,1,0,1,7,177800.0
India,25-34 years old,Bachelor's degree,DevOps/SRE/platform engineer,100-499,Hybrid,6,3,4,1,1,7,43300.0
India,25-34 years old,Some college,Front-end developer,500-999,Fully remote,6,3,4,0,1,4,22600.0
Brazil,35-44 years old,Bachelor's degree,Data/business analyst,100-499,Hybrid,10,6,5,0,1,1,27800.0
United Kingdom,35-44 years old,Bachelor's degree,Engineer (other),2-9 employees,Fully remote,13,12,6,1,0,3,
Spain,35-44 years old,Bachelor's degree,Back-end developer,"1,000-4,999",Hybrid,13,12,5,1,0,5,84500.0
United States,18-24 years old,Associate's degree,Engineer (other),100-499,Hybrid,7,5,6,0,1,9,212800.0
India,35-44 years old,Less than high school,Data/business analyst,10-19,Hybrid,13,13,4,1,1,9,
Ukraine,25-34 years old,Master's degree,Front-end developer,"1,000-4,999",In-person,12,9,2,1,1,10,
Germany,35-44 years old,Bachelor's degree,Back-end developer,"1,000-4,999",Fully remote,12,10,6,1,1,8,157200.0
Netherlands,25-34 years old,Some college,Data scientist/ML engineer,20-99,Hybrid,9,8,4,1,1,6,74200.0
Germany,25-34 years old,"Other doctoral degree (Ph.D, Ed.D, etc.)",Full-stack developer,"5,000-9,999",Hybrid,4,3,7,1,1,9,85400.0
Germany,18-24 years old,Bachelor's degree,Front-end developer,100-499,In-person,5,4,6,1,1,8,87600.0
United States,18-24 years old,High school/GED,Full-stack developer,10-19,Fully remote,3,0,6,1,1,8,96600.0
Spain,45-54 years old,Associate's degree,Front-end developer,"1,000-4,999",Fully remote,24,21,6,0,1,7,
United States,45-54 years old,Master's degree,Data/business analyst,500-999,In-person,17,14,1,1,1,8,179200.0
India,35-44 years old,Associate's degree,Full-stack developer,10-19,Hybrid,15,11,7,1,1,10,34000.0
France,18-24 years old,High school/GED,Data scientist/ML engineer,"10,000 or more",Fully remote,3,3,2,1,1,9,77500.0
United Kingdom,25-34 years old,Bachelor's degree,Full-stack developer,"10,000 or more",Hybrid,4,3,4,1,0,4,86700.0
Russia,35-44 years old,Bachelor's degree,Desktop/embedded developer,"10,000 or more",Fully remote,10,9,6,0,1,3,
United States,35-44 years old,Master's degree,Desktop/embedded developer,100-499,In-person,19,15,4,1,1,1,214000.0
France,18-24 years old,Master's degree,Full-stack developer,"10,000 or more",In-person,2,1,2,1,1,8,92900.0
Germany,18-24 years old,"Other doctoral degree (Ph.D, Ed.D, etc.)",Front-end developer,"10,000 or more",Hybrid,1,0,2,1,0,5,
United States,35-44 years old,High school/GED,DevOps/SRE/platform engineer,"10,000 or more",Fully remote,15,12,5,1,1,8,153200.0
Poland,25-34 years old,High school/GED,Back-end developer,"10,000 or more",Fully remote,16,13,3,1,0,4,
India,25-34 years old,"Other doctoral degree (Ph.D, Ed.D, etc.)",Data scientist/ML engineer,100-499,Fully remote,8,8,3,0,1,6,52000.0
United Kingdom,18-24 years old,Master's degree,Desktop/embedded developer,20-99,Hybrid,6,5,7,0,1,1,118000.0
Sweden,25-34 years old,Master's degree,Full-stack developer,20-99,Hybrid,8,6,4,1,1,3,78600.0
Germany,45-54 years old,Some college,Mobile developer,100-499,Fully remote,21,20,8,1,0,3,81800.0
Australia,55-64 years old,High school/GED,Front-end developer,"5,000-9,999",Hybrid,22,21,4,1,1,8,93900.0
Poland,35-44 years old,Some college,Back-end developer,"1,000-4,999",Fully remote,10,10,3,1,1,9,33100.0
France,25-34 years old,Bachelor's degree,Full-stack developer,"5,000-9,999",In-person,6,4,6,0,1,4,79000.0
Russia,18-24 years old,Some college,Back-end developer,100-499,In-person,1,0,3,1,1,7,37100.0
India,25-34 years old,Bachelor's degree,Data scientist/ML engineer,20-99,Hybrid,4,2,4,1,1,4,29600.0
Australia,25-34 years old,Bachelor's degree,Front-end developer,Just me,In-person,3,0,6,1,1,8,75400.0
India,35-44 years old,Less than high school,Data scientist/ML engineer,"1,000-4,999",In-person,15,12,3,1,1,9,36400.0
Australia,25-34 years old,Some college,Data scientist/ML engineer,"5,000-9,999",Hybrid,9,7,5,1,1,8,
Germany,25-34 years old,Bachelor's degree,Back-end developer,"10,000 or more",In-person,9,8,2,1,0,5,102300.0
Spain,18-24 years old,High school/GED,Front-end developer,100-499,Fully remote,5,3,4,1,1,6,69500.0
Russia,25-34 years old,Some college,Engineer (other),"10,000 or more",Hybrid,4,2,3,1,1,4,30800.0
Canada,18-24 years old,Bachelor's degree,Data/business analyst,20-99,Hybrid,3,0,2,1,0,1,88000.0
United Kingdom,25-34 years old,Bachelor's degree,Back-end developer,100-499,Hybrid,2,0,2,1,1,2,78900.0
Netherlands,65 years or older,Master's degree,Desktop/embedded developer,20-99,Hybrid,35,31,6,0,1,10,
India,25-34 years old,Some college,Full-stack developer,10-19,Hybrid,6,2,3,1,1,9,18200.0
United States,25-34 years old,Master's degree,Full-stack developer,"10,000 or more",In-person,8,5,7,1,1,3,86800.0
India,45-54 years old,Master's degree,Data scientist/ML engineer,"5,000-9,999",Hybrid,18,17,4,1,1,7,44500.0
United Kingdom,65 years or older,Master's degree,Back-end developer,Just me,Hybrid,37,36,6,1,1,10,163400.0
India,35-44 years old,High school/GED,Full-stack developer,20-99,In-person,14,11,4,1,1,2,32300.0
India,35-44 years old,Bachelor's degree,Data scientist/ML engineer,20-99,Hybrid,13,12,3,1,1,8,38800.0
United States,25-34 years old,Master's degree,Mobile developer,10-19,Hybrid,8,8,4,1,0,3,179900.0
India,25-34 years old,"Other doctoral degree (Ph.D, Ed.D, etc.)",Mobile developer,"1,000-4,999",Fully remote,5,1,4,1,1,6,29000.0
United States,25-34 years old,"Other doctoral degree (Ph.D, Ed.D, etc.)",Front-end developer,500-999,Hybrid,6,6,2,1,1,2,165900.0
India,35-44 years old,Bachelor's degree,Back-end developer,100-499,Fully remote,12,12,5,1,1,7,31800.0
India,35-44 years old,Bachelor's degree,Full-stack developer,10-19,Hybrid,11,11,3,1,1,8,
United Kingdom,25-34 years old,Master's degree,Data scientist/ML engineer,20-99,Fully remote,11,8,4,1,1,2,
India,18-24 years old,Master's degree,Data/business analyst,20-99,Fully remote,4,4,4,1,0,7,23900.0
Ukraine,35-44 years old,Bachelor's degree,DevOps/SRE/platform engineer,"5,000-9,999",In-person,11,9,6,1,0,5,38000.0
United Kingdom,18-24 years old,Bachelor's degree,Data scientist/ML engineer,"10,000 or more",In-person,2,1,6,1,1,8,121600.0
United States,35-44 years old,Some college,Full-stack developer,10-19,In-person,16,13,1,1,1,7,146000.0
India,35-44 years old,Bachelor's degree,Back-end developer,20-99,In-person,13,11,5,1,1,1,35200.0
Brazil,35-44 years old,Master's degree,Back-end developer,20-99,Hybrid,16,14,4,1,1,5,79500.0
United States,35-44 years old,"Other doctoral degree (Ph.D, Ed.D, etc.)",Mobile developer,2-9 employees,Fully remote,17,13,3,1,1,7,146400.0
Ukraine,45-54 years old,Master's degree,Full-stack developer,20-99,Fully remote,29,25,3,1,0,3,43500.0
Germany,25-34 years old,Associate's degree,Front-end developer,"10,000 or more",Hybrid,2,0,3,1,0,9,64200.0
United Kingdom,35-44 years old,Master's degree,Full-stack developer,"10,000 or more",Hybrid,16,12,3,1,1,9,113200.0
Italy,35-44 years old,Bachelor's degree,Desktop/embedded developer,10-19,Hybrid,10,9,1,1,1,3,99900.0
Germany,25-34 years old,Master's degree,Data scientist/ML engineer,20-99,Hybrid,8,7,2,1,1,9,193600.0
Ukraine,18-24 years old,Master's degree,Front-end developer,20-99,Fully remote,4,0,10,1,1,7,31600.0
Russia,25-34 years old,Bachelor's degree,Data scientist/ML engineer,10-19,Hybrid,6,6,3,1,1,9,36000.0
Ukraine,25-34 years old,Bachelor's degree,Front-end developer,"1,000-4,999",Fully remote,5,3,5,1,1,7,27100.0
Australia,35-44 years old,Some college,Full-stack developer,500-999,In-person,11,10,2,1,1,9,89200.0
India,45-54 years old,High school/GED,Back-end developer,100-499,Hybrid,20,16,1,1,0,7,45500.0
India,25-34 years old,Master's degree,Data/business analyst,"10,000 or more",Hybrid,8,4,4,1,1,10,35900.0
India,18-24 years old,High school/GED,Full-stack developer,500-999,In-person,6,5,2,0,1,9,28500.0
Italy,55-64 years old,High school/GED,Full-stack developer,20-99,Fully remote,29,28,3,1,1,7,51500.0
India,18-24 years old,Bachelor's degree,Back-end developer,100-499,In-person,3,3,9,1,1,6,35900.0
United States,25-34 years old,Master's degree,Back-end developer,10-19,Hybrid,14,10,3,1,1,7,109600.0
Netherlands,35-44 years old,Bachelor's degree,Back-end developer,500-999,In-person,17,13,2,1,1,8,92700.0
India,25-34 years old,Associate's degree,Front-end developer,500-999,In-person,6,3,3,0,0,6,23000.0
Canada,18-24 years old,Master's degree,Security professional,"10,000 or more",In-person,3,3,4,1,1,7,131400.0
Ukraine,18-24 years old,Bachelor's degree,Data scientist/ML engineer,"10,000 or more",Fully remote,1,0,4,1,1,9,43900.0
United Kingdom,18-24 years old,Bachelor's degree,Full-stack developer,"10,000 or more",In-person,1,0,5,1,1,10,72300.0
Canada,35-44 years old,Master's degree,Data scientist/ML engineer,100-499,In-person,9,7,4,1,1,7,
France,25-34 years old,Bachelor's degree,DevOps/SRE/platform engineer,"1,000-4,999",Hybrid,9,8,2,1,1,4,102500.0
Canada,25-34 years old,Master's degree,Mobile developer,"5,000-9,999",Hybrid,8,4,6,1,0,8,92300.0
United States,35-44 years old,Bachelor's degree,Back-end developer,2-9 employees,In-person,14,13,2,1,1,5,168900.0
Germany,45-54 years old,Bachelor's degree,Back-end developer,20-99,Hybrid,21,17,4,1,1,2,113500.0
United States,18-24 years old,Bachelor's degree,DevOps/SRE/platform engineer,10-19,In-person,7,3,2,1,0,6,163500.0
Canada,25-34 years old,Master's degree,Data scientist/ML engineer,100-499,Hybrid,3,3,4,1,1,5,94100.0
United Kingdom,35-44 years old,Bachelor's degree,Front-end developer,"10,000 or more",Hybrid,13,12,5,0,1,7,82600.0
India,25-34 years old,Some college,Full-stack developer,20-99,In-person,8,8,2,1,0,1,21900.0
United Kingdom,25-34 years old,Associate's degree,Front-end developer,"1,000-4,999",Fully remote,11,7,1,1,1,8,
Germany,35-44 years old,Bachelor's degree,Full-stack developer,100-499,In-person,13,12,5,1,0,6,
India,45-54 years old,Master's degree,Full-stack developer,"10,000 or more",Fully remote,16,15,6,0,1,5,
India,35-44 years old,"Other doctoral degree (Ph.D, Ed.D, etc.)",Back-end developer,"1,000-4,999",Fully remote,21,21,5,1,1,5,25600.0
Poland,35-44 years old,Master's degree,Back-end developer,"10,000 or more",Hybrid,17,17,7,0,1,2,76400.0
Poland,35-44 years old,Bachelor's degree,Back-end developer,20-99,In-person,18,14,2,1,0,5,66400.0
Germany,25-34 years old,Bachelor's degree,Back-end developer,"10,000 or more",Fully remote,7,3,4,1,1,3,122700.0
Brazil,35-44 years old,Master's degree,Full-stack developer,20-99,Hybrid,13,12,5,1,0,6,56700.0
Germany,25-34 years old,"Other doctoral degree (Ph.D, Ed.D, etc.)",Full-stack developer,"1,000-4,999",Hybrid,4,3,2,1,1,7,150700.0
Spain,25-34 years old,Bachelor's degree,Full-stack developer,10-19,In-person,12,9,3,1,0,9,89700.0
India,35-44 years old,Some college,Back-end developer,"5,000-9,999",Fully remote,16,13,11,1,1,7,27300.0
Ukraine,25-34 years old,Some college,Full-stack developer,"10,000 or more",Hybrid,5,3,6,1,1,7,
United Kingdom,25-34 years old,Bachelor's degree,Full-stack developer,"5,000-9,999",In-person,8,4,5,1,1,3,
United Kingdom,45-54 years old,Bachelor's degree,Back-end developer,500-999,Fully remote,25,23,6,1,1,6,109400.0
France,18-24 years old,"Other doctoral degree (Ph.D, Ed.D, etc.)",Full-stack developer,100-499,Hybrid,8,6,2,1,1,8,70700.0
India,25-34 years old,Bachelor's degree,Full-stack developer,20-99,Hybrid,10,10,3,1,1,7,
Brazil,18-24 years old,Bachelor's degree,DevOps/SRE/platform engineer,100-499,Hybrid,4,4,4,1,1,6,26200.0
India,35-44 years old,Bachelor's degree,Front-end developer,20-99,Fully remote,14,11,4,1,1,6,38700.0
India,35-44 years old,"Professional degree (JD, MD, etc.)",DevOps/SRE/platform engineer,"10,000 or more",In-person,4,2,3,1,0,3,46500.0
France,25-34 years old,Bachelor's degree,Back-end developer,"10,000 or more",Fully remote,9,6,2,1,1,1,96500.0
India,35-44 years old,Associate's degree,Mobile developer,"10,000 or more",Fully remote,16,12,6,0,1,4,33300.0
United States,25-34 years old,Some college,Full-stack developer,100-499,In-person,6,5,3,1,1,5,108300.0
Spain,35-44 years old,Bachelor's degree,Front-end developer,100-499,Hybrid,12,12,2,1,1,5,71500.0
Ukraine,25-34 years old,Master's degree,Back-end developer,500-999,Fully remote,5,1,2,1,1,8,36600.0
Canada,25-34 years old,Bachelor's degree,Mobile developer,"1,000-4,999",Hybrid,11,7,3,1,1,4,
Australia,55-64 years old,Bachelor's degree,Back-end developer,Just me,Hybrid,30,30,5,1,0,8,143000.0
Italy,25-34 years old,Bachelor's degree,DevOps/SRE/platform engineer,"10,000 or more",Hybrid,7,7,6,1,1,8,59900.0
Canada,18-24 years old,Bachelor's degree,Front-end developer,20-99,Fully remote,6,4,4,1,0,4,97400.0
Russia,35-44 years old,Associate's degree,Desktop/embedded developer,100-499,Hybrid,17,14,2,0,1,8,37600.0
India,55-64 years old,"Professional degree (JD, MD, etc.)",DevOps/SRE/platform engineer,"10,000 or more",Hybrid,31,27,6,0,1,6,64100.0
Brazil,25-34 years old,Bachelor's degree,Security professional,"10,000 or more",Hybrid,7,5,6,1,1,3,45600.0
United States,18-24 years old,Master's degree,Data scientist/ML engineer,"5,000-9,999",Hybrid,4,2,6,1,1,7,235400.0
Netherlands,25-34 years old,Master's degree,Back-end developer,Just me,In-person,9,5,6,0,1,8,111200.0
Australia,25-34 years old,"Other doctoral degree (Ph.D, Ed.D, etc.)",Full-stack developer,20-99,Hybrid,12,8,1,1,1,10,
India,25-34 years old,Bachelor's degree,Back-end developer,20-99,In-person,8,7,2,1,0,7,
France,35-44 years old,Bachelor's degree,Full-stack developer,"10,000 or more",Hybrid,21,18,4,1,1,7,123600.0
Spain,65 years or older,Bachelor's degree,Full-stack developer,20-99,In-person,44,40,3,1,1,7,85600.0
Russia,25-34 years old,Bachelor's degree,Front-end developer,"10,000 or more",Hybrid,5,5,3,1,1,5,
United States,25-34 years old,Bachelor's degree,DevOps/SRE/platform engineer,"10,000 or more",Fully remote,1,0,2,1,1,4,112700.0
Australia,25-34 years old,"Other doctoral degree (Ph.D, Ed.D, etc.)",Full-stack developer,"10,000 or more",Hybrid,12,9,1,0,1,5,132400.0
India,18-24 years old,Master's degree,Front-end developer,2-9 employees,In-person,0,0,4,1,1,6,31900.0
Brazil,45-54 years old,Bachelor's degree,Back-end developer,Just me,In-person,18,18,3,0,1,8,47500.0
India,25-34 years old,Bachelor's degree,Mobile developer,"5,000-9,999",Fully remote,7,4,3,1,1,3,
United States,25-34 years old,Some college,Full-stack developer,"10,000 or more",Fully remote,5,4,1,1,1,4,169000.0
United States,35-44 years old,Master's degree,Front-end developer,"10,000 or more",In-person,14,14,4,1,0,10,230200.0
India,25-34 years old,Bachelor's degree,Engineer (other),20-99,Fully remote,2,0,3,0,1,3,30800.0
Poland,35-44 years old,Bachelor's degree,Back-end developer,"1,000-4,999",In-person,12,9,4,1,1,10,70200.0
United States,18-24 years old,"Professional degree (JD, MD, etc.)",Data scientist/ML engineer,100-499,Hybrid,6,3,2,0,1,4,
Australia,35-44 years old,Bachelor's degree,DevOps/SRE/platform engineer,20-99,Hybrid,18,14,3,1,1,7,185200.0
Italy,55-64 years old,Master's degree,Full-stack developer,500-999,In-person,31,30,5,1,1,6,103400.0
Netherlands,35-44 years old,Bachelor's degree,Security professional,100-499,Hybrid,12,10,5,1,1,6,140700.0
Germany,55-64 years old,Master's degree,Data scientist/ML engineer,20-99,Fully remote,27,25,4,1,1,8,133500.0
United Kingdom,25-34 years old,Bachelor's degree,Full-stack developer,20-99,Hybrid,7,3,3,1,1,8,68700.0
United States,25-34 years old,Bachelor's degree,Back-end developer,100-499,Hybrid,6,6,1,1,1,10,180700.0
United States,35-44 years old,"Other doctoral degree (Ph.D, Ed.D, etc.)",Front-end developer,100-499,Hybrid,16,16,4,1,1,8,145500.0
Russia,35-44 years old,Bachelor's degree,DevOps/SRE/platform engineer,20-99,In-person,8,6,3,1,1,7,
United States,25-34 years old,Bachelor's degree,Full-stack developer,20-99,Fully remote,5,4,4,1,1,4,114700.0
Russia,25-34 years old,Bachelor's degree,Data scientist/ML engineer,"10,000 or more",In-person,1,1,6,0,0,7,45700.0
United States,18-24 years old,High school/GED,Full-stack developer,"10,000 or more",In-person,3,0,6,0,1,7,108100.0
United States,25-34 years old,Master's degree,Data scientist/ML engineer,"5,000-9,999",Fully remote,12,8,9,1,0,8,160200.0
United States,25-34 years old,Bachelor's degree,Desktop/embedded developer,20-99,Fully remote,8,7,6,0,1,6,143500.0
Netherlands,35-44 years old,Master's degree,Front-end developer,10-19,Fully remote,13,13,3,1,1,4,113300.0
Germany,25-34 years old,Bachelor's degree,Front-end developer,"5,000-9,999",In-person,10,8,3,1,0,9,99000.0
United States,18-24 years old,Bachelor's degree,DevOps/SRE/platform engineer,10-19,Fully remote,4,0,1,1,0,2,110500.0
Brazil,25-34 years old,Master's degree,Back-end developer,100-499,Hybrid,4,4,2,1,1,4,51900.0
Ukraine,35-44 years old,Bachelor's degree,Data scientist/ML engineer,20-99,Hybrid,21,19,3,0,1,7,59700.0
United Kingdom,45-54 years old,Master's degree,Full-stack developer,100-499,Fully remote,19,19,6,1,1,9,165700.0
United States,35-44 years old,Bachelor's degree,Desktop/embedded developer,"10,000 or more",In-person,18,14,4,1,1,3,119400.0
United States,25-34 years old,Bachelor's degree,Data scientist/ML engineer,"10,000 or more",Hybrid,8,5,3,1,0,8,180600.0
Netherlands,35-44 years old,Bachelor's degree,Back-end developer,"10,000 or more",Fully remote,9,6,3,1,1,5,90200.0
Canada,25-34 years old,Less than high school,Data scientist/ML engineer,"10,000 or more",In-person,2,0,5,1,1,3,101300.0
Ukraine,18-24 years old,Bachelor's degree,Front-end developer,"1,000-4,999",Hybrid,3,0,3,1,1,9,26300.0
United Kingdom,35-44 years old,Associate's degree,Mobile developer,100-499,In-person,19,15,5,1,1,10,94600.0
United States,45-54 years old,Master's degree,Full-stack developer,2-9 employees,Fully remote,24,22,3,1,1,4,261100.0
India,25-34 years old,Some college,Full-stack developer,500-999,Hybrid,8,8,7,1,1,9,26000.0
France,25-34 years old,Bachelor's degree,DevOps/SRE/platform engineer,20-99,In-person,3,2,2,0,1,8,63200.0
India,25-34 years old,Bachelor's degree,DevOps/SRE/platform engineer,"10,000 or more",Hybrid,10,10,4,1,1,4,19400.0
Italy,25-34 years old,Less than high school,Back-end developer,100-499,Hybrid,6,2,2,0,1,8,46400.0
India,25-34 years old,High school/GED,Data/business analyst,"1,000-4,999",Fully remote,8,6,5,1,0,9,15000.0
United Kingdom,35-44 years old,Bachelor's degree,Desktop/embedded developer,"1,000-4,999",Hybrid,12,12,3,1,0,7,
United States,18-24 years old,Associate's degree,Engineer (other),20-99,In-person,3,1,5,1,1,9,
United States,55-64 years old,Some college,Front-end developer,"5,000-9,999",Hybrid,35,32,5,1,0,7,
France,35-44 years old,Some college,Full-stack developer,"10,000 or more",In-person,11,10,3,1,0,4,74600.0
Canada,35-44 years old,Master's degree,Back-end developer,"1,000-4,999",Fully remote,12,8,4,0,1,8,89900.0
United States,45-54 years old,Master's degree,Engineer (other),"5,000-9,999",Hybrid,20,20,3,1,1,8,175000.0
India,18-24 years old,Bachelor's degree,Back-end developer,20-99,Hybrid,1,0,1,1,1,8,17500.0
France,25-34 years old,"Professional degree (JD, MD, etc.)",Data/business analyst,"10,000 or more",Hybrid,19,15,3,0,1,9,106700.0
Australia,35-44 years old,High school/GED,Data scientist/ML engineer,100-499,Hybrid,18,14,5,1,1,7,178500.0
India,45-54 years old,Bachelor's degree,Back-end developer,"10,000 or more",Fully remote,22,19,6,0,1,8,57300.0
France,35-44 years old,Master's degree,Front-end developer,"10,000 or more",Hybrid,11,9,5,1,1,10,69900.0
India,25-34 years old,Bachelor's degree,Front-end developer,10-19,Hybrid,2,0,3,1,1,4,19600.0
Brazil,55-64 years old,"Other doctoral degree (Ph.D, Ed.D, etc.)",Desktop/embedded developer,"10,000 or more",Fully remote,26,25,4,0,0,6,46500.0
Brazil,18-24 years old,"Other doctoral degree (Ph.D, Ed.D, etc.)",Full-stack developer,"10,000 or more",Hybrid,5,2,4,0,1,5,
United States,45-54 years old,Some college,Mobile developer,500-999,In-person,28,24,4,1,0,6,132000.0
France,55-64 years old,"Other doctoral degree (Ph.D, Ed.D, etc.)",Front-end developer,"5,000-9,999",Fully remote,34,31,4,0,1,7,94400.0
India,25-34 years old,"Other doctoral degree (Ph.D, Ed.D, etc.)",Mobile developer,"10,000 or more",Hybrid,9,6,5,1,1,9,39600.0
United States,35-44 years old,Bachelor's degree,Front-end developer,Just me,Hybrid,12,11,6,1,1,6,180400.0
Germany,18-24 years old,"Other doctoral degree (Ph.D, Ed.D, etc.)",Back-end developer,"10,000 or more",In-person,4,2,6,0,1,7,80200.0
Germany,25-34 years old,High school/GED,Front-end developer,"1,000-4,999",Hybrid,6,3,2,1,1,9,49300.0
Netherlands,25-34 years old,Master's degree,DevOps/SRE/platform engineer,"10,000 or more",In-person,13,10,3,1,1,10,
United States,35-44 years old,Bachelor's degree,Back-end developer,100-499,Fully remote,14,11,4,1,1,6,208600.0
Netherlands,55-64 years old,Some college,Data/business analyst,100-499,Fully remote,28,28,4,1,0,4,
United States,35-44 years old,Bachelor's degree,Back-end developer,"10,000 or more",Hybrid,8,5,2,1,0,7,123900.0
United States,25-34 years old,Bachelor's degree,Data/business analyst,100-499,In-person,7,4,4,1,1,9,95300.0
United Kingdom,35-44 years old,Master's degree,DevOps/SRE/platform engineer,100-499,In-person,19,15,5,0,1,5,153700.0
Germany,55-64 years old,Bachelor's degree,Data scientist/ML engineer,500-999,Hybrid,25,25,10,1,1,7,199000.0
Italy,18-24 years old,Bachelor's degree,Back-end developer,100-499,In-person,3,0,1,1,1,7,58100.0
Canada,65 years or older,Some college,Front-end developer,100-499,Fully remote,40,37,3,1,1,10,149000.0
India,18-24 years old,Bachelor's degree,DevOps/SRE/platform engineer,10-19,Hybrid,1,0,9,1,1,7,
Russia,35-44 years old,Master's degree,Front-end developer,100-499,Hybrid,16,15,2,0,0,7,
India,25-34 years old,Bachelor's degree,Data scientist/ML engineer,20-99,In-person,3,3,7,1,1,4,45600.0
India,18-24 years old,Bachelor's degree,Data scientist/ML engineer,100-499,Fully remote,4,0,1,0,0,7,32600.0
Germany,25-34 years old,Bachelor's degree,Back-end developer,500-999,Fully remote,2,2,3,0,1,6,107700.0
Russia,35-44 years old,Bachelor's degree,Front-end developer,500-999,Hybrid,13,13,2,1,1,5,34000.0
Brazil,25-34 years old,Bachelor's degree,Full-stack developer,20-99,In-person,13,12,6,1,1,7,44500.0
France,18-24 years old,"Other doctoral degree (Ph.D, Ed.D, etc.)",Full-stack developer,2-9 employees,Fully remote,5,4,5,1,0,8,
Brazil,35-44 years old,Master's degree,Mobile developer,"1,000-4,999",Hybrid,13,9,4,1,1,4,50600.0
France,45-54 years old,Bachelor's degree,DevOps/SRE/platform engineer,100-499,Fully remote,26,23,6,1,1,4,105100.0
Poland,25-34 years old,Bachelor's degree,Full-stack developer,100-499,Hybrid,8,4,4,0,1,3,56300.0
United States,25-34 years old,Bachelor's degree,DevOps/SRE/platform engineer,10-19,Fully remote,12,9,2,1,1,8,161600.0
United States,25-34 years old,Master's degree,Full-stack developer,100-499,Hybrid,9,7,4,0,1,8,238700.0
India,18-24 years old,Bachelor's degree,Back-end developer,"5,000-9,999",Fully remote,1,0,4,1,1,9,31200.0
Spain,45-54 years old,Master's degree,Full-stack developer,500-999,Fully remote,19,17,6,1,0,10,94600.0
Brazil,45-54 years old,Bachelor's degree,Data/business analyst,2-9 employees,In-person,25,23,6,0,1,6,43500.0
United Kingdom,35-44 years old,Bachelor's degree,Engineer (other),20-99,Hybrid,13,12,4,1,1,6,93900.0
United States,25-34 years old,Master's degree,Front-end developer,"10,000 or more",In-person,4,2,4,1,1,10,155500.0
United States,35-44 years old,Bachelor's degree,Back-end developer,100-499,Fully remote,10,10,1,1,1,4,117400.0
Netherlands,25-34 years old,"Other doctoral degree (Ph.D, Ed.D, etc.)",Back-end developer,20-99,In-person,3,0,5,0,1,2,121600.0
India,45-54 years old,Some college,Data scientist/ML engineer,"10,000 or more",In-person,24,20,3,0,0,6,51100.0
Brazil,35-44 years old,Bachelor's degree,Full-stack developer,20-99,Hybrid,20,19,3,0,1,3,58600.0
United States,35-44 years old,Bachelor's degree,Back-end developer,"1,000-4,999",Hybrid,14,14,5,0,1,6,222600.0
Canada,35-44 years old,Master's degree,Data scientist/ML engineer,10-19,In-person,23,19,3,1,1,6,135400.0
Canada,25-34 years old,Master's degree,Back-end developer,10-19,Hybrid,12,8,7,1,1,8,83200.0
Poland,55-64 years old,Some college,Full-stack developer,500-999,Fully remote,35,31,5,1,1,8,
Germany,25-34 years old,Bachelor's degree,Back-end developer,20-99,Hybrid,13,11,5,1,1,8,76700.0
Canada,35-44 years old,Bachelor's degree,Data scientist/ML engineer,2-9 employees,Hybrid,15,13,5,0,1,8,98500.0
Germany,25-34 years old,Bachelor's degree,Engineer (other),"10,000 or more",In-person,6,4,3,1,1,6,68800.0
Ukraine,35-44 years old,Bachelor's degree,Full-stack developer,2-9 employees,In-person,17,15,3,1,1,7,41500.0
United Kingdom,35-44 years old,Bachelor's degree,Front-end developer,"1,000-4,999",Hybrid,16,16,7,0,0,8,
United States,25-34 years old,Bachelor's degree,Back-end developer,20-99,Hybrid,6,4,5,1,1,4,112700.0
France,18-24 years old,Bachelor's degree,Full-stack developer,"10,000 or more",Hybrid,1,0,1,1,0,8,112200.0
United Kingdom,35-44 years old,Some college,Front-end developer,"10,000 or more",Hybrid,16,12,4,1,1,10,103700.0
Netherlands,35-44 years old,Bachelor's degree,Full-stack developer,20-99,Hybrid,14,14,1,0,0,4,114100.0
United States,25-34 years old,High school/GED,Full-stack developer,500-999,Hybrid,9,7,6,1,1,6,147800.0
India,25-34 years old,Bachelor's degree,Data scientist/ML engineer,"5,000-9,999",In-person,5,1,2,1,1,7,31000.0
Ukraine,35-44 years old,Master's degree,Back-end developer,10-19,Fully remote,18,18,3,1,1,8,77000.0
Ukraine,18-24 years old,Some college,Security professional,"1,000-4,999",In-person,4,0,1,1,1,5,51200.0
Germany,25-34 years old,Some college,Back-end developer,"10,000 or more",Hybrid,4,4,2,1,1,7,98100.0
United States,25-34 years old,High school/GED,Back-end developer,10-19,In-person,5,2,3,1,1,10,74900.0
India,25-34 years old,Master's degree,Back-end developer,"10,000 or more",Hybrid,13,13,1,1,1,6,
India,25-34 years old,High school/GED,Full-stack developer,2-9 employees,Hybrid,8,6,3,1,1,7,27100.0
India,25-34 years old,"Other doctoral degree (Ph.D, Ed.D, etc.)",Mobile developer,500-999,Hybrid,6,2,8,1,1,7,33900.0
India,18-24 years old,Bachelor's degree,Data scientist/ML engineer,20-99,Hybrid,8,4,3,1,0,9,43900.0
Australia,25-34 years old,Bachelor's degree,Back-end developer,100-499,Hybrid,11,7,3,1,1,6,96200.0
United States,25-34 years old,Some college,Desktop/embedded developer,20-99,Fully remote,5,4,6,1,1,9,116400.0
France,25-34 years old,Bachelor's degree,Data/business analyst,20-99,In-person,9,8,5,1,1,8,
France,25-34 years old,Bachelor's degree,Full-stack developer,"1,000-4,999",Fully remote,5,3,7,1,1,8,71000.0
France,45-54 years old,Bachelor's degree,Full-stack developer,20-99,Hybrid,22,19,3,1,1,2,122400.0
United Kingdom,25-34 years old,Bachelor's degree,Full-stack developer,100-499,Hybrid,1,0,5,1,0,6,59600.0
Canada,25-34 years old,Bachelor's degree,DevOps/SRE/platform engineer,20-99,Fully remote,1,1,3,1,1,3,110200.0
Australia,18-24 years old,Bachelor's degree,Full-stack developer,20-99,In-person,9,7,6,0,1,7,129600.0
Netherlands,18-24 years old,Bachelor's degree,Back-end developer,"1,000-4,999",Hybrid,9,6,7,1,1,9,117900.0
United States,35-44 years old,Bachelor's degree,Front-end developer,2-9 employees,Hybrid,12,12,1,0,1,6,147700.0
United States,35-44 years old,Master's degree,Front-end developer,"5,000-9,999",Hybrid,21,17,5,1,0,5,233300.0
Australia,45-54 years old,Bachelor's degree,Data scientist/ML engineer,100-499,Fully remote,21,20,3,0,1,5,112700.0
United Kingdom,25-34 years old,Bachelor's degree,Back-end developer,"10,000 or more",Hybrid,4,4,5,0,1,7,91900.0
Sweden,55-64 years old,Bachelor's degree,Front-end developer,20-99,Fully remote,31,28,6,1,1,8,212900.0
Germany,18-24 years old,Less than high school,Data/business analyst,"1,000-4,999",Fully remote,3,1,3,0,1,8,
United States,18-24 years old,Bachelor's degree,Full-stack developer,100-499,Hybrid,1,1,4,1,1,10,143900.0
Germany,18-24 years old,Bachelor's degree,Full-stack developer,2-9 employees,Hybrid,7,5,4,0,0,9,112000.0
Germany,25-34 years old,High school/GED,Data scientist/ML engineer,"5,000-9,999",In-person,9,5,5,1,0,3,93600.0
United Kingdom,25-34 years old,"Professional degree (JD, MD, etc.)",Data scientist/ML engineer,"5,000-9,999",Hybrid,10,7,2,1,1,8,116400.0
Australia,35-44 years old,Bachelor's degree,Back-end developer,20-99,In-person,18,15,4,1,1,6,148100.0
France,18-24 years old,Bachelor's degree,Full-stack developer,"10,000 or more",Hybrid,4,3,4,1,1,6,86100.0
United States,55-64 years old,Master's degree,Data scientist/ML engineer,"5,000-9,999",Fully remote,28,25,2,1,0,7,313100.0
Brazil,45-54 years old,Some college,Desktop/embedded developer,20-99,Fully remote,16,16,4,1,1,8,46600.0
Canada,25-34 years old,Master's degree,DevOps/SRE/platform engineer,20-99,Hybrid,5,5,4,1,1,6,122000.0
United Kingdom,18-24 years old,Bachelor's degree,DevOps/SRE/platform engineer,100-499,Fully remote,1,1,4,1,1,9,118400.0
France,25-34 years old,Bachelor's degree,Full-stack developer,20-99,Fully remote,9,5,4,1,1,7,
United Kingdom,18-24 years old,Master's degree,DevOps/SRE/platform engineer,20-99,Hybrid,4,1,6,1,1,2,97100.0
Germany,18-24 years old,"Professional degree (JD, MD, etc.)",Full-stack developer,100-499,Hybrid,12,9,4,1,1,8,145400.0
France,25-34 years old,Bachelor's degree,DevOps/SRE/platform engineer,Just me,In-person,1,1,3,1,1,8,68400.0
Brazil,25-34 years old,Bachelor's degree,Data scientist/ML engineer,100-499,Hybrid,1,0,2,0,1,6,43400.0
United States,25-34 years old,Bachelor's degree,Front-end developer,20-99,Hybrid,7,6,2,1,1,5,86500.0
Germany,65 years or older,Associate's degree,Front-end developer,20-99,Hybrid,37,34,6,1,1,8,96000.0
Germany,35-44 years old,Master's degree,Full-stack developer,2-9 employees,Fully remote,16,13,4,1,1,6,102300.0
United States,55-64 years old,Some college,Full-stack developer,500-999,In-person,32,30,5,1,0,9,146900.0
Australia,25-34 years old,Bachelor's degree,Back-end developer,100-499,Fully remote,12,9,4,1,1,8,164400.0
India,25-34 years old,Master's degree,DevOps/SRE/platform engineer,"5,000-9,999",Fully remote,0,0,1,1,1,7,22300.0
United States,25-34 years old,Master's degree,Back-end developer,"10,000 or more",Fully remote,7,3,2,1,1,10,188000.0
Germany,18-24 years old,Bachelor's degree,Full-stack developer,2-9 employees,Hybrid,6,3,3,0,1,6,
United States,18-24 years old,Master's degree,DevOps/SRE/platform engineer,20-99,In-person,7,4,4,1,0,6,181700.0
Brazil,35-44 years old,Some college,Full-stack developer,"1,000-4,999",Fully remote,19,19,8,0,1,8,
United Kingdom,35-44 years old,Some college,DevOps/SRE/platform engineer,20-99,Hybrid,17,15,5,0,1,7,128100.0
India,25-34 years old,Bachelor's degree,Back-end developer,2-9 employees,Hybrid,8,5,7,1,1,6,29000.0
Ukraine,25-34 years old,Bachelor's degree,Back-end developer,2-9 employees,Fully remote,3,2,4,1,1,6,25700.0
India,25-34 years old,Master's degree,Full-stack developer,100-499,In-person,4,3,3,1,0,9,31600.0
United Kingdom,18-24 years old,Master's degree,Mobile developer,100-499,Hybrid,1,0,6,1,0,4,78300.0
Netherlands,25-34 years old,Bachelor's degree,Full-stack developer,"10,000 or more",In-person,11,7,3,1,1,6,81800.0
United Kingdom,25-34 years old,Bachelor's degree,Full-stack developer,100-499,Fully remote,10,6,3,1,1,4,87900.0
Sweden,18-24 years old,Some college,Front-end developer,"1,000-4,999",In-person,3,0,3,1,1,7,53800.0
Spain,55-64 years old,Associate's degree,DevOps/SRE/platform engineer,100-499,In-person,30,27,5,1,1,4,82700.0
Ukraine,35-44 years old,High school/GED,Full-stack developer,20-99,In-person,18,15,1,1,1,4,42300.0
India,35-44 years old,Master's degree,Data scientist/ML engineer,2-9 employees,Fully remote,17,13,6,0,1,9,54400.0
United Kingdom,25-34 years old,Bachelor's degree,Data scientist/ML engineer,"10,000 or more",Hybrid,10,7,4,1,0,8,101600.0
Australia,25-34 years old,Bachelor's degree,Front-end developer,10-19,Hybrid,6,6,5,1,1,4,91800.0
Russia,25-34 years old,Bachelor's degree,Back-end developer,2-9 employees,In-person,12,10,1,1,0,6,61300.0
Ukraine,18-24 years old,Bachelor's degree,Back-end developer,20-99,Hybrid,3,2,5,1,1,9,44600.0
Spain,25-34 years old,Master's degree,Back-end developer,Just me,Fully remote,5,4,1,1,1,9,75100.0
Brazil,35-44 years old,Bachelor's degree,Desktop/embedded developer,2-9 employees,Hybrid,9,9,4,1,0,8,26400.0
United States,35-44 years old,High school/GED,Full-stack developer,"1,000-4,999",Hybrid,16,13,5,1,0,5,164400.0
India,25-34 years old,"Other doctoral degree (Ph.D, Ed.D, etc.)",Front-end developer,20-99,Hybrid,4,0,5,1,1,6,27300.0
United States,25-34 years old,High school/GED,Full-stack developer,20-99,Fully remote,7,4,6,1,0,8,106200.0
United States,45-54 years old,Master's degree,Back-end developer,"10,000 or more",In-person,22,19,5,1,1,7,192100.0
India,18-24 years old,Bachelor's degree,Front-end developer,"5,000-9,999",Hybrid,1,0,3,1,0,7,34700.0
United States,25-34 years old,Bachelor's degree,DevOps/SRE/platform engineer,100-499,Hybrid,3,2,8,1,1,6,161100.0
India,25-34 years old,Master's degree,Front-end developer,500-999,Hybrid,11,7,4,1,1,3,34900.0
Sweden,35-44 years old,Some college,Full-stack developer,2-9 employees,Hybrid,14,13,7,1,1,3,85900.0
India,65 years or older,Master's degree,Full-stack developer,"5,000-9,999",Hybrid,38,35,7,1,1,9,59800.0
United States,25-34 years old,Bachelor's degree,Front-end developer,100-499,Fully remote,6,6,2,0,1,9,130500.0
Brazil,45-54 years old,Bachelor's degree,Front-end developer,500-999,Hybrid,24,20,2,1,1,9,77600.0
Australia,45-54 years old,Master's degree,Desktop/embedded developer,"1,000-4,999",Hybrid,24,24,5,1,0,7,146100.0
India,25-34 years old,Less than high school,Back-end developer,100-499,Fully remote,8,5,2,1,0,10,33700.0
India,25-34 years old,Bachelor's degree,DevOps/SRE/platform engineer,100-499,Hybrid,5,1,5,1,1,9,26000.0
India,25-34 years old,Master's degree,Mobile developer,100-499,Hybrid,10,10,5,1,1,6,
India,55-64 years old,Master's degree,Full-stack developer,100-499,Fully remote,33,29,3,1,1,5,72100.0
United States,25-34 years old,Bachelor's degree,Data scientist/ML engineer,"5,000-9,999",Fully remote,6,3,1,0,1,8,
France,35-44 years old,Master's degree,Full-stack developer,100-499,Fully remote,12,8,2,1,1,8,132700.0
Australia,25-34 years old,"Other doctoral degree (Ph.D, Ed.D, etc.)",Back-end developer,Just me,Hybrid,9,6,2,1,1,9,124700.0
France,35-44 years old,Some college,Back-end developer,500-999,Hybrid,16,12,2,0,1,2,112700.0
India,25-34 years old,Bachelor's degree,Desktop/embedded developer,"10,000 or more",Fully remote,14,10,8,1,1,6,
India,35-44 years old,Bachelor's degree,Back-end developer,20-99,In-person,12,11,1,1,1,2,50300.0
India,45-54 years old,Master's degree,DevOps/SRE/platform engineer,"5,000-9,999",Fully remote,20,17,5,1,1,5,48500.0
Germany,35-44 years old,Master's degree,Back-end developer,100-499,Fully remote,17,15,3,1,1,6,186300.0
France,45-54 years old,Master's degree,Back-end developer,"1,000-4,999",Fully remote,27,23,3,1,0,3,115800.0
Ukraine,18-24 years old,"Other doctoral degree (Ph.D, Ed.D, etc.)",Full-stack developer,"10,000 or more",In-person,2,2,7,1,1,9,
United States,35-44 years old,Bachelor's degree,Desktop/embedded developer,"5,000-9,999",Fully remote,15,14,3,1,1,4,145100.0
Sweden,18-24 years old,High school/GED,Full-stack developer,"10,000 or more",Hybrid,2,1,5,1,1,6,66000.0
Russia,25-34 years old,Bachelor's degree,Back-end developer,Just me,Hybrid,10,6,9,1,1,9,45700.0
United States,25-34 years old,Bachelor's degree,Full-stack developer,10-19,Fully remote,10,8,3,1,1,3,165300.0
United States,25-34 years old,Bachelor's degree,Full-stack developer,100-499,Hybrid,8,7,5,1,1,7,118800.0
India,25-34 years old,Master's degree,Full-stack developer,"10,000 or more",In-person,7,4,2,1,1,10,25500.0
United Kingdom,65 years or older,Bachelor's degree,Full-stack developer,"10,000 or more",Hybrid,43,39,2,1,1,7,117500.0
United States,18-24 years old,Bachelor's degree,Back-end developer,10-19,In-person,4,0,4,1,1,5,
United States,35-44 years old,Master's degree,Back-end developer,10-19,Hybrid,20,18,5,1,1,10,256000.0
Russia,25-34 years old,Associate's degree,Full-stack developer,"10,000 or more",Hybrid,3,0,5,1,1,2,
United States,18-24 years old,Associate's degree,Front-end developer,100-499,Hybrid,3,0,2,1,1,6,
India,25-34 years old,Bachelor's degree,Back-end developer,"1,000-4,999",In-person,7,5,10,1,1,9,32000.0
Poland,55-64 years old,Bachelor's degree,Back-end developer,"5,000-9,999",In-person,28,28,2,1,0,4,85200.0
Russia,45-54 years old,"Other doctoral degree (Ph.D, Ed.D, etc.)",Data scientist/ML engineer,20-99,Hybrid,26,23,6,1,0,3,71300.0
India,45-54 years old,Bachelor's degree,Front-end developer,10-19,Hybrid,17,17,5,0,1,7,49200.0
United States,65 years or older,Master's degree,Data/business analyst,"10,000 or more",Hybrid,36,36,7,0,1,6,207900.0
Poland,25-34 years old,Bachelor's degree,Back-end developer,2-9 employees,Fully remote,7,3,5,0,1,8,58400.0
Netherlands,25-34 years old,High school/GED,DevOps/SRE/platform engineer,2-9 employees,Hybrid,10,6,5,1,1,6,86200.0
Italy,35-44 years old,High school/GED,Data scientist/ML engineer,20-99,Fully remote,13,12,4,0,1,8,60000.0
United States,25-34 years old,Associate's degree,Mobile developer,20-99,Hybrid,9,5,2,1,1,7,121900.0
Brazil,25-34 years old,Some college,Data/business analyst,20-99,In-person,6,3,3,1,0,7,43600.0
India,25-34 years old,Bachelor's degree,Full-stack developer,"1,000-4,999",In-person,6,3,1,1,1,7,25700.0
Russia,35-44 years old,Bachelor's degree,Full-stack developer,"10,000 or more",In-person,13,13,10,1,1,4,80000.0
India,35-44 years old,Bachelor's degree,Desktop/embedded developer,20-99,Fully remote,18,15,3,1,1,2,31400.0
Germany,25-34 years old,Bachelor's degree,Back-end developer,"5,000-9,999",Fully remote,7,3,8,0,1,7,123800.0
United States,25-34 years old,Some college,DevOps/SRE/platform engineer,2-9 employees,Fully remote,6,2,7,1,1,8,191600.0
India,25-34 years old,Bachelor's degree,Full-stack developer,2-9 employees,Hybrid,11,7,5,1,1,8,23000.0
India,35-44 years old,Bachelor's degree,Data scientist/ML engineer,100-499,Hybrid,14,12,5,1,1,8,53100.0
United States,25-34 years old,"Professional degree (JD, MD, etc.)",Full-stack developer,"10,000 or more",Fully remote,10,7,3,1,1,8,158200.0
Germany,35-44 years old,"Professional degree (JD, MD, etc.)",Full-stack developer,"10,000 or more",Hybrid,10,9,5,1,1,1,81700.0
India,18-24 years old,Master's degree,Data/business analyst,2-9 employees,Fully remote,3,0,5,1,0,5,19700.0
Netherlands,25-34 years old,Master's degree,Full-stack developer,20-99,In-person,6,3,2,0,1,8,119500.0
United States,35-44 years old,Some college,Back-end developer,"10,000 or more",Hybrid,12,10,4,1,1,3,
Poland,35-44 years old,High school/GED,Full-stack developer,10-19,Fully remote,15,12,3,1,1,4,53800.0
Brazil,25-34 years old,Master's degree,DevOps/SRE/platform engineer,"1,000-4,999",Fully remote,3,3,6,1,1,8,75100.0
India,35-44 years old,Bachelor's degree,Desktop/embedded developer,Just me,Fully remote,18,14,4,1,0,9,25000.0
United States,35-44 years old,Bachelor's degree,Data scientist/ML engineer,"1,000-4,999",Hybrid,15,11,2,1,1,4,186800.0
Australia,35-44 years old,Master's degree,Front-end developer,100-499,Fully remote,14,12,4,0,0,7,140000.0
India,35-44 years old,Bachelor's degree,Back-end developer,100-499,Hybrid,16,12,4,1,1,4,43000.0
United States,35-44 years old,Some college,Full-stack developer,"10,000 or more",In-person,13,13,4,1,1,4,98900.0
India,25-34 years old,Associate's degree,Full-stack developer,2-9 employees,Hybrid,7,5,4,1,1,7,32800.0
India,18-24 years old,Less than high school,Back-end developer,100-499,Fully remote,4,3,1,1,0,8,24200.0
India,25-34 years old,Master's degree,Desktop/embedded developer,100-499,In-person,7,3,4,1,1,7,35600.0
Italy,25-34 years old,Bachelor's degree,Full-stack developer,10-19,Hybrid,12,9,3,0,1,3,51500.0
Russia,35-44 years old,"Other doctoral degree (Ph.D, Ed.D, etc.)",Full-stack developer,2-9 employees,Hybrid,11,11,2,0,1,5,67000.0
Spain,25-34 years old,Master's degree,Full-stack developer,10-19,Hybrid,1,1,3,1,1,10,73400.0
India,25-34 years old,Some college,Back-end developer,20-99,In-person,10,6,4,1,1,7,31900.0
Sweden,18-24 years old,Some college,Full-stack developer,"10,000 or more",In-person,1,0,3,0,1,8,
France,25-34 years old,Bachelor's degree,Full-stack developer,100-499,Fully remote,10,7,3,1,1,5,
Australia,25-34 years old,"Professional degree (JD, MD, etc.)",Full-stack developer,100-499,Hybrid,13,12,7,1,1,10,161000.0
Germany,35-44 years old,Bachelor's degree,DevOps/SRE/platform engineer,"1,000-4,999",Fully remote,11,10,3,1,1,4,127200.0
United States,18-24 years old,Master's degree,Full-stack developer,"1,000-4,999",Hybrid,6,2,3,0,1,5,148100.0
Russia,35-44 years old,Bachelor's degree,DevOps/SRE/platform engineer,100-499,In-person,10,7,3,1,1,7,
Germany,55-64 years old,Bachelor's degree,Back-end developer,20-99,In-person,33,29,5,1,0,7,
Sweden,25-34 years old,"Professional degree (JD, MD, etc.)",Front-end developer,20-99,In-person,6,2,3,1,1,2,86600.0
India,25-34 years old,High school/GED,Full-stack developer,2-9 employees,In-person,3,3,5,1,1,8,30500.0
Italy,18-24 years old,Master's degree,Front-end developer,"10,000 or more",In-person,4,0,4,0,0,3,69400.0
United States,35-44 years old,High school/GED,Full-stack developer,"5,000-9,999",Hybrid,16,14,3,1,1,2,84500.0
India,25-34 years old,Master's degree,Full-stack developer,"1,000-4,999",Fully remote,11,8,2,1,0,7,44300.0
Canada,25-34 years old,Master's degree,Mobile developer,100-499,Fully remote,5,5,4,0,1,2,75000.0
Brazil,25-34 years old,Master's degree,Front-end developer,500-999,Fully remote,5,2,6,1,0,4,
Brazil,45-54 years old,Some college,Full-stack developer,100-499,Hybrid,25,25,4,1,1,6,62400.0
Germany,25-34 years old,Some college,Back-end developer,20-99,In-person,5,3,8,1,0,7,74600.0
United States,18-24 years old,Bachelor's degree,Back-end developer,20-99,Hybrid,4,0,4,1,1,8,117500.0
Germany,45-54 years old,Bachelor's degree,Desktop/embedded developer,"10,000 or more",In-person,21,21,6,1,0,5,108100.0
India,35-44 years old,Bachelor's degree,Front-end developer,"1,000-4,999",Fully remote,9,9,1,1,1,7,
France,45-54 years old,Bachelor's degree,Full-stack developer,Just me,In-person,23,23,3,1,1,10,85500.0
United States,35-44 years old,Some college,Full-stack developer,20-99,In-person,13,11,6,1,1,6,159400.0
India,35-44 years old,Master's degree,Back-end developer,20-99,In-person,17,14,4,1,1,8,54200.0
Sweden,25-34 years old,Master's degree,Back-end developer,"1,000-4,999",Fully remote,11,9,4,1,0,5,170300.0
United States,35-44 years old,"Other doctoral degree (Ph.D, Ed.D, etc.)",Back-end developer,"1,000-4,999",Fully remote,8,8,4,1,1,7,161900.0
Canada,45-54 years old,Bachelor's degree,Data scientist/ML engineer,100-499,Hybrid,18,18,1,1,1,9,193500.0
United States,35-44 years old,Bachelor's degree,Desktop/embedded developer,"10,000 or more",Hybrid,16,12,4,1,1,9,153800.0
United States,25-34 years old,Associate's degree,Back-end developer,"10,000 or more",In-person,12,10,1,0,1,10,139300.0
Canada,25-34 years old,Some college,DevOps/SRE/platform engineer,"10,000 or more",In-person,5,3,6,1,1,5,96300.0
Germany,25-34 years old,Bachelor's degree,Full-stack developer,20-99,Hybrid,4,3,7,0,1,4,89400.0
United Kingdom,25-34 years old,"Other doctoral degree (Ph.D, Ed.D, etc.)",Front-end developer,100-499,Hybrid,9,6,3,1,1,9,96600.0
Russia,25-34 years old,Some college,Data/business analyst,100-499,Hybrid,4,3,1,1,0,7,21100.0
Australia,25-34 years old,Bachelor's degree,Front-end developer,100-499,Hybrid,6,5,7,1,0,6,95800.0
Russia,35-44 years old,High school/GED,Back-end developer,"10,000 or more",Fully remote,10,7,5,1,1,2,31900.0
Canada,25-34 years old,Bachelor's degree,Full-stack developer,20-99,Hybrid,16,12,8,1,1,5,166600.0
Germany,35-44 years old,Some college,DevOps/SRE/platform engineer,"5,000-9,999",Fully remote,12,8,4,0,1,3,85500.0
Germany,18-24 years old,Bachelor's degree,Back-end developer,100-499,Fully remote,4,1,3,1,1,7,78200.0
Poland,18-24 years old,Bachelor's degree,Desktop/embedded developer,20-99,Fully remote,4,1,4,1,0,9,42900.0
United Kingdom,25-34 years old,Some college,Full-stack developer,100-499,Hybrid,13,11,3,0,0,6,81700.0
United States,25-34 years old,Some college,Full-stack developer,20-99,Hybrid,3,1,7,1,1,6,130700.0
United States,25-34 years old,Bachelor's degree,Back-end developer,2-9 employees,Hybrid,13,11,3,1,1,8,139000.0
India,25-34 years old,Bachelor's degree,Full-stack developer,"10,000 or more",Hybrid,9,7,3,1,1,7,36900.0
United States,25-34 years old,High school/GED,DevOps/SRE/platform engineer,"1,000-4,999",Hybrid,6,6,3,1,1,8,108600.0
United States,35-44 years old,"Professional degree (JD, MD, etc.)",DevOps/SRE/platform engineer,20-99,In-person,9,9,10,0,1,4,236800.0
France,18-24 years old,Bachelor's degree,Front-end developer,"10,000 or more",Hybrid,7,3,3,1,0,5,92900.0
United States,35-44 years old,Bachelor's degree,Full-stack developer,Just me,In-person,10,10,9,1,1,8,113100.0
Canada,35-44 years old,Master's degree,Full-stack developer,20-99,Hybrid,16,16,7,0,0,3,119500.0
Netherlands,35-44 years old,Bachelor's degree,Front-end developer,Just me,Fully remote,11,9,4,1,1,4,114300.0
United States,55-64 years old,Master's degree,Full-stack developer,10-19,Fully remote,30,28,5,1,0,6,174300.0
United States,18-24 years old,"Professional degree (JD, MD, etc.)",Desktop/embedded developer,10-19,Hybrid,3,0,7,1,1,4,153500.0
United States,25-34 years old,Some college,Full-stack developer,"5,000-9,999",In-person,4,2,6,1,0,10,98800.0
United Kingdom,45-54 years old,Master's degree,Desktop/embedded developer,"10,000 or more",In-person,25,22,4,1,1,5,139600.0
France,25-34 years old,Some college,DevOps/SRE/platform engineer,"10,000 or more",In-person,10,7,2,1,1,10,91500.0
Germany,35-44 years old,Bachelor's degree,Back-end developer,"1,000-4,999",Hybrid,16,16,6,0,0,9,148400.0
India,35-44 years old,Master's degree,DevOps/SRE/platform engineer,"1,000-4,999",Fully remote,9,7,4,1,1,6,43200.0
Germany,35-44 years old,"Professional degree (JD, MD, etc.)",Data scientist/ML engineer,100-499,In-person,15,15,4,1,1,7,179800.0
Netherlands,55-64 years old,Master's degree,Desktop/embedded developer,100-499,Hybrid,38,36,3,1,0,6,140500.0
United States,65 years or older,Some college,Back-end developer,"1,000-4,999",Hybrid,34,34,3,1,1,8,183800.0
Netherlands,35-44 years old,Bachelor's degree,Full-stack developer,"10,000 or more",In-person,18,18,4,0,1,6,184800.0
France,25-34 years old,Bachelor's degree,DevOps/SRE/platform engineer,Just me,Fully remote,4,4,4,1,0,7,83500.0
India,45-54 years old,Bachelor's degree,Front-end developer,20-99,Hybrid,20,16,10,1,1,8,35600.0
United Kingdom,18-24 years old,"Other doctoral degree (Ph.D, Ed.D, etc.)",Data scientist/ML engineer,20-99,Fully remote,1,1,2,1,1,6,90700.0
United States,25-34 years old,Bachelor's degree,Front-end developer,100-499,Hybrid,9,8,2,1,1,8,128300.0
India,45-54 years old,Associate's degree,Full-stack developer,"1,000-4,999",In-person,18,17,3,0,1,6,
United States,25-34 years old,Some college,Engineer (other),100-499,Hybrid,4,3,1,1,1,6,119000.0
United States,25-34 years old,Bachelor's degree,Full-stack developer,Just me,In-person,10,7,3,1,0,6,139200.0
India,18-24 years old,Master's degree,Mobile developer,100-499,Hybrid,2,2,3,1,1,10,36500.0
Brazil,45-54 years old,Bachelor's degree,Full-stack developer,500-999,Fully remote,23,22,7,0,0,7,55400.0
Ukraine,25-34 years old,Master's degree,Back-end developer,100-499,Fully remote,9,6,5,0,1,5,48600.0
France,35-44 years old,Some college,Back-end developer,"10,000 or more",Hybrid,14,13,1,1,1,7,108000.0
India,25-34 years old,Bachelor's degree,Mobile developer,100-499,Hybrid,6,4,5,1,1,7,29600.0
Italy,35-44 years old,Master's degree,DevOps/SRE/platform engineer,Just me,Hybrid,17,13,4,1,1,8,
India,35-44 years old,Some college,DevOps/SRE/platform engineer,20-99,In-person,9,9,4,0,1,10,37700.0
United States,25-34 years old,Bachelor's degree,Back-end developer,10-19,In-person,13,9,6,1,0,3,172600.0
Germany,25-34 years old,Master's degree,Full-stack developer,20-99,In-person,7,3,5,1,1,10,84600.0
Germany,25-34 years old,Bachelor's degree,Desktop/embedded developer,20-99,Hybrid,10,8,4,1,0,4,
India,55-64 years old,Bachelor's degree,Back-end developer,"1,000-4,999",Hybrid,29,27,3,0,1,5,40600.0
Brazil,35-44 years old,Master's degree,Data scientist/ML engineer,20-99,In-person,15,13,4,1,1,8,59300.0
United States,55-64 years old,"Other doctoral degree (Ph.D, Ed.D, etc.)",Data scientist/ML engineer,"10,000 or more",Fully remote,30,27,7,1,1,4,242700.0
United Kingdom,25-34 years old,Some college,Back-end developer,20-99,In-person,3,2,4,1,1,9,73900.0
Germany,35-44 years old,Master's degree,Data scientist/ML engineer,10-19,In-person,7,7,2,1,1,8,119900.0
Australia,35-44 years old,High school/GED,DevOps/SRE/platform engineer,10-19,Hybrid,11,9,3,1,1,9,63000.0
Ukraine,35-44 years old,High school/GED,Mobile developer,"10,000 or more",Fully remote,11,11,3,0,1,7,42400.0
France,55-64 years old,Bachelor's degree,Front-end developer,100-499,Fully remote,29,29,4,1,0,10,81300.0
India,25-34 years old,"Other doctoral degree (Ph.D, Ed.D, etc.)",Data scientist/ML engineer,100-499,Hybrid,8,8,2,1,1,7,37600.0
Brazil,18-24 years old,Bachelor's degree,Back-end developer,2-9 employees,In-person,2,0,4,1,0,6,30100.0
India,35-44 years old,Bachelor's degree,Full-stack developer,"1,000-4,999",Fully remote,11,9,6,1,1,10,56400.0
Sweden,35-44 years old,Some college,Full-stack developer,"1,000-4,999",Fully remote,9,8,6,1,1,3,
Australia,35-44 years old,"Professional degree (JD, MD, etc.)",Full-stack developer,100-499,Fully remote,15,13,1,1,1,7,130700.0
Germany,25-34 years old,Bachelor's degree,Full-stack developer,"1,000-4,999",Fully remote,11,9,3,1,0,8,78400.0
Netherlands,25-34 years old,Bachelor's degree,Full-stack developer,20-99,In-person,9,9,3,1,1,6,111200.0
India,25-34 years old,Master's degree,DevOps/SRE/platform engineer,2-9 employees,Fully remote,8,7,7,0,1,3,38800.0
United States,25-34 years old,Bachelor's degree,Front-end developer,"1,000-4,999",Fully remote,11,7,4,0,1,6,139400.0
Brazil,35-44 years old,Some college,Back-end developer,"10,000 or more",Hybrid,19,17,3,1,1,9,63200.0
India,35-44 years old,Bachelor's degree,Back-end developer,"1,000-4,999",Fully remote,15,13,4,0,1,7,27500.0
Ukraine,25-34 years old,"Professional degree (JD, MD, etc.)",Back-end developer,20-99,Hybrid,11,7,5,1,1,8,51500.0
India,25-34 years old,"Professional degree (JD, MD, etc.)",Full-stack developer,20-99,Hybrid,4,4,1,1,1,8,26800.0
Australia,25-34 years old,High school/GED,Full-stack developer,"10,000 or more",Hybrid,2,1,1,1,1,5,
France,25-34 years old,Bachelor's degree,DevOps/SRE/platform engineer,20-99,Fully remote,3,3,7,1,1,5,97500.0
Spain,35-44 years old,Some college,Data scientist/ML engineer,"5,000-9,999",Hybrid,15,12,6,1,1,8,46300.0
India,45-54 years old,Bachelor's degree,Front-end developer,"1,000-4,999",Hybrid,22,20,1,1,1,4,38800.0
Germany,25-34 years old,Master's degree,Back-end developer,500-999,Hybrid,14,11,2,1,1,7,97900.0
Australia,35-44 years old,Bachelor's degree,Full-stack developer,10-19,Hybrid,14,12,4,1,1,10,146800.0
France,45-54 years old,Master's degree,Back-end developer,2-9 employees,Hybrid,27,24,3,1,1,7,130600.0
India,45-54 years old,Master's degree,Front-end developer,100-499,Hybrid,23,19,3,1,0,9,32100.0
United Kingdom,25-34 years old,Master's degree,Data scientist/ML engineer,"10,000 or more",In-person,6,4,3,1,1,5,92800.0
Italy,55-64 years old,"Other doctoral degree (Ph.D, Ed.D, etc.)",Full-stack developer,20-99,Fully remote,26,24,5,1,1,2,
Poland,25-34 years old,Bachelor's degree,DevOps/SRE/platform engineer,100-499,Fully remote,6,3,3,1,0,6,54800.0
Canada,25-34 years old,Bachelor's degree,Back-end developer,"1,000-4,999",In-person,8,7,1,0,1,7,87300.0
Australia,18-24 years old,Master's degree,Back-end developer,100-499,Hybrid,5,2,4,1,1,8,149700.0
Germany,25-34 years old,Master's degree,Front-end developer,100-499,Hybrid,10,8,3,1,0,7,106800.0
Ukraine,18-24 years old,Associate's degree,Back-end developer,"1,000-4,999",Hybrid,4,2,4,1,0,6,30800.0
United Kingdom,25-34 years old,Master's degree,Front-end developer,"5,000-9,999",Hybrid,5,4,7,0,0,10,69800.0
India,25-34 years old,High school/GED,Full-stack developer,20-99,Hybrid,11,11,3,1,1,8,23300.0
United States,35-44 years old,Less than high school,Back-end developer,"10,000 or more",Hybrid,13,12,2,0,1,10,168800.0
India,45-54 years old,Some college,Full-stack developer,100-499,In-person,23,23,2,1,1,4,32100.0
United Kingdom,25-34 years old,"Other doctoral degree (Ph.D, Ed.D, etc.)",Full-stack developer,"1,000-4,999",Hybrid,6,4,4,1,1,10,84600.0
Brazil,45-54 years old,Bachelor's degree,Full-stack developer,2-9 employees,Hybrid,26,22,3,0,1,8,62900.0
Spain,45-54 years old,High school/GED,Front-end developer,100-499,In-person,27,23,5,1,1,10,86600.0
Ukraine,35-44 years old,"Other doctoral degree (Ph.D, Ed.D, etc.)",Full-stack developer,Just me,Hybrid,16,13,3,1,1,7,43000.0
United States,25-34 years old,Master's degree,Full-stack developer,100-499,In-person,1,0,6,1,1,4,112000.0
Canada,35-44 years old,Master's degree,Front-end developer,2-9 employees,Hybrid,13,12,8,1,0,6,79100.0
France,55-64 years old,Associate's degree,Mobile developer,"10,000 or more",In-person,36,32,2,0,0,2,156800.0
United States,35-44 years old,Some college,Data scientist/ML engineer,"1,000-4,999",Hybrid,14,14,4,1,1,4,202300.0
United Kingdom,25-34 years old,Bachelor's degree,Mobile developer,"5,000-9,999",Fully remote,7,6,2,0,0,10,102100.0
India,25-34 years old,Master's degree,Front-end developer,100-499,Hybrid,0,0,5,1,1,9,19100.0
United States,35-44 years old,Master's degree,Back-end developer,"10,000 or more",Hybrid,10,10,10,1,1,9,160100.0
United States,25-34 years old,Master's degree,Data scientist/ML engineer,"10,000 or more",Hybrid,6,6,3,1,0,1,187600.0
Poland,18-24 years old,Master's degree,Full-stack developer,20-99,Fully remote,3,3,2,1,1,7,52300.0
Canada,25-34 years old,Associate's degree,Full-stack developer,100-499,Hybrid,12,9,3,0,1,8,79400.0
Brazil,35-44 years old,Master's degree,Back-end developer,100-499,In-person,15,12,8,1,1,5,42900.0
France,45-54 years old,Bachelor's degree,Full-stack developer,2-9 employees,Fully remote,25,21,4,1,1,6,
United States,18-24 years old,High school/GED,Desktop/embedded developer,"10,000 or more",In-person,5,2,2,1,1,4,98900.0
United States,55-64 years old,Associate's degree,Front-end developer,20-99,Fully remote,26,25,3,1,1,8,148600.0
India,25-34 years old,Master's degree,Full-stack developer,100-499,Hybrid,3,0,1,1,1,8,26800.0
India,35-44 years old,Master's degree,Mobile developer,"5,000-9,999",In-person,14,13,3,0,1,5,43100.0
Ukraine,35-44 years old,Bachelor's degree,Front-end developer,20-99,Fully remote,14,13,1,1,0,7,28200.0
France,35-44 years old,Associate's degree,Back-end developer,20-99,In-person,10,10,2,1,0,7,106000.0
India,55-64 years old,High school/GED,Mobile developer,10-19,In-person,27,23,6,1,1,8,27000.0
United States,25-34 years old,"Other doctoral degree (Ph.D, Ed.D, etc.)",Full-stack developer,100-499,Hybrid,7,7,5,1,1,8,183400.0
France,45-54 years old,Master's degree,Data scientist/ML engineer,Just me,Hybrid,19,19,3,0,1,2,77600.0
Canada,18-24 years old,"Other doctoral degree (Ph.D, Ed.D, etc.)",Back-end developer,"1,000-4,999",In-person,6,3,5,0,0,4,110900.0
France,35-44 years old,Master's degree,Desktop/embedded developer,100-499,Hybrid,21,18,2,0,1,9,102700.0
India,35-44 years old,Bachelor's degree,Mobile developer,100-499,Fully remote,7,6,5,1,0,10,39700.0
United Kingdom,35-44 years old,Some college,Back-end developer,20-99,In-person,13,10,1,1,1,8,79100.0
India,25-34 years old,Bachelor's degree,Full-stack developer,10-19,Hybrid,7,4,1,1,1,6,33600.0
Australia,45-54 years old,High school/GED,Full-stack developer,"1,000-4,999",Fully remote,26,24,4,0,1,5,116700.0
United States,25-34 years old,Some college,Back-end developer,20-99,Fully remote,1,0,5,0,1,8,99100.0
India,18-24 years old,Bachelor's degree,Data scientist/ML engineer,"5,000-9,999",In-person,8,7,7,1,1,8,31600.0
Canada,35-44 years old,Master's degree,Full-stack developer,20-99,Fully remote,14,12,3,1,1,9,119900.0
United States,25-34 years old,Bachelor's degree,Back-end developer,500-999,Fully remote,6,5,5,1,1,9,189200.0
France,45-54 years old,Bachelor's degree,Data scientist/ML engineer,"1,000-4,999",Fully remote,23,19,6,1,0,5,136300.0
United States,25-34 years old,Bachelor's degree,Full-stack developer,100-499,Hybrid,8,4,7,1,1,9,116600.0
United States,25-34 years old,Some college,DevOps/SRE/platform engineer,"10,000 or more",In-person,10,8,6,1,1,5,150500.0
Spain,45-54 years old,Master's degree,Full-stack developer,100-499,In-person,20,17,6,1,1,8,67200.0
India,25-34 years old,Master's degree,Full-stack developer,"10,000 or more",Hybrid,10,6,6,0,1,4,29800.0
United States,25-34 years old,Associate's degree,Full-stack developer,10-19,In-person,6,4,3,1,1,6,125600.0
United States,35-44 years old,Bachelor's degree,Data/business analyst,20-99,Fully remote,14,10,7,1,1,3,109100.0
Russia,25-34 years old,Bachelor's degree,Back-end developer,10-19,In-person,13,13,4,1,1,5,43600.0
France,35-44 years old,High school/GED,Full-stack developer,500-999,Fully remote,15,13,1,1,1,6,113200.0
Sweden,25-34 years old,Bachelor's degree,Front-end developer,"1,000-4,999",In-person,8,7,4,1,1,8,71800.0
Netherlands,45-54 years old,"Other doctoral degree (Ph.D, Ed.D, etc.)",Desktop/embedded developer,100-499,Hybrid,27,23,6,1,1,8,172800.0
Poland,45-54 years old,Some college,Back-end developer,"1,000-4,999",Hybrid,17,16,4,1,1,7,51700.0
Germany,35-44 years old,Bachelor's degree,Data scientist/ML engineer,"10,000 or more",Hybrid,19,17,4,1,1,8,87900.0
Australia,18-24 years old,Master's degree,Full-stack developer,"5,000-9,999",Hybrid,4,0,3,0,1,7,110100.0
India,45-54 years old,Bachelor's degree,Full-stack developer,20-99,Hybrid,19,18,2,1,1,7,26600.0
Australia,35-44 years old,Bachelor's degree,Front-end developer,20-99,In-person,14,11,3,1,1,6,108000.0
Poland,35-44 years old,Master's degree,Full-stack developer,100-499,In-person,17,14,3,1,1,7,60000.0
France,25-34 years old,Bachelor's degree,Data/business analyst,20-99,Hybrid,6,6,5,1,1,4,101200.0
India,45-54 years old,Master's degree,Full-stack developer,20-99,In-person,21,19,2,1,1,7,54200.0
Canada,35-44 years old,Master's degree,Data scientist/ML engineer,20-99,In-person,13,12,5,1,0,4,157700.0
United Kingdom,18-24 years old,Master's degree,Full-stack developer,"10,000 or more",In-person,0,0,7,1,0,7,84800.0
Germany,25-34 years old,"Other doctoral degree (Ph.D, Ed.D, etc.)",DevOps/SRE/platform engineer,"5,000-9,999",Fully remote,3,1,2,0,1,8,118900.0
Italy,45-54 years old,Master's degree,Full-stack developer,"10,000 or more",Hybrid,25,22,2,0,1,6,117500.0
Germany,18-24 years old,Master's degree,Data/business analyst,"10,000 or more",In-person,5,4,3,1,1,5,68400.0
United States,55-64 years old,Master's degree,Full-stack developer,"1,000-4,999",In-person,37,33,6,0,1,8,156600.0
Canada,35-44 years old,"Professional degree (JD, MD, etc.)",Data scientist/ML engineer,10-19,Hybrid,13,10,6,1,0,9,143700.0
Brazil,35-44 years old,"Other doctoral degree (Ph.D, Ed.D, etc.)",Back-end developer,"5,000-9,999",Hybrid,18,14,3,0,1,7,60300.0
Russia,25-34 years old,Master's degree,Back-end developer,Just me,Fully remote,8,4,3,1,1,7,63300.0
Canada,25-34 years old,Associate's degree,Full-stack developer,2-9 employees,Fully remote,10,9,3,1,1,6,116800.0
United States,55-64 years old,Master's degree,DevOps/SRE/platform engineer,Just me,Hybrid,32,31,2,1,1,7,186000.0
United States,25-34 years old,High school/GED,Full-stack developer,10-19,Hybrid,10,6,7,0,1,7,114800.0
United States,35-44 years old,Bachelor's degree,Data scientist/ML engineer,"5,000-9,999",Hybrid,11,11,6,1,1,8,184300.0
United States,25-34 years old,Some college,Back-end developer,"10,000 or more",Hybrid,12,8,2,1,1,5,92800.0
Netherlands,18-24 years old,"Other doctoral degree (Ph.D, Ed.D, etc.)",Security professional,20-99,In-person,7,3,1,0,1,7,97500.0
India,18-24 years old,Bachelor's degree,Front-end developer,2-9 employees,Hybrid,1,0,3,1,1,6,21800.0
India,25-34 years old,Master's degree,Full-stack developer,20-99,Hybrid,3,1,8,1,1,3,
Poland,55-64 years old,Bachelor's degree,Back-end developer,"1,000-4,999",Hybrid,30,27,4,0,1,6,
India,25-34 years old,Some college,Full-stack developer,20-99,In-person,11,10,2,1,1,10,29100.0
United States,25-34 years old,Bachelor's degree,Full-stack developer,"10,000 or more",Fully remote,8,8,5,1,0,7,
Canada,25-34 years old,Master's degree,Back-end developer,10-19,Fully remote,5,2,5,1,1,7,76900.0
United States,25-34 years old,Master's degree,DevOps/SRE/platform engineer,"10,000 or more",Hybrid,2,1,3,0,1,8,130900.0
United Kingdom,25-34 years old,High school/GED,DevOps/SRE/platform engineer,Just me,In-person,10,9,3,1,1,10,112100.0
Netherlands,45-54 years old,Bachelor's degree,Full-stack developer,100-499,Hybrid,19,17,5,0,1,6,
Ukraine,25-34 years old,Master's degree,Front-end developer,20-99,Fully remote,7,7,3,1,0,7,25900.0
United States,25-34 years old,High school/GED,Full-stack developer,500-999,Hybrid,3,3,6,1,1,10,102400.0
India,18-24 years old,Associate's degree,Back-end developer,2-9 employees,In-person,7,6,1,1,1,6,
France,65 years or older,Associate's degree,Full-stack developer,"10,000 or more",Hybrid,35,33,3,1,0,8,107700.0
India,25-34 years old,Master's degree,Data scientist/ML engineer,10-19,Fully remote,9,8,7,1,1,6,39000.0
Germany,18-24 years old,Bachelor's degree,Data/business analyst,500-999,Hybrid,6,2,3,1,1,5,98800.0
United States,35-44 years old,Bachelor's degree,Full-stack developer,2-9 employees,In-person,17,13,3,1,1,10,
Brazil,35-44 years old,"Other doctoral degree (Ph.D, Ed.D, etc.)",Back-end developer,20-99,Fully remote,8,6,6,1,1,8,46600.0
Russia,25-34 years old,Master's degree,Full-stack developer,10-19,Hybrid,1,0,3,0,0,9,27500.0
Italy,25-34 years old,Bachelor's degree,Mobile developer,"10,000 or more",Hybrid,6,4,7,1,1,3,77200.0
Australia,35-44 years old,Bachelor's degree,Full-stack developer,Just me,Hybrid,14,13,1,1,1,8,
United States,25-34 years old,Associate's degree,Front-end developer,20-99,Fully remote,3,2,4,1,0,8,101600.0
France,45-54 years old,High school/GED,DevOps/SRE/platform engineer,20-99,In-person,21,17,3,0,1,7,138100.0
Germany,35-44 years old,Bachelor's degree,Full-stack developer,"1,000-4,999",Hybrid,17,14,5,0,0,4,116400.0
Ukraine,25-34 years old,Bachelor's degree,Front-end developer,2-9 employees,Fully remote,7,7,2,1,1,6,36300.0
Russia,25-34 years old,Bachelor's degree,Full-stack developer,"5,000-9,999",Hybrid,5,5,1,0,1,7,59300.0
Italy,25-34 years old,"Other doctoral degree (Ph.D, Ed.D, etc.)",DevOps/SRE/platform engineer,100-499,In-person,9,7,5,1,0,8,116100.0
Spain,35-44 years old,"Other doctoral degree (Ph.D, Ed.D, etc.)",Full-stack developer,100-499,Hybrid,8,8,3,1,1,3,61900.0
United Kingdom,25-34 years old,High school/GED,Engineer (other),20-99,In-person,8,4,6,0,0,6,70800.0
Brazil,25-34 years old,Bachelor's degree,Mobile developer,100-499,Hybrid,13,10,2,1,1,6,57200.0
Sweden,35-44 years old,High school/GED,Data scientist/ML engineer,20-99,Hybrid,13,12,6,1,1,8,
United Kingdom,65 years or older,Master's degree,Back-end developer,20-99,In-person,36,35,4,0,0,2,157600.0
Australia,25-34 years old,Some college,Data scientist/ML engineer,10-19,Hybrid,16,12,7,1,0,8,
Ukraine,45-54 years old,"Other doctoral degree (Ph.D, Ed.D, etc.)",Full-stack developer,"1,000-4,999",Fully remote,16,16,4,1,1,8,46600.0
United Kingdom,25-34 years old,Master's degree,Back-end developer,10-19,Fully remote,8,7,5,1,0,8,147200.0
United States,18-24 years old,High school/GED,Full-stack developer,10-19,Hybrid,6,6,3,1,1,9,133500.0
United States,25-34 years old,Master's degree,Front-end developer,500-999,Hybrid,8,4,5,1,1,7,166300.0
United States,25-34 years old,Master's degree,Data scientist/ML engineer,20-99,In-person,9,8,3,0,0,3,191900.0
Germany,25-34 years old,Bachelor's degree,Data/business analyst,100-499,In-person,4,2,6,0,1,6,74000.0
Germany,18-24 years old,Bachelor's degree,Desktop/embedded developer,500-999,Hybrid,3,0,3,1,1,7,101100.0
Canada,45-54 years old,Master's degree,Data scientist/ML engineer,20-99,Fully remote,21,21,4,1,0,6,249000.0
Germany,45-54 years old,Master's degree,Mobile developer,20-99,Fully remote,22,22,5,1,0,8,169200.0
Sweden,35-44 years old,Master's degree,Mobile developer,20-99,Fully remote,15,15,1,1,0,2,113800.0
India,25-34 years old,Bachelor's degree,Back-end developer,100-499,Fully remote,10,10,6,1,1,3,53900.0
Spain,18-24 years old,Master's degree,Full-stack developer,"10,000 or more",In-person,5,1,5,1,1,1,77700.0
United States,18-24 years old,"Other doctoral degree (Ph.D, Ed.D, etc.)",Back-end developer,20-99,Fully remote,9,5,5,1,1,10,132900.0
Canada,35-44 years old,Bachelor's degree,Front-end developer,"1,000-4,999",Hybrid,15,11,3,1,1,5,104500.0
France,45-54 years old,Some college,Front-end developer,"1,000-4,999",Fully remote,27,23,1,1,1,8,95100.0
Netherlands,25-34 years old,Master's degree,Engineer (other),"5,000-9,999",Hybrid,7,6,1,1,1,9,108400.0
Germany,18-24 years old,"Other doctoral degree (Ph.D, Ed.D, etc.)",Mobile developer,"1,000-4,999",Hybrid,7,3,1,1,1,4,74900.0
United States,25-34 years old,Some college,Back-end developer,Just me,In-person,7,6,7,1,1,4,121600.0
India,25-34 years old,Bachelor's degree,Full-stack developer,20-99,In-person,2,0,5,1,0,6,
India,25-34 years old,High school/GED,Full-stack developer,"10,000 or more",Hybrid,6,2,6,1,1,7,20900.0
India,35-44 years old,Master's degree,Full-stack developer,100-499,Fully remote,14,12,3,1,1,7,37200.0
United Kingdom,35-44 years old,"Other doctoral degree (Ph.D, Ed.D, etc.)",Back-end developer,2-9 employees,In-person,11,7,3,1,1,6,147200.0
Canada,18-24 years old,Bachelor's degree,DevOps/SRE/platform engineer,20-99,In-person,6,4,8,1,0,7,92700.0
Spain,18-24 years old,Bachelor's degree,Back-end developer,20-99,In-person,7,4,1,0,1,8,76400.0
Russia,65 years or older,"Professional degree (JD, MD, etc.)",Front-end developer,"10,000 or more",In-person,38,36,1,1,1,8,64100.0
Germany,25-34 years old,Some college,Full-stack developer,500-999,Hybrid,3,2,6,0,0,2,
United States,18-24 years old,Master's degree,Back-end developer,500-999,In-person,6,6,4,1,0,7,147200.0
Netherlands,25-34 years old,Bachelor's degree,DevOps/SRE/platform engineer,20-99,In-person,13,11,3,1,1,8,127400.0
Germany,18-24 years old,Bachelor's degree,Data scientist/ML engineer,2-9 employees,Fully remote,2,2,6,1,1,4,113800.0
United Kingdom,25-34 years old,Bachelor's degree,Full-stack developer,2-9 employees,Fully remote,10,7,4,1,0,7,75100.0
Canada,35-44 years old,Bachelor's degree,DevOps/SRE/platform engineer,100-499,Hybrid,16,13,5,1,0,3,
France,25-34 years old,"Other doctoral degree (Ph.D, Ed.D, etc.)",Full-stack developer,10-19,Fully remote,8,7,6,1,1,8,
Russia,25-34 years old,"Other doctoral degree (Ph.D, Ed.D, etc.)",Desktop/embedded developer,2-9 employees,Hybrid,6,5,3,1,0,7,43300.0
Sweden,35-44 years old,Master's degree,Full-stack developer,20-99,Fully remote,14,12,1,1,0,5,102200.0
Ukraine,25-34 years old,Associate's degree,Desktop/embedded developer,"1,000-4,999",Hybrid,12,8,4,1,1,9,39200.0
Australia,45-54 years old,Bachelor's degree,Full-stack developer,2-9 employees,In-person,30,27,5,1,1,9,129200.0
Russia,45-54 years old,Bachelor's degree,Front-end developer,100-499,Hybrid,16,16,3,1,1,8,49800.0
United States,18-24 years old,"Professional degree (JD, MD, etc.)",Front-end developer,"10,000 or more",Fully remote,5,1,6,0,1,7,197000.0
Spain,35-44 years old,Bachelor's degree,Full-stack developer,20-99,In-person,11,8,3,1,0,5,77900.0
United States,25-34 years old,"Other doctoral degree (Ph.D, Ed.D, etc.)",Mobile developer,20-99,In-person,12,10,5,1,0,8,150200.0
Poland,65 years or older,"Other doctoral degree (Ph.D, Ed.D, etc.)",Full-stack developer,"10,000 or more",Fully remote,36,33,4,1,0,5,59600.0
United States,25-34 years old,Bachelor's degree,Mobile developer,"1,000-4,999",In-person,2,1,2,1,1,7,133000.0
India,65 years or older,Master's degree,Back-end developer,"5,000-9,999",Hybrid,37,37,6,0,1,6,50500.0
United States,35-44 years old,"Other doctoral degree (Ph.D, Ed.D, etc.)",Data scientist/ML engineer,20-99,Fully remote,17,17,6,1,1,4,178700.0
Germany,25-34 years old,Master's degree,Front-end developer,"10,000 or more",Fully remote,8,7,4,1,1,7,72300.0
India,25-34 years old,Master's degree,Full-stack developer,10-19,Fully remote,10,6,5,1,0,10,34800.0
United States,65 years or older,Master's degree,Back-end developer,"10,000 or more",Hybrid,37,36,3,1,1,7,181500.0
Australia,45-54 years old,High school/GED,Front-end developer,"10,000 or more",In-person,24,24,5,1,1,7,147000.0
Spain,18-24 years old,Master's degree,DevOps/SRE/platform engineer,500-999,Fully remote,2,0,6,1,1,6,
Netherlands,35-44 years old,Associate's degree,Data/business analyst,500-999,Hybrid,16,12,4,1,0,5,74700.0
Spain,25-34 years old,Some college,Full-stack developer,"5,000-9,999",Hybrid,7,4,3,0,1,5,
Poland,18-24 years old,Master's degree,Back-end developer,20-99,Fully remote,2,0,2,1,1,9,50200.0
Ukraine,25-34 years old,Master's degree,Desktop/embedded developer,100-499,Fully remote,8,4,2,1,1,10,30300.0
United Kingdom,25-34 years old,Bachelor's degree,Front-end developer,"10,000 or more",Hybrid,8,8,6,1,1,9,
Canada,35-44 years old,Bachelor's degree,Data/business analyst,2-9 employees,In-person,14,14,4,1,0,1,121500.0
Spain,25-34 years old,"Other doctoral degree (Ph.D, Ed.D, etc.)",Full-stack developer,"10,000 or more",In-person,9,7,9,1,1,7,89400.0
India,45-54 years old,Master's degree,Back-end developer,"1,000-4,999",Hybrid,24,20,6,1,1,7,
United States,18-24 years old,High school/GED,Desktop/embedded developer,"5,000-9,999",Hybrid,6,3,3,0,1,8,162500.0
Poland,25-34 years old,"Other doctoral degree (Ph.D, Ed.D, etc.)",Full-stack developer,2-9 employees,In-person,6,3,1,0,1,8,43000.0
India,25-34 years old,Bachelor's degree,Data scientist/ML engineer,10-19,Hybrid,5,4,9,1,1,6,31400.0
Germany,25-34 years old,Master's degree,Full-stack developer,"10,000 or more",Hybrid,8,6,2,1,1,5,92500.0
United States,18-24 years old,Master's degree,Back-end developer,10-19,Hybrid,6,2,6,1,1,3,
Australia,25-34 years old,"Professional degree (JD, MD, etc.)",Desktop/embedded developer,"1,000-4,999",In-person,8,6,2,1,1,7,72900.0
Sweden,25-34 years old,Master's degree,Full-stack developer,"5,000-9,999",Hybrid,8,5,2,1,1,5,101900.0
United States,25-34 years old,Bachelor's degree,Full-stack developer,20-99,In-person,8,4,3,0,1,10,129800.0
United States,25-34 years old,Master's degree,Data/business analyst,"1,000-4,999",Hybrid,14,14,5,1,1,2,191800.0
United States,25-34 years old,Bachelor's degree,Mobile developer,2-9 employees,Hybrid,8,8,4,1,1,10,241300.0
France,45-54 years old,Bachelor's degree,Mobile developer,100-499,Hybrid,25,21,3,1,1,7,108400.0
Germany,45-54 years old,Bachelor's degree,Engineer (other),20-99,Hybrid,21,19,6,0,1,7,107500.0
Germany,25-34 years old,Bachelor's degree,Full-stack developer,"1,000-4,999",In-person,6,4,1,1,0,7,89200.0
United States,25-34 years old,Bachelor's degree,Full-stack developer,"10,000 or more",Fully remote,5,5,6,1,0,8,143200.0
India,18-24 years old,Associate's degree,Full-stack developer,10-19,In-person,2,2,3,1,0,3,26800.0
India,55-64 years old,Bachelor's degree,Mobile developer,100-499,Hybrid,25,22,1,0,1,9,40800.0
Canada,18-24 years old,Master's degree,Data scientist/ML engineer,100-499,In-person,4,0,3,1,0,8,119800.0
United States,25-34 years old,Bachelor's degree,Front-end developer,20-99,In-person,5,3,3,1,1,9,151200.0
Canada,25-34 years old,"Other doctoral degree (Ph.D, Ed.D, etc.)",Mobile developer,100-499,Hybrid,9,6,4,1,1,7,
India,25-34 years old,High school/GED,Front-end developer,"10,000 or more",Fully remote,6,4,6,1,1,8,24600.0
India,25-34 years old,Bachelor's degree,Full-stack developer,"10,000 or more",In-person,9,9,3,0,1,7,39800.0
India,35-44 years old,Bachelor's degree,Full-stack developer,Just me,Fully remote,12,8,3,1,1,4,40200.0
France,18-24 years old,High school/GED,Full-stack developer,"1,000-4,999",Fully remote,1,0,3,1,1,5,76900.0
United Kingdom,35-44 years old,Associate's degree,Back-end developer,500-999,Hybrid,21,17,4,1,1,5,158900.0
Spain,18-24 years old,"Professional degree (JD, MD, etc.)",Back-end developer,"10,000 or more",Hybrid,3,2,4,1,1,4,125900.0
India,18-24 years old,Bachelor's degree,Data scientist/ML engineer,2-9 employees,Fully remote,7,4,3,0,1,5,62400.0
United States,45-54 years old,Bachelor's degree,Full-stack developer,"5,000-9,999",Hybrid,27,26,5,1,1,7,182400.0
United States,25-34 years old,Bachelor's degree,Data scientist/ML engineer,"10,000 or more",Hybrid,4,3,3,1,1,6,170900.0
India,45-54 years old,Master's degree,Back-end developer,"10,000 or more",Hybrid,23,20,8,1,1,6,
United States,25-34 years old,Bachelor's degree,Security professional,500-999,In-person,8,4,4,1,1,9,
United States,18-24 years old,Master's degree,Data scientist/ML engineer,20-99,In-person,3,0,3,1,1,8,
Germany,55-64 years old,Bachelor's degree,Data/business analyst,"1,000-4,999",Fully remote,27,27,4,1,1,1,105700.0
France,25-34 years old,Bachelor's degree,Back-end developer,20-99,Fully remote,8,8,4,1,0,7,110000.0
Poland,45-54 years old,Some college,Full-stack developer,100-499,Hybrid,23,22,4,0,1,8,
India,25-34 years old,Master's degree,Back-end developer,100-499,Hybrid,10,7,8,0,1,2,28200.0
Germany,45-54 years old,Master's degree,Full-stack developer,20-99,Fully remote,22,19,1,0,1,3,
Poland,18-24 years old,Bachelor's degree,Back-end developer,20-99,Hybrid,3,0,5,0,0,5,59200.0
India,25-34 years old,High school/GED,Full-stack developer,Just me,Hybrid,13,9,2,1,1,7,25600.0
Netherlands,35-44 years old,Bachelor's degree,Back-end developer,20-99,Hybrid,13,11,6,1,1,10,118700.0
Sweden,55-64 years old,Associate's degree,Data/business analyst,100-499,In-person,31,29,2,0,1,7,
Russia,45-54 years old,Bachelor's degree,Full-stack developer,10-19,In-person,22,20,5,1,0,10,41700.0
Germany,35-44 years old,Master's degree,Security professional,"5,000-9,999",Fully remote,20,16,3,1,1,10,175600.0
Canada,45-54 years old,Master's degree,Full-stack developer,100-499,Fully remote,26,23,2,1,1,8,125600.0
Brazil,25-34 years old,Bachelor's degree,Full-stack developer,"5,000-9,999",Hybrid,3,1,4,1,1,7,47800.0
India,25-34 years old,"Other doctoral degree (Ph.D, Ed.D, etc.)",Front-end developer,10-19,Hybrid,4,1,2,0,1,8,
Netherlands,25-34 years old,"Professional degree (JD, MD, etc.)",DevOps/SRE/platform engineer,"10,000 or more",Fully remote,8,7,3,1,1,8,121900.0
Germany,25-34 years old,Bachelor's degree,Data scientist/ML engineer,"10,000 or more",Fully remote,7,5,8,1,1,10,131700.0
Spain,25-34 years old,Bachelor's degree,Data scientist/ML engineer,20-99,In-person,5,4,6,1,1,8,124700.0
India,25-34 years old,"Professional degree (JD, MD, etc.)",Full-stack developer,20-99,Hybrid,12,8,7,1,1,6,34500.0
United States,25-34 years old,Master's degree,Full-stack developer,"1,000-4,999",In-person,6,6,4,1,1,7,244700.0
Canada,35-44 years old,Bachelor's degree,Full-stack developer,"1,000-4,999",Fully remote,16,12,3,0,1,2,108700.0
Germany,25-34 years old,Master's degree,Back-end developer,2-9 employees,Fully remote,11,7,2,1,1,1,109800.0
United States,25-34 years old,Bachelor's degree,Engineer (other),"10,000 or more",In-person,8,4,3,1,1,5,261500.0
Germany,25-34 years old,Master's degree,Mobile developer,100-499,Fully remote,12,10,4,1,0,9,113200.0
United States,35-44 years old,Bachelor's degree,Full-stack developer,"5,000-9,999",Fully remote,11,10,7,1,1,6,156300.0
Canada,35-44 years old,Bachelor's degree,Data scientist/ML engineer,20-99,Hybrid,16,14,6,0,1,3,155700.0
Germany,35-44 years old,High school/GED,Front-end developer,20-99,Hybrid,16,16,3,1,1,6,94800.0
United States,25-34 years old,Bachelor's degree,Full-stack developer,2-9 employees,Hybrid,5,1,3,1,1,5,
India,25-34 years old,Bachelor's degree,Back-end developer,20-99,Fully remote,7,4,4,0,0,10,30100.0
United States,18-24 years old,Bachelor's degree,Back-end developer,"10,000 or more",Hybrid,5,5,7,1,0,10,141800.0
France,25-34 years old,Master's degree,Desktop/embedded developer,"1,000-4,999",Hybrid,9,8,3,0,0,8,95800.0
India,25-34 years old,Bachelor's degree,Full-stack developer,"5,000-9,999",Fully remote,4,4,5,0,1,9,27200.0
Australia,18-24 years old,Some college,Mobile developer,"10,000 or more",Hybrid,2,0,6,1,1,5,117600.0
United States,25-34 years old,Bachelor's degree,Back-end developer,2-9 employees,In-person,11,8,3,1,0,7,153200.0
India,55-64 years old,Bachelor's degree,Full-stack developer,10-19,In-person,34,32,4,1,1,10,47700.0
Canada,55-64 years old,Some college,Back-end developer,"10,000 or more",In-person,29,25,3,1,1,6,153200.0
United States,25-34 years old,Less than high school,Data scientist/ML engineer,500-999,Hybrid,5,1,3,1,1,10,125800.0
United States,18-24 years old,"Professional degree (JD, MD, etc.)",Front-end developer,"1,000-4,999",In-person,2,2,6,0,1,4,107000.0
India,25-34 years old,High school/GED,Data scientist/ML engineer,100-499,Fully remote,11,7,4,1,1,7,40000.0
United States,25-34 years old,Master's degree,Full-stack developer,"5,000-9,999",Fully remote,8,4,4,1,1,8,
United Kingdom,55-64 years old,Bachelor's degree,Back-end developer,100-499,Fully remote,31,30,2,1,0,7,127000.0
Canada,25-34 years old,Master's degree,Back-end developer,"10,000 or more",Fully remote,4,3,6,1,1,5,88100.0
United States,35-44 years old,Some college,Full-stack developer,"10,000 or more",Hybrid,8,6,4,1,1,9,145500.0
United Kingdom,18-24 years old,Master's degree,Desktop/embedded developer,"1,000-4,999",Hybrid,2,0,2,0,0,4,63000.0
Italy,65 years or older,Some college,Back-end developer,100-499,Hybrid,36,35,2,1,1,6,57000.0
Russia,25-34 years old,Bachelor's degree,Back-end developer,20-99,In-person,4,4,5,0,1,5,40000.0
United States,35-44 years old,Bachelor's degree,Full-stack developer,20-99,Fully remote,10,9,6,1,1,7,166600.0
United States,25-34 years old,Master's degree,Back-end developer,"1,000-4,999",Hybrid,2,0,2,1,1,6,121100.0
Germany,35-44 years old,Master's degree,Data scientist/ML engineer,2-9 employees,In-person,13,10,2,1,1,4,116200.0
India,25-34 years old,Bachelor's degree,DevOps/SRE/platform engineer,"10,000 or more",In-person,12,8,6,1,1,8,47300.0
United States,25-34 years old,Bachelor's degree,Data scientist/ML engineer,"1,000-4,999",Hybrid,12,9,6,1,0,4,224000.0
India,55-64 years old,Master's degree,Front-end developer,"10,000 or more",In-person,35,32,6,1,1,7,46700.0
United States,45-54 years old,Master's degree,Full-stack developer,20-99,In-person,22,18,3,1,1,9,241800.0
United Kingdom,45-54 years old,Bachelor's degree,Data scientist/ML engineer,"10,000 or more",Hybrid,18,17,6,1,1,7,150100.0
Germany,35-44 years old,"Professional degree (JD, MD, etc.)",Full-stack developer,500-999,Fully remote,13,13,5,1,1,9,100000.0
United States,35-44 years old,Bachelor's degree,Data scientist/ML engineer,"5,000-9,999",Fully remote,17,14,1,1,1,6,
Germany,18-24 years old,Some college,Data scientist/ML engineer,10-19,Hybrid,3,3,4,1,0,10,88000.0
United Kingdom,25-34 years old,Some college,Desktop/embedded developer,100-499,Hybrid,2,0,5,0,0,1,
Canada,25-34 years old,Master's degree,Full-stack developer,500-999,Fully remote,5,2,3,0,1,8,
Sweden,35-44 years old,Bachelor's degree,Security professional,100-499,Fully remote,14,12,3,1,1,8,115200.0
Italy,25-34 years old,Some college,Data scientist/ML engineer,20-99,Hybrid,7,6,5,1,1,7,75700.0
United Kingdom,25-34 years old,Bachelor's degree,Data scientist/ML engineer,"10,000 or more",Fully remote,10,7,5,1,1,5,
Spain,35-44 years old,Bachelor's degree,Full-stack developer,2-9 employees,Hybrid,14,12,4,1,1,7,79900.0
United States,35-44 years old,Some college,Back-end developer,10-19,In-person,15,13,7,1,1,7,205500.0
United Kingdom,25-34 years old,Less than high school,Full-stack developer,20-99,Fully remote,6,5,3,1,1,4,
France,18-24 years old,"Professional degree (JD, MD, etc.)",Back-end developer,"10,000 or more",Hybrid,4,4,6,0,1,9,88200.0
United Kingdom,25-34 years old,Bachelor's degree,Front-end developer,500-999,Hybrid,6,6,5,1,1,7,80300.0
United States,25-34 years old,Associate's degree,DevOps/SRE/platform engineer,100-499,Hybrid,8,5,2,1,1,3,101200.0
United States,25-34 years old,Master's degree,Full-stack developer,100-499,In-person,5,4,5,1,0,6,
India,35-44 years old,Master's degree,Front-end developer,"10,000 or more",In-person,15,12,5,1,1,5,
France,35-44 years old,Master's degree,Full-stack developer,Just me,In-person,13,13,1,1,1,4,
Italy,35-44 years old,Bachelor's degree,Back-end developer,Just me,In-person,14,13,1,1,1,10,77100.0
United States,25-34 years old,Master's degree,Data/business analyst,2-9 employees,In-person,10,6,4,1,1,8,254200.0
Ukraine,45-54 years old,Bachelor's degree,Data scientist/ML engineer,100-499,Hybrid,25,24,1,1,1,5,
United States,25-34 years old,Bachelor's degree,Front-end developer,500-999,Fully remote,7,6,4,1,1,8,
Ukraine,25-34 years old,Bachelor's degree,Full-stack developer,"1,000-4,999",Fully remote,7,3,5,1,0,9,31100.0
Australia,35-44 years old,Master's degree,Back-end developer,"1,000-4,999",In-person,17,15,5,1,1,6,188200.0
United States,25-34 years old,Bachelor's degree,Full-stack developer,10-19,Fully remote,3,1,3,0,1,10,128000.0
India,18-24 years old,"Professional degree (JD, MD, etc.)",Back-end developer,20-99,Hybrid,2,0,5,0,1,9,23000.0
United States,45-54 years old,Bachelor's degree,Full-stack developer,20-99,Hybrid,21,21,1,1,1,8,
Italy,25-34 years old,Master's degree,Data scientist/ML engineer,10-19,In-person,8,7,9,1,1,8,84000.0
Germany,35-44 years old,Bachelor's degree,Full-stack developer,20-99,Hybrid,12,8,4,1,0,2,86000.0
France,18-24 years old,Bachelor's degree,Full-stack developer,500-999,Fully remote,0,0,2,1,1,1,90900.0
United States,35-44 years old,Bachelor's degree,Desktop/embedded developer,20-99,Hybrid,14,10,4,1,1,4,158700.0
Ukraine,25-34 years old,High school/GED,Mobile developer,"5,000-9,999",In-person,4,4,2,0,1,9,29800.0
India,18-24 years old,Bachelor's degree,Data/business analyst,100-499,Hybrid,4,4,2,1,1,5,17600.0
India,35-44 years old,Master's degree,DevOps/SRE/platform engineer,20-99,In-person,14,14,5,1,1,8,33500.0
India,25-34 years old,Master's degree,Full-stack developer,100-499,Hybrid,9,5,3,1,1,10,36300.0
Germany,25-34 years old,Some college,Full-stack developer,500-999,Fully remote,6,3,9,1,1,10,72000.0
United States,18-24 years old,Bachelor's degree,DevOps/SRE/platform engineer,"10,000 or more",Fully remote,0,0,3,1,1,6,184700.0
Canada,25-34 years old,Some college,DevOps/SRE/platform engineer,"10,000 or more",Fully remote,11,9,3,1,1,8,77300.0
United States,25-34 years old,Master's degree,Front-end developer,100-499,Fully remote,8,7,2,1,1,8,135100.0
United Kingdom,18-24 years old,Some college,Back-end developer,"1,000-4,999",In-person,3,0,1,1,0,7,71400.0
Germany,45-54 years old,Master's degree,Full-stack developer,20-99,In-person,25,22,2,1,0,7,
India,18-24 years old,Bachelor's degree,DevOps/SRE/platform engineer,"1,000-4,999",Hybrid,5,1,3,1,0,5,38100.0
India,25-34 years old,Bachelor's degree,Full-stack developer,"10,000 or more",In-person,7,4,7,0,0,8,38600.0
Brazil,18-24 years old,Bachelor's degree,Desktop/embedded developer,"1,000-4,999",Fully remote,7,3,3,1,1,5,
United States,25-34 years old,Bachelor's degree,Data/business analyst,20-99,In-person,7,3,3,1,1,5,108700.0
India,45-54 years old,Master's degree,Desktop/embedded developer,"1,000-4,999",Hybrid,21,19,2,1,0,5,37600.0
France,25-34 years old,Master's degree,Full-stack developer,"10,000 or more",Hybrid,5,5,6,1,1,2,
United States,55-64 years old,Master's degree,Full-stack developer,10-19,Hybrid,30,27,6,1,1,9,241600.0
United Kingdom,25-34 years old,Master's degree,Full-stack developer,100-499,Hybrid,7,7,3,0,0,9,78100.0
United States,35-44 years old,Some college,Desktop/embedded developer,20-99,Fully remote,18,18,5,1,0,8,155600.0
United States,25-34 years old,Some college,Back-end developer,20-99,In-person,3,3,3,1,0,10,125300.0
Netherlands,45-54 years old,Master's degree,Full-stack developer,100-499,Hybrid,19,15,1,1,0,8,123000.0
India,25-34 years old,Master's degree,Full-stack developer,100-499,In-person,0,0,6,0,1,8,36700.0
India,25-34 years old,Master's degree,Full-stack developer,20-99,In-person,8,5,1,1,0,9,31500.0
Brazil,25-34 years old,Bachelor's degree,Engineer (other),100-499,In-person,7,3,6,1,1,4,48200.0
United States,25-34 years old,Bachelor's degree,DevOps/SRE/platform engineer,"1,000-4,999",Hybrid,9,6,9,1,0,6,130000.0
United Kingdom,45-54 years old,Associate's degree,Back-end developer,Just me,Hybrid,24,20,5,1,1,8,102700.0
Ukraine,25-34 years old,Master's degree,Data/business analyst,"10,000 or more",In-person,1,0,3,1,1,5,28000.0
United Kingdom,25-34 years old,"Professional degree (JD, MD, etc.)",Desktop/embedded developer,20-99,Hybrid,1,0,2,0,1,5,80400.0
United States,35-44 years old,Bachelor's degree,Data scientist/ML engineer,"1,000-4,999",In-person,14,13,4,0,1,9,232400.0
Canada,25-34 years old,Bachelor's degree,Desktop/embedded developer,20-99,Hybrid,6,5,4,1,1,10,115900.0
United States,55-64 years old,Bachelor's degree,Data scientist/ML engineer,100-499,Hybrid,31,27,3,1,1,6,270400.0
India,35-44 years old,High school/GED,Full-stack developer,100-499,Fully remote,7,7,4,1,1,5,22100.0
Spain,35-44 years old,Bachelor's degree,Front-end developer,500-999,Hybrid,15,13,3,0,1,6,60000.0
United States,45-54 years old,"Other doctoral degree (Ph.D, Ed.D, etc.)",DevOps/SRE/platform engineer,"5,000-9,999",Hybrid,26,24,4,0,0,5,182100.0
United States,18-24 years old,Master's degree,Full-stack developer,"5,000-9,999",In-person,3,2,3,1,1,9,162400.0
India,25-34 years old,Master's degree,Full-stack developer,100-499,In-person,2,2,4,1,1,9,
Italy,25-34 years old,Bachelor's degree,Full-stack developer,2-9 employees,Fully remote,8,5,7,1,1,6,57700.0
India,25-34 years old,Bachelor's degree,Full-stack developer,500-999,Hybrid,1,1,6,1,1,7,
United States,35-44 years old,"Other doctoral degree (Ph.D, Ed.D, etc.)",Full-stack developer,100-499,Fully remote,18,15,5,1,0,3,176600.0
United Kingdom,45-54 years old,Bachelor's degree,Front-end developer,20-99,Fully remote,22,20,5,1,1,7,90800.0
United Kingdom,25-34 years old,"Professional degree (JD, MD, etc.)",Full-stack developer,Just me,Fully remote,0,0,2,1,0,1,
Germany,25-34 years old,Master's degree,Full-stack developer,20-99,Fully remote,4,4,2,0,1,8,
Ukraine,55-64 years old,Bachelor's degree,Mobile developer,20-99,Hybrid,31,29,3,1,1,4,28900.0
India,25-34 years old,Bachelor's degree,Desktop/embedded developer,100-499,In-person,4,4,2,1,0,9,32100.0
India,25-34 years old,Bachelor's degree,Full-stack developer,"5,000-9,999",In-person,7,4,7,1,0,8,24800.0
United States,25-34 years old,Some college,Back-end developer,100-499,Fully remote,1,1,1,1,1,10,116200.0
Brazil,45-54 years old,Bachelor's degree,Data scientist/ML engineer,"10,000 or more",In-person,25,22,3,0,0,10,49900.0
India,35-44 years old,Master's degree,Data scientist/ML engineer,20-99,In-person,11,10,4,0,1,4,52000.0
Netherlands,35-44 years old,Master's degree,Full-stack developer,20-99,Hybrid,6,6,5,1,0,7,121000.0
Sweden,35-44 years old,Bachelor's degree,Mobile developer,500-999,Hybrid,14,11,5,1,0,4,
United States,25-34 years old,Bachelor's degree,Data scientist/ML engineer,"10,000 or more",Hybrid,10,8,1,1,1,7,124600.0
Italy,25-34 years old,Bachelor's degree,DevOps/SRE/platform engineer,"1,000-4,999",Hybrid,5,4,2,1,0,7,105900.0
India,45-54 years old,Bachelor's degree,Full-stack developer,"1,000-4,999",Hybrid,25,25,4,0,1,8,
India,25-34 years old,Bachelor's degree,Full-stack developer,"5,000-9,999",Hybrid,9,6,3,1,1,10,34500.0
Netherlands,35-44 years old,Master's degree,Back-end developer,"1,000-4,999",Hybrid,13,13,2,1,1,7,90600.0
France,55-64 years old,Bachelor's degree,Full-stack developer,"5,000-9,999",In-person,31,28,5,1,1,9,
Netherlands,35-44 years old,Associate's degree,Full-stack developer,"10,000 or more",Fully remote,12,12,5,0,1,6,100700.0
Germany,35-44 years old,Bachelor's degree,Full-stack developer,Just me,Hybrid,12,11,4,1,0,3,75900.0
Ukraine,35-44 years old,Bachelor's degree,Data scientist/ML engineer,"10,000 or more",Hybrid,12,11,4,1,1,7,38700.0
Netherlands,45-54 years old,Bachelor's degree,Full-stack developer,20-99,Hybrid,22,22,3,1,1,9,173100.0
India,25-34 years old,Bachelor's degree,Full-stack developer,"10,000 or more",Hybrid,2,2,7,1,1,5,24500.0
Ukraine,18-24 years old,Bachelor's degree,Data/business analyst,20-99,Hybrid,4,0,4,1,1,5,26800.0
Sweden,25-34 years old,Master's degree,Full-stack developer,100-499,In-person,2,2,4,0,1,3,79600.0
India,35-44 years old,Master's degree,Front-end developer,"10,000 or more",In-person,18,18,5,0,1,10,45400.0
France,25-34 years old,Master's degree,Front-end developer,2-9 employees,In-person,8,7,1,1,1,6,104600.0
Australia,35-44 years old,Bachelor's degree,Data/business analyst,"1,000-4,999",Fully remote,13,13,5,0,1,5,131000.0
Australia,25-34 years old,Less than high school,Mobile developer,100-499,Hybrid,4,2,1,0,1,10,73700.0
United States,35-44 years old,Bachelor's degree,Back-end developer,Just me,In-person,14,14,5,1,1,9,222900.0
Canada,25-34 years old,Master's degree,Data/business analyst,"10,000 or more",Hybrid,9,5,5,1,1,9,79400.0
Sweden,35-44 years old,Bachelor's degree,Back-end developer,2-9 employees,In-person,16,13,1,1,0,10,104200.0
United States,25-34 years old,Bachelor's degree,Desktop/embedded developer,"5,000-9,999",Hybrid,3,2,3,1,0,9,
Netherlands,25-34 years old,Associate's degree,Full-stack developer,100-499,Fully remote,7,5,6,0,1,10,113400.0
United Kingdom,25-34 years old,"Professional degree (JD, MD, etc.)",Front-end developer,"5,000-9,999",Fully remote,7,4,7,1,1,8,58100.0
United States,35-44 years old,"Professional degree (JD, MD, etc.)",Front-end developer,"5,000-9,999",Hybrid,12,10,2,1,0,5,118700.0
United States,25-34 years old,Some college,Front-end developer,"1,000-4,999",Fully remote,8,7,5,1,1,4,88400.0
Poland,25-34 years old,Master's degree,Desktop/embedded developer,"10,000 or more",Fully remote,4,0,2,0,1,7,50700.0
India,55-64 years old,High school/GED,Full-stack developer,2-9 employees,Hybrid,31,30,6,0,1,6,32600.0
India,35-44 years old,Bachelor's degree,Back-end developer,"5,000-9,999",Fully remote,16,14,4,1,1,4,26900.0
Germany,55-64 years old,Some college,Data scientist/ML engineer,"1,000-4,999",Hybrid,27,25,3,1,0,8,149100.0
United Kingdom,25-34 years old,Some college,Full-stack developer,20-99,In-person,4,3,1,1,0,6,87200.0
United States,25-34 years old,Less than high school,Back-end developer,100-499,Fully remote,4,4,3,1,0,6,116000.0
France,45-54 years old,"Other doctoral degree (Ph.D, Ed.D, etc.)",Desktop/embedded developer,"1,000-4,999",In-person,22,21,4,1,1,7,87000.0
Brazil,25-34 years old,Master's degree,Mobile developer,"1,000-4,999",Hybrid,9,5,6,1,1,6,82900.0
United States,35-44 years old,High school/GED,Full-stack developer,10-19,Hybrid,14,13,7,1,0,9,166100.0
United Kingdom,25-34 years old,Bachelor's degree,Back-end developer,2-9 employees,Fully remote,13,10,5,1,0,10,128800.0
Canada,25-34 years old,Bachelor's degree,Full-stack developer,2-9 employees,In-person,3,3,2,1,0,6,74100.0
United States,18-24 years old,Bachelor's degree,Back-end developer,20-99,Hybrid,3,0,4,1,1,4,104600.0
Russia,25-34 years old,Master's degree,Full-stack developer,10-19,Hybrid,8,7,4,1,1,5,33800.0
Germany,18-24 years old,Some college,Front-end developer,100-499,Hybrid,7,7,2,0,1,8,73500.0
United States,18-24 years old,Bachelor's degree,Data scientist/ML engineer,100-499,Hybrid,6,3,4,1,1,3,138400.0
India,55-64 years old,Bachelor's degree,Full-stack developer,"10,000 or more",Hybrid,28,25,9,1,1,8,38700.0
Germany,25-34 years old,Associate's degree,Data scientist/ML engineer,"1,000-4,999",Fully remote,5,5,4,1,1,7,122600.0
United States,35-44 years old,Bachelor's degree,Back-end developer,20-99,In-person,9,9,7,1,1,2,188100.0
United States,45-54 years old,"Other doctoral degree (Ph.D, Ed.D, etc.)",Full-stack developer,2-9 employees,Fully remote,24,22,5,1,1,6,250700.0
United States,25-34 years old,Master's degree,Front-end developer,"1,000-4,999",Hybrid,1,1,5,1,1,5,
United Kingdom,25-34 years old,Some college,Back-end developer,"10,000 or more",Hybrid,5,4,3,1,1,4,82600.0
India,35-44 years old,Master's degree,Full-stack developer,"1,000-4,999",Fully remote,13,9,3,1,0,10,57600.0
Russia,35-44 years old,"Other doctoral degree (Ph.D, Ed.D, etc.)",Data scientist/ML engineer,"1,000-4,999",Fully remote,14,12,3,0,1,5,59300.0
United Kingdom,35-44 years old,Bachelor's degree,Data scientist/ML engineer,20-99,In-person,11,11,3,1,1,7,121000.0
Poland,35-44 years old,Bachelor's degree,Data scientist/ML engineer,100-499,Hybrid,17,13,2,0,1,7,59100.0
Brazil,55-64 years old,Some college,Back-end developer,"1,000-4,999",In-person,30,28,4,1,1,7,44600.0
United Kingdom,35-44 years old,Bachelor's degree,Full-stack developer,20-99,Hybrid,10,9,4,1,1,6,98300.0
Poland,25-34 years old,Master's degree,DevOps/SRE/platform engineer,100-499,Fully remote,11,7,3,1,0,5,69700.0
United Kingdom,35-44 years old,Bachelor's degree,Back-end developer,2-9 employees,In-person,12,12,1,1,1,7,141800.0
India,18-24 years old,Less than high school,Data scientist/ML engineer,100-499,Fully remote,0,0,8,1,0,8,19900.0
Germany,45-54 years old,Bachelor's degree,DevOps/SRE/platform engineer,500-999,Hybrid,28,27,5,1,0,9,104400.0
Australia,18-24 years old,Bachelor's degree,Data scientist/ML engineer,100-499,Hybrid,5,3,5,0,1,7,116400.0
United Kingdom,25-34 years old,Bachelor's degree,Back-end developer,100-499,Hybrid,9,5,3,1,1,7,78800.0
India,35-44 years old,Master's degree,Mobile developer,500-999,Hybrid,17,16,4,1,1,10,41700.0
United States,35-44 years old,High school/GED,Desktop/embedded developer,"10,000 or more",In-person,20,18,5,1,1,4,160700.0
